dataset,file_name,evaluation_scheme,evaluation_label,evaluation_point,life,current_cycle,observation_fraction,true_rul,predicted_rul,absolute_error,life_normalized_absolute_error_percent
"HUST","HUST_1-1.pkl","life_fraction","20%",0.20000000298023224,1542,308,0.19974060356616974,1234.0,397.2899475097656,836.7100830078125,54.26135428066229
"HUST","HUST_1-1.pkl","life_fraction","40%",0.4000000059604645,1542,617,0.4001297056674957,925.0,397.29034423828125,527.7096557617188,34.22241606755634
"HUST","HUST_1-1.pkl","life_fraction","60%",0.6000000238418579,1542,925,0.5998703241348267,617.0,397.29034423828125,219.70965576171875,14.248356404780724
"HUST","HUST_1-1.pkl","life_fraction","80%",0.800000011920929,1542,1234,0.8002594113349915,308.0,397.29034423828125,89.29034423828125,5.790554101055853
"HUST","HUST_1-1.pkl","absolute_cycle","20_cycles",20.0,1542,20,0.012970169074833393,1522.0,397.1900634765625,1124.8099365234375,72.9448726668896
"HUST","HUST_1-1.pkl","absolute_cycle","50_cycles",50.0,1542,50,0.032425422221422195,1492.0,397.2897644042969,1094.710205078125,70.99287970675259
"HUST","HUST_1-1.pkl","absolute_cycle","100_cycles",100.0,1542,100,0.06485084444284439,1442.0,397.2901306152344,1044.7098388671875,67.75031380461657
"HUST","HUST_1-1.pkl","absolute_cycle","200_cycles",200.0,1542,200,0.12970168888568878,1342.0,397.2899475097656,944.7100830078125,61.26524533124595
"HUST","HUST_1-1.pkl","absolute_cycle","500_cycles",500.0,1542,500,0.32425421476364136,1042.0,397.29034423828125,644.7096557617188,41.809964705688635
"HUST","HUST_1-2.pkl","life_fraction","20%",0.20000000298023224,2755,551,0.20000000298023224,2204.0,397.29034423828125,1806.709716796875,65.57930006522233
"HUST","HUST_1-2.pkl","life_fraction","40%",0.4000000059604645,2755,1102,0.4000000059604645,1653.0,397.2908935546875,1255.7091064453125,45.579277910900636
"HUST","HUST_1-2.pkl","life_fraction","60%",0.6000000238418579,2755,1653,0.6000000238418579,1102.0,397.29034423828125,704.7096557617188,25.579297849790155
"HUST","HUST_1-2.pkl","life_fraction","80%",0.800000011920929,2755,2204,0.800000011920929,551.0,397.2899475097656,153.71005249023438,5.579312250099251
"HUST","HUST_1-2.pkl","absolute_cycle","20_cycles",20.0,2755,20,0.007259528152644634,2735.0,397.1910095214844,2337.80908203125,84.85695397572596
"HUST","HUST_1-2.pkl","absolute_cycle","50_cycles",50.0,2755,50,0.018148820847272873,2705.0,397.29052734375,2307.70947265625,83.76440917082577
"HUST","HUST_1-2.pkl","absolute_cycle","100_cycles",100.0,2755,100,0.036297641694545746,2655.0,397.29071044921875,2257.709228515625,81.94951827642922
"HUST","HUST_1-2.pkl","absolute_cycle","200_cycles",200.0,2755,200,0.07259528338909149,2555.0,397.29052734375,2157.70947265625,78.31976307282214
"HUST","HUST_1-2.pkl","absolute_cycle","500_cycles",500.0,2755,500,0.18148820102214813,2255.0,397.29052734375,1857.70947265625,67.43047087681488
"HUST","HUST_1-3.pkl","life_fraction","20%",0.20000000298023224,1911,382,0.19989533722400665,1529.0,397.291259765625,1131.708740234375,59.22076087045395
"HUST","HUST_1-3.pkl","life_fraction","40%",0.4000000059604645,1911,764,0.3997906744480133,1147.0,397.2908935546875,749.7091064453125,39.231245758519755
"HUST","HUST_1-3.pkl","life_fraction","60%",0.6000000238418579,1911,1147,0.6002092957496643,764.0,397.29071044921875,366.70928955078125,19.18939244117118
"HUST","HUST_1-3.pkl","life_fraction","80%",0.800000011920929,1911,1529,0.8001046776771545,382.0,397.29034423828125,15.29034423828125,0.8001226707630168
"HUST","HUST_1-3.pkl","absolute_cycle","20_cycles",20.0,1911,20,0.010465724393725395,1891.0,397.1934814453125,1493.8065185546875,78.16883927549385
"HUST","HUST_1-3.pkl","absolute_cycle","50_cycles",50.0,1911,50,0.026164311915636063,1861.0,397.2914733886719,1463.70849609375,76.59385118229984
"HUST","HUST_1-3.pkl","absolute_cycle","100_cycles",100.0,1911,100,0.052328623831272125,1811.0,397.2916564941406,1413.7083740234375,73.97741360666863
"HUST","HUST_1-3.pkl","absolute_cycle","200_cycles",200.0,1911,200,0.10465724766254425,1711.0,397.291259765625,1313.708740234375,68.74457039426348
"HUST","HUST_1-3.pkl","absolute_cycle","500_cycles",500.0,1911,500,0.26164311170578003,1411.0,397.29107666015625,1013.7089233398438,53.045992848762104
"HUST","HUST_1-4.pkl","life_fraction","20%",0.20000000298023224,1549,310,0.20012912154197693,1239.0,397.2914733886719,841.70849609375,54.33883125201743
"HUST","HUST_1-4.pkl","life_fraction","40%",0.4000000059604645,1549,620,0.40025824308395386,929.0,397.291259765625,531.708740234375,34.32593545735152
"HUST","HUST_1-4.pkl","life_fraction","60%",0.6000000238418579,1549,929,0.5997417569160461,620.0,397.2908935546875,222.7091064453125,14.377605322486282
"HUST","HUST_1-4.pkl","life_fraction","80%",0.800000011920929,1549,1239,0.7998709082603455,310.0,397.29071044921875,87.29071044921875,5.635294412473773
"HUST","HUST_1-4.pkl","absolute_cycle","20_cycles",20.0,1549,20,0.012911556288599968,1529.0,397.19384765625,1131.80615234375,73.06689169423822
"HUST","HUST_1-4.pkl","absolute_cycle","50_cycles",50.0,1549,50,0.032278887927532196,1499.0,397.2918395996094,1101.7081298828125,71.1238302054753
"HUST","HUST_1-4.pkl","absolute_cycle","100_cycles",100.0,1549,100,0.06455777585506439,1449.0,397.2914733886719,1051.70849609375,67.8959648866204
"HUST","HUST_1-4.pkl","absolute_cycle","200_cycles",200.0,1549,200,0.12911555171012878,1349.0,397.2918395996094,951.7081298828125,61.44016332361604
"HUST","HUST_1-4.pkl","absolute_cycle","500_cycles",500.0,1549,500,0.32278889417648315,1049.0,397.29107666015625,651.7089233398438,42.07288078372135
"HUST","HUST_1-5.pkl","life_fraction","20%",0.20000000298023224,2033,407,0.2001967579126358,1626.0,397.2918395996094,1228.7081298828125,60.43817658056136
"HUST","HUST_1-5.pkl","life_fraction","40%",0.4000000059604645,2033,813,0.3999016284942627,1220.0,397.291259765625,822.708740234375,40.46771963769675
"HUST","HUST_1-5.pkl","life_fraction","60%",0.6000000238418579,2033,1220,0.6000983715057373,813.0,397.29071044921875,415.70928955078125,20.448071301071383
"HUST","HUST_1-5.pkl","life_fraction","80%",0.800000011920929,2033,1626,0.7998032569885254,407.0,397.2901306152344,9.709869384765625,0.47761285709619405
"HUST","HUST_1-5.pkl","absolute_cycle","20_cycles",20.0,2033,20,0.009837678633630276,2013.0,397.1946105957031,1615.805419921875,79.47886964691958
"HUST","HUST_1-5.pkl","absolute_cycle","50_cycles",50.0,2033,50,0.024594195187091827,1983.0,397.292236328125,1585.707763671875,77.99841434687039
"HUST","HUST_1-5.pkl","absolute_cycle","100_cycles",100.0,2033,100,0.049188390374183655,1933.0,397.2926025390625,1535.7073974609375,75.53897675656357
"HUST","HUST_1-5.pkl","absolute_cycle","200_cycles",200.0,2033,200,0.09837678074836731,1833.0,397.29205322265625,1435.7080078125,70.62016762481554
"HUST","HUST_1-5.pkl","absolute_cycle","500_cycles",500.0,2033,500,0.24594195187091827,1533.0,397.2918395996094,1135.7081298828125,55.86365616737887
"HUST","HUST_1-6.pkl","life_fraction","20%",0.20000000298023224,1179,236,0.200169637799263,943.0,397.2931823730469,545.706787109375,46.28556294396734
"HUST","HUST_1-6.pkl","life_fraction","40%",0.4000000059604645,1179,472,0.400339275598526,707.0,397.2933654785156,309.7066345214844,26.268586473408345
"HUST","HUST_1-6.pkl","life_fraction","60%",0.6000000238418579,1179,707,0.5996607542037964,472.0,397.2929992675781,74.70700073242188,6.336471648212203
"HUST","HUST_1-6.pkl","life_fraction","80%",0.800000011920929,1179,943,0.7998303771018982,236.0,397.2929992675781,161.29299926757812,13.680491880201707
"HUST","HUST_1-6.pkl","absolute_cycle","20_cycles",20.0,1179,20,0.016963528469204903,1159.0,397.19500732421875,761.8049926757812,64.61450319557093
"HUST","HUST_1-6.pkl","absolute_cycle","50_cycles",50.0,1179,50,0.04240882024168968,1129.0,397.2935485839844,731.7064208984375,62.061613307755515
"HUST","HUST_1-6.pkl","absolute_cycle","100_cycles",100.0,1179,100,0.08481764048337936,1079.0,397.2931823730469,681.706787109375,57.82076226542621
"HUST","HUST_1-6.pkl","absolute_cycle","200_cycles",200.0,1179,200,0.16963528096675873,979.0,397.2933654785156,581.7066650390625,49.33898770475509
"HUST","HUST_1-6.pkl","absolute_cycle","500_cycles",500.0,1179,500,0.4240882098674774,679.0,397.2933654785156,281.7066345214844,23.893692495460932
"HUST","HUST_1-7.pkl","life_fraction","20%",0.20000000298023224,1726,345,0.19988413155078888,1381.0,397.2935485839844,983.7064208984375,56.993419519028826
"HUST","HUST_1-7.pkl","life_fraction","40%",0.4000000059604645,1726,690,0.39976826310157776,1036.0,397.2933654785156,638.7066650390625,37.005021149424245
"HUST","HUST_1-7.pkl","life_fraction","60%",0.6000000238418579,1726,1036,0.6002317667007446,690.0,397.2943115234375,292.7056884765625,16.958614627842554
"HUST","HUST_1-7.pkl","life_fraction","80%",0.800000011920929,1726,1381,0.8001158833503723,345.0,397.2935485839844,52.293548583984375,3.0297536838924897
"HUST","HUST_1-7.pkl","absolute_cycle","20_cycles",20.0,1726,20,0.011587485671043396,1706.0,397.1946105957031,1308.805419921875,75.8288192306996
"HUST","HUST_1-7.pkl","absolute_cycle","50_cycles",50.0,1726,50,0.02896871417760849,1676.0,397.2931823730469,1278.706787109375,74.08498187192207
"HUST","HUST_1-7.pkl","absolute_cycle","100_cycles",100.0,1726,100,0.05793742835521698,1626.0,397.2933654785156,1228.7066650390625,71.18810342057141
"HUST","HUST_1-7.pkl","absolute_cycle","200_cycles",200.0,1726,200,0.11587485671043396,1526.0,397.29376220703125,1128.706298828125,65.39433944543019
"HUST","HUST_1-7.pkl","absolute_cycle","500_cycles",500.0,1726,500,0.2896871268749237,1226.0,397.2933654785156,828.7066650390625,48.0131323892852
"HUST","HUST_1-8.pkl","life_fraction","20%",0.20000000298023224,2359,472,0.20008477568626404,1887.0,397.29412841796875,1489.705810546875,63.14988599181327
"HUST","HUST_1-8.pkl","life_fraction","40%",0.4000000059604645,2359,944,0.4001695513725281,1415.0,397.294677734375,1017.705322265625,43.14138712444362
"HUST","HUST_1-8.pkl","life_fraction","60%",0.6000000238418579,2359,1415,0.5998304486274719,944.0,397.29412841796875,546.7058715820312,23.1753230852917
"HUST","HUST_1-8.pkl","life_fraction","80%",0.800000011920929,2359,1887,0.7999151945114136,472.0,397.29376220703125,74.70623779296875,3.1668604405667127
"HUST","HUST_1-8.pkl","absolute_cycle","20_cycles",20.0,2359,20,0.008478168398141861,2339.0,397.195556640625,1941.804443359375,82.3147284170994
"HUST","HUST_1-8.pkl","absolute_cycle","50_cycles",50.0,2359,50,0.021195420995354652,2309.0,397.2933654785156,1911.7066650390625,81.03885820428413
"HUST","HUST_1-8.pkl","absolute_cycle","100_cycles",100.0,2359,100,0.042390841990709305,2259.0,397.29376220703125,1861.706298828125,78.9193005014042
"HUST","HUST_1-8.pkl","absolute_cycle","200_cycles",200.0,2359,200,0.08478168398141861,2159.0,397.29412841796875,1761.705810546875,74.68019544497139
"HUST","HUST_1-8.pkl","absolute_cycle","500_cycles",500.0,2359,500,0.21195422112941742,1859.0,397.29412841796875,1461.705810546875,61.96294237163523
"HUST","HUST_10-1.pkl","life_fraction","20%",0.20000000298023224,1760,352,0.20000000298023224,1408.0,397.2933654785156,1010.7066650390625,57.42651505903764
"HUST","HUST_10-1.pkl","life_fraction","40%",0.4000000059604645,1760,704,0.4000000059604645,1056.0,397.2935485839844,658.7064208984375,37.42650118741122
"HUST","HUST_10-1.pkl","life_fraction","60%",0.6000000238418579,1760,1056,0.6000000238418579,704.0,397.29376220703125,306.70623779296875,17.426490783691406
"HUST","HUST_10-1.pkl","life_fraction","80%",0.800000011920929,1760,1408,0.800000011920929,352.0,397.2935485839844,45.293548583984375,2.573497078635476
"HUST","HUST_10-1.pkl","absolute_cycle","20_cycles",20.0,1760,20,0.011363636702299118,1740.0,397.1946105957031,1342.805419921875,76.29576249556108
"HUST","HUST_10-1.pkl","absolute_cycle","50_cycles",50.0,1760,50,0.028409091755747795,1710.0,397.2929992675781,1312.70703125,74.58562677556819
"HUST","HUST_10-1.pkl","absolute_cycle","100_cycles",100.0,1760,100,0.05681818351149559,1660.0,397.2933654785156,1262.7066650390625,71.74469687721945
"HUST","HUST_10-1.pkl","absolute_cycle","200_cycles",200.0,1760,200,0.11363636702299118,1560.0,397.2933654785156,1162.7066650390625,66.06287869540128
"HUST","HUST_10-1.pkl","absolute_cycle","500_cycles",500.0,1760,500,0.28409090638160706,1260.0,397.2933654785156,862.7066650390625,49.017424149946734
"HUST","HUST_10-2.pkl","life_fraction","20%",0.20000000298023224,1742,348,0.19977037608623505,1394.0,397.2931823730469,996.706787109375,57.21623347355769
"HUST","HUST_10-2.pkl","life_fraction","40%",0.4000000059604645,1742,697,0.4001148045063019,1045.0,397.2929992675781,647.70703125,37.181804319747414
"HUST","HUST_10-2.pkl","life_fraction","60%",0.6000000238418579,1742,1045,0.5998851656913757,697.0,397.2926025390625,299.7073974609375,17.204787454703645
"HUST","HUST_10-2.pkl","life_fraction","80%",0.800000011920929,1742,1394,0.8002296090126038,348.0,397.29278564453125,49.29278564453125,2.8296662252888205
"HUST","HUST_10-2.pkl","absolute_cycle","20_cycles",20.0,1742,20,0.011481055989861488,1722.0,397.1961364746094,1324.8038330078125,76.05073668242322
"HUST","HUST_10-2.pkl","absolute_cycle","50_cycles",50.0,1742,50,0.028702640905976295,1692.0,397.2935485839844,1294.7064208984375,74.32298627430755
"HUST","HUST_10-2.pkl","absolute_cycle","100_cycles",100.0,1742,100,0.05740528181195259,1642.0,397.2933654785156,1244.7066650390625,71.45273622497488
"HUST","HUST_10-2.pkl","absolute_cycle","200_cycles",200.0,1742,200,0.11481056362390518,1542.0,397.2933654785156,1144.7066650390625,65.71220809638706
"HUST","HUST_10-2.pkl","absolute_cycle","500_cycles",500.0,1742,500,0.28702640533447266,1242.0,397.29278564453125,844.7072143554688,48.49065524428638
"HUST","HUST_10-3.pkl","life_fraction","20%",0.20000000298023224,1901,380,0.19989478588104248,1521.0,397.2933654785156,1123.7066650390625,59.11134482057141
"HUST","HUST_10-3.pkl","life_fraction","40%",0.4000000059604645,1901,760,0.39978957176208496,1141.0,397.2933654785156,743.7066650390625,39.12186559910902
"HUST","HUST_10-3.pkl","life_fraction","60%",0.6000000238418579,1901,1141,0.600210428237915,760.0,397.2935485839844,362.7064514160156,19.079771247554742
"HUST","HUST_10-3.pkl","life_fraction","80%",0.800000011920929,1901,1521,0.8001052141189575,380.0,397.2933654785156,17.293365478515625,0.9096983418472185
"HUST","HUST_10-3.pkl","absolute_cycle","20_cycles",20.0,1901,20,0.010520778596401215,1881.0,397.1951904296875,1483.8048095703125,78.05390897266241
"HUST","HUST_10-3.pkl","absolute_cycle","50_cycles",50.0,1901,50,0.026301946491003036,1851.0,397.2933654785156,1453.7066650390625,76.47062940763085
"HUST","HUST_10-3.pkl","absolute_cycle","100_cycles",100.0,1901,100,0.05260389298200607,1801.0,397.2931823730469,1403.706787109375,73.84044119460152
"HUST","HUST_10-3.pkl","absolute_cycle","200_cycles",200.0,1901,200,0.10520778596401215,1701.0,397.2929992675781,1303.70703125,68.58006476854287
"HUST","HUST_10-3.pkl","absolute_cycle","500_cycles",500.0,1901,500,0.26301947236061096,1401.0,397.2933654785156,1003.7066650390625,52.79887769800434
"HUST","HUST_10-4.pkl","life_fraction","20%",0.20000000298023224,1849,370,0.20010817050933838,1479.0,397.2891845703125,1081.7108154296875,58.502477849090724
"HUST","HUST_10-4.pkl","life_fraction","40%",0.4000000059604645,1849,740,0.40021634101867676,1109.0,397.28936767578125,711.7106323242188,38.49165128849209
"HUST","HUST_10-4.pkl","life_fraction","60%",0.6000000238418579,1849,1109,0.5997836589813232,740.0,397.28955078125,342.71044921875,18.53490801615738
"HUST","HUST_10-4.pkl","life_fraction","80%",0.800000011920929,1849,1479,0.7998918294906616,370.0,397.2891845703125,27.2891845703125,1.4758888356037048
"HUST","HUST_10-4.pkl","absolute_cycle","20_cycles",20.0,1849,20,0.010816657915711403,1829.0,397.19024658203125,1431.809814453125,77.4369829341874
"HUST","HUST_10-4.pkl","absolute_cycle","50_cycles",50.0,1849,50,0.027041643857955933,1799.0,397.2899475097656,1401.7100830078125,75.80909048176379
"HUST","HUST_10-4.pkl","absolute_cycle","100_cycles",100.0,1849,100,0.054083287715911865,1749.0,397.28936767578125,1351.710693359375,73.10495907838697
"HUST","HUST_10-4.pkl","absolute_cycle","200_cycles",200.0,1849,200,0.10816657543182373,1649.0,397.28955078125,1251.71044921875,67.69661704806653
"HUST","HUST_10-4.pkl","absolute_cycle","500_cycles",500.0,1849,500,0.2704164385795593,1349.0,397.2891845703125,951.7108154296875,51.47165037478029
"HUST","HUST_10-5.pkl","life_fraction","20%",0.20000000298023224,2080,416,0.20000000298023224,1664.0,397.29034423828125,1266.709716796875,60.899505615234375
"HUST","HUST_10-5.pkl","life_fraction","40%",0.4000000059604645,2080,832,0.4000000059604645,1248.0,397.2901306152344,850.7098388671875,40.8995114839994
"HUST","HUST_10-5.pkl","life_fraction","60%",0.6000000238418579,2080,1248,0.6000000238418579,832.0,397.2899475097656,434.7100524902344,20.899521754338192
"HUST","HUST_10-5.pkl","life_fraction","80%",0.800000011920929,2080,1664,0.800000011920929,416.0,397.28955078125,18.71044921875,0.8995408278245193
"HUST","HUST_10-5.pkl","absolute_cycle","20_cycles",20.0,2080,20,0.009615384973585606,2060.0,397.19195556640625,1662.80810546875,79.94269737830528
"HUST","HUST_10-5.pkl","absolute_cycle","50_cycles",50.0,2080,50,0.024038461968302727,2030.0,397.29052734375,1632.70947265625,78.49564772385817
"HUST","HUST_10-5.pkl","absolute_cycle","100_cycles",100.0,2080,100,0.048076923936605453,1980.0,397.2908935546875,1582.7091064453125,76.09178396371695
"HUST","HUST_10-5.pkl","absolute_cycle","200_cycles",200.0,2080,200,0.09615384787321091,1880.0,397.29034423828125,1482.709716796875,71.28412099984976
"HUST","HUST_10-5.pkl","absolute_cycle","500_cycles",500.0,2080,500,0.24038460850715637,1580.0,397.29034423828125,1182.709716796875,56.861044076772835
"HUST","HUST_10-6.pkl","life_fraction","20%",0.20000000298023224,2344,469,0.2000853270292282,1875.0,397.2899475097656,1477.7100830078125,63.04223903616948
"HUST","HUST_10-6.pkl","life_fraction","40%",0.4000000059604645,2344,938,0.4001706540584564,1406.0,397.2899475097656,1008.7100830078125,43.03370661296128
"HUST","HUST_10-6.pkl","life_fraction","60%",0.6000000238418579,2344,1406,0.599829375743866,938.0,397.2901306152344,540.7098388671875,23.067825890238375
"HUST","HUST_10-6.pkl","life_fraction","80%",0.800000011920929,2344,1875,0.7999146580696106,469.0,397.2891845703125,71.7108154296875,3.05933512925288
"HUST","HUST_10-6.pkl","absolute_cycle","20_cycles",20.0,2344,20,0.00853242352604866,2324.0,397.189697265625,1926.810302734375,82.20180472416276
"HUST","HUST_10-6.pkl","absolute_cycle","50_cycles",50.0,2344,50,0.02133105881512165,2294.0,397.2891845703125,1896.7108154296875,80.91769690399691
"HUST","HUST_10-6.pkl","absolute_cycle","100_cycles",100.0,2344,100,0.0426621176302433,2244.0,397.28936767578125,1846.710693359375,78.78458589417129
"HUST","HUST_10-6.pkl","absolute_cycle","200_cycles",200.0,2344,200,0.0853242352604866,2144.0,397.2891845703125,1746.7108154296875,74.51837949785356
"HUST","HUST_10-6.pkl","absolute_cycle","500_cycles",500.0,2344,500,0.2133105844259262,1844.0,397.28955078125,1446.71044921875,61.71972906223336
"HUST","HUST_10-7.pkl","life_fraction","20%",0.20000000298023224,1821,364,0.1998901665210724,1457.0,397.2891845703125,1059.7108154296875,58.19389431244852
"HUST","HUST_10-7.pkl","life_fraction","40%",0.4000000059604645,1821,728,0.3997803330421448,1093.0,397.288818359375,695.711181640625,38.20489739926551
"HUST","HUST_10-7.pkl","life_fraction","60%",0.6000000238418579,1821,1093,0.6002196669578552,728.0,397.288818359375,330.711181640625,18.16096549371911
"HUST","HUST_10-7.pkl","life_fraction","80%",0.800000011920929,1821,1457,0.8001098036766052,364.0,397.2882385253906,33.288238525390625,1.8280196883794961
"HUST","HUST_10-7.pkl","absolute_cycle","20_cycles",20.0,1821,20,0.010982976295053959,1801.0,397.19024658203125,1403.809814453125,77.09005021708539
"HUST","HUST_10-7.pkl","absolute_cycle","50_cycles",50.0,1821,50,0.02745744027197361,1771.0,397.2891845703125,1373.7108154296875,75.43716723941172
"HUST","HUST_10-7.pkl","absolute_cycle","100_cycles",100.0,1821,100,0.05491488054394722,1721.0,397.2891845703125,1323.7108154296875,72.69142314276154
"HUST","HUST_10-7.pkl","absolute_cycle","200_cycles",200.0,1821,200,0.10982976108789444,1621.0,397.2891845703125,1223.7108154296875,67.19993494946115
"HUST","HUST_10-7.pkl","absolute_cycle","500_cycles",500.0,1821,500,0.2745743989944458,1321.0,397.288818359375,923.711181640625,50.72549047999039
"HUST","HUST_10-8.pkl","life_fraction","20%",0.20000000298023224,1432,286,0.19972066581249237,1146.0,397.28729248046875,748.7127075195312,52.284406949687934
"HUST","HUST_10-8.pkl","life_fraction","40%",0.4000000059604645,1432,573,0.4001396596431732,859.0,397.28729248046875,461.71270751953125,32.24250750834715
"HUST","HUST_10-8.pkl","life_fraction","60%",0.6000000238418579,1432,859,0.5998603105545044,573.0,397.28765869140625,175.71234130859375,12.270414895851518
"HUST","HUST_10-8.pkl","life_fraction","80%",0.800000011920929,1432,1146,0.8002793192863464,286.0,397.2874755859375,111.2874755859375,7.771471758794518
"HUST","HUST_10-8.pkl","absolute_cycle","20_cycles",20.0,1432,20,0.013966480270028114,1412.0,397.186279296875,1014.813720703125,70.86687993736906
"HUST","HUST_10-8.pkl","absolute_cycle","50_cycles",50.0,1432,50,0.03491619974374771,1382.0,397.28692626953125,984.7130737304688,68.76487945045173
"HUST","HUST_10-8.pkl","absolute_cycle","100_cycles",100.0,1432,100,0.06983239948749542,1332.0,397.2874755859375,934.7125244140625,65.27322097863565
"HUST","HUST_10-8.pkl","absolute_cycle","200_cycles",200.0,1432,200,0.13966479897499084,1232.0,397.287109375,834.712890625,58.290006328561454
"HUST","HUST_10-8.pkl","absolute_cycle","500_cycles",500.0,1432,500,0.3491620123386383,932.0,397.28729248046875,534.7127075195312,37.34027287147565
"HUST","HUST_2-2.pkl","life_fraction","20%",0.20000000298023224,2716,543,0.19992636144161224,2173.0,397.2948913574219,1775.705078125,65.37942113862297
"HUST","HUST_2-2.pkl","life_fraction","40%",0.4000000059604645,2716,1086,0.3998527228832245,1630.0,397.29449462890625,1232.70556640625,45.38680288682806
"HUST","HUST_2-2.pkl","life_fraction","60%",0.6000000238418579,2716,1630,0.6001472473144531,1086.0,397.294677734375,688.705322265625,25.357338816849225
"HUST","HUST_2-2.pkl","life_fraction","80%",0.800000011920929,2716,2173,0.8000736236572266,543.0,397.29376220703125,145.70623779296875,5.364736295764682
"HUST","HUST_2-2.pkl","absolute_cycle","20_cycles",20.0,2716,20,0.00736377015709877,2696.0,397.1968994140625,2298.80322265625,84.63929391223306
"HUST","HUST_2-2.pkl","absolute_cycle","50_cycles",50.0,2716,50,0.018409425392746925,2666.0,397.29449462890625,2268.70556640625,83.53113278373527
"HUST","HUST_2-2.pkl","absolute_cycle","100_cycles",100.0,2716,100,0.03681885078549385,2616.0,397.294677734375,2218.705322265625,81.69018123216587
"HUST","HUST_2-2.pkl","absolute_cycle","200_cycles",200.0,2716,200,0.0736377015709877,2516.0,397.2948913574219,2118.705078125,78.00828711800442
"HUST","HUST_2-2.pkl","absolute_cycle","500_cycles",500.0,2716,500,0.18409425020217896,2216.0,397.29449462890625,1818.70556640625,66.96264972040684
"HUST","HUST_2-3.pkl","life_fraction","20%",0.20000000298023224,1810,362,0.20000000298023224,1448.0,397.29376220703125,1050.706298828125,58.05007175845994
"HUST","HUST_2-3.pkl","life_fraction","40%",0.4000000059604645,1810,724,0.4000000059604645,1086.0,397.29376220703125,688.7062377929688,38.05006838635187
"HUST","HUST_2-3.pkl","life_fraction","60%",0.6000000238418579,1810,1086,0.6000000238418579,724.0,397.2933654785156,326.7066345214844,18.050090305054386
"HUST","HUST_2-3.pkl","life_fraction","80%",0.800000011920929,1810,1448,0.800000011920929,362.0,397.2933654785156,35.293365478515625,1.9499096949456147
"HUST","HUST_2-3.pkl","absolute_cycle","20_cycles",20.0,1810,20,0.01104972418397665,1790.0,397.1963195800781,1392.8037109375,76.95048126726519
"HUST","HUST_2-3.pkl","absolute_cycle","50_cycles",50.0,1810,50,0.027624309062957764,1760.0,397.29412841796875,1362.705810546875,75.28761384236878
"HUST","HUST_2-3.pkl","absolute_cycle","100_cycles",100.0,1810,100,0.05524861812591553,1710.0,397.29376220703125,1312.706298828125,72.52520988000691
"HUST","HUST_2-3.pkl","absolute_cycle","200_cycles",200.0,1810,200,0.11049723625183105,1610.0,397.29412841796875,1212.705810546875,67.00032102468923
"HUST","HUST_2-3.pkl","absolute_cycle","500_cycles",500.0,1810,500,0.27624309062957764,1310.0,397.2933654785156,912.7066650390625,50.425782598843234
"HUST","HUST_2-4.pkl","life_fraction","20%",0.20000000298023224,1545,309,0.20000000298023224,1236.0,397.2948913574219,838.705078125,54.28511832524272
"HUST","HUST_2-4.pkl","life_fraction","40%",0.4000000059604645,1545,618,0.4000000059604645,927.0,397.2950744628906,529.7049560546875,34.28511042425162
"HUST","HUST_2-4.pkl","life_fraction","60%",0.6000000238418579,1545,927,0.6000000238418579,618.0,397.295654296875,220.704345703125,14.285070919296116
"HUST","HUST_2-4.pkl","life_fraction","80%",0.800000011920929,1545,1236,0.800000011920929,309.0,397.2950744628906,88.29507446289062,5.714891550996157
"HUST","HUST_2-4.pkl","absolute_cycle","20_cycles",20.0,1545,20,0.012944984249770641,1525.0,397.196533203125,1127.803466796875,72.99698814219256
"HUST","HUST_2-4.pkl","absolute_cycle","50_cycles",50.0,1545,50,0.03236246109008789,1495.0,397.29449462890625,1097.70556640625,71.04890397451456
"HUST","HUST_2-4.pkl","absolute_cycle","100_cycles",100.0,1545,100,0.06472492218017578,1445.0,397.29449462890625,1047.70556640625,67.81265801982201
"HUST","HUST_2-4.pkl","absolute_cycle","200_cycles",200.0,1545,200,0.12944984436035156,1345.0,397.2948913574219,947.705078125,61.340134506472495
"HUST","HUST_2-4.pkl","absolute_cycle","500_cycles",500.0,1545,500,0.3236245810985565,1045.0,397.2948913574219,647.705078125,41.92265877831715
"HUST","HUST_2-5.pkl","life_fraction","20%",0.20000000298023224,1441,288,0.19986121356487274,1153.0,397.2960205078125,755.7039794921875,52.44302425344813
"HUST","HUST_2-5.pkl","life_fraction","40%",0.4000000059604645,1441,576,0.3997224271297455,865.0,397.2960205078125,467.7039794921875,32.4569035039686
"HUST","HUST_2-5.pkl","life_fraction","60%",0.6000000238418579,1441,865,0.6002776026725769,576.0,397.2952575683594,178.70474243164062,12.40143944702572
"HUST","HUST_2-5.pkl","life_fraction","80%",0.800000011920929,1441,1153,0.8001387715339661,288.0,397.29449462890625,109.29449462890625,7.584628357314799
"HUST","HUST_2-5.pkl","absolute_cycle","20_cycles",20.0,1441,20,0.01387925073504448,1421.0,397.199951171875,1023.800048828125,71.04788680278452
"HUST","HUST_2-5.pkl","absolute_cycle","50_cycles",50.0,1441,50,0.03469812497496605,1391.0,397.29638671875,993.70361328125,68.95930695914295
"HUST","HUST_2-5.pkl","absolute_cycle","100_cycles",100.0,1441,100,0.0693962499499321,1341.0,397.2960205078125,943.7039794921875,65.48951974269171
"HUST","HUST_2-5.pkl","absolute_cycle","200_cycles",200.0,1441,200,0.1387924998998642,1241.0,397.29583740234375,843.7041625976562,58.54990718928912
"HUST","HUST_2-5.pkl","absolute_cycle","500_cycles",500.0,1441,500,0.3469812572002411,941.0,397.295654296875,543.704345703125,37.73104411541464
"HUST","HUST_2-6.pkl","life_fraction","20%",0.20000000298023224,1621,324,0.19987662136554718,1297.0,397.295654296875,899.704345703125,55.50304415195096
"HUST","HUST_2-6.pkl","life_fraction","40%",0.4000000059604645,1621,648,0.39975324273109436,973.0,397.2952575683594,575.7047119140625,35.51540480654303
"HUST","HUST_2-6.pkl","life_fraction","60%",0.6000000238418579,1621,973,0.600246787071228,648.0,397.2960205078125,250.7039794921875,15.466007371510642
"HUST","HUST_2-6.pkl","life_fraction","80%",0.800000011920929,1621,1297,0.800123393535614,324.0,397.2952575683594,73.29525756835938,4.5216074995903375
"HUST","HUST_2-6.pkl","absolute_cycle","20_cycles",20.0,1621,20,0.01233806274831295,1601.0,397.1997375488281,1203.80029296875,74.26281881361814
"HUST","HUST_2-6.pkl","absolute_cycle","50_cycles",50.0,1621,50,0.03084515780210495,1571.0,397.29620361328125,1173.703857421875,72.40616023577267
"HUST","HUST_2-6.pkl","absolute_cycle","100_cycles",100.0,1621,100,0.0616903156042099,1521.0,397.29638671875,1123.70361328125,69.32162944363047
"HUST","HUST_2-6.pkl","absolute_cycle","200_cycles",200.0,1621,200,0.1233806312084198,1421.0,397.2960205078125,1023.7039794921875,63.15262057323797
"HUST","HUST_2-6.pkl","absolute_cycle","500_cycles",500.0,1621,500,0.3084515631198883,1121.0,397.29583740234375,723.7041625976562,44.645537482890575
"HUST","HUST_2-7.pkl","life_fraction","20%",0.20000000298023224,2261,452,0.19991154968738556,1809.0,397.29620361328125,1411.703857421875,62.43714539681004
"HUST","HUST_2-7.pkl","life_fraction","40%",0.4000000059604645,2261,904,0.3998230993747711,1357.0,397.29583740234375,959.7041625976562,42.44600453771147
"HUST","HUST_2-7.pkl","life_fraction","60%",0.6000000238418579,2261,1357,0.6001769304275513,904.0,397.2952575683594,506.7047424316406,22.410647608652837
"HUST","HUST_2-7.pkl","life_fraction","80%",0.800000011920929,2261,1809,0.8000884652137756,452.0,397.294677734375,54.705322265625,2.4195188971970367
"HUST","HUST_2-7.pkl","absolute_cycle","20_cycles",20.0,2261,20,0.008845643140375614,2241.0,397.199951171875,1843.800048828125,81.54798977568001
"HUST","HUST_2-7.pkl","absolute_cycle","50_cycles",50.0,2261,50,0.022114109247922897,2211.0,397.2967834472656,1813.7032470703125,80.21686187838623
"HUST","HUST_2-7.pkl","absolute_cycle","100_cycles",100.0,2261,100,0.044228218495845795,2161.0,397.29620361328125,1763.703857421875,78.00547799300641
"HUST","HUST_2-7.pkl","absolute_cycle","200_cycles",200.0,2261,200,0.08845643699169159,2061.0,397.2960205078125,1663.7039794921875,73.58266163167569
"HUST","HUST_2-7.pkl","absolute_cycle","500_cycles",500.0,2261,500,0.22114108502864838,1761.0,397.2960205078125,1363.7039794921875,60.31419635082651
"HUST","HUST_2-8.pkl","life_fraction","20%",0.20000000298023224,1531,306,0.19986936450004578,1225.0,397.29412841796875,827.7058715820312,54.063087627826995
"HUST","HUST_2-8.pkl","life_fraction","40%",0.4000000059604645,1531,612,0.39973872900009155,919.0,397.29376220703125,521.7062377929688,34.076174904831404
"HUST","HUST_2-8.pkl","life_fraction","60%",0.6000000238418579,1531,919,0.6002612709999084,612.0,397.2948913574219,214.70510864257812,14.02384772322522
"HUST","HUST_2-8.pkl","life_fraction","80%",0.800000011920929,1531,1225,0.8001306056976318,306.0,397.2948913574219,91.29489135742188,5.963088919491958
"HUST","HUST_2-8.pkl","absolute_cycle","20_cycles",20.0,1531,20,0.013063357211649418,1511.0,397.19537353515625,1113.8046875,72.75014288047028
"HUST","HUST_2-8.pkl","absolute_cycle","50_cycles",50.0,1531,50,0.03265839442610741,1481.0,397.2933654785156,1083.7066650390625,70.78423677590219
"HUST","HUST_2-8.pkl","absolute_cycle","100_cycles",100.0,1531,100,0.06531678885221481,1431.0,397.29412841796875,1033.705810546875,67.51834164251306
"HUST","HUST_2-8.pkl","absolute_cycle","200_cycles",200.0,1531,200,0.13063357770442963,1331.0,397.2943115234375,933.7056884765625,60.986655027861694
"HUST","HUST_2-8.pkl","absolute_cycle","500_cycles",500.0,1531,500,0.3265839219093323,1031.0,397.29412841796875,633.7058715820312,41.39163106348996
"HUST","HUST_3-1.pkl","life_fraction","20%",0.20000000298023224,1995,399,0.20000000298023224,1596.0,397.2952575683594,1198.7047119140625,60.08544921875
"HUST","HUST_3-1.pkl","life_fraction","40%",0.4000000059604645,1995,798,0.4000000059604645,1197.0,397.2952575683594,799.7047119140625,40.08544921875
"HUST","HUST_3-1.pkl","life_fraction","60%",0.6000000238418579,1995,1197,0.6000000238418579,798.0,397.2948913574219,400.7051086425781,20.085469104891136
"HUST","HUST_3-1.pkl","life_fraction","80%",0.800000011920929,1995,1596,0.800000011920929,399.0,397.29547119140625,1.70452880859375,0.08544004053101503
"HUST","HUST_3-1.pkl","absolute_cycle","20_cycles",20.0,1995,20,0.01002506259828806,1975.0,397.1986083984375,1577.8013916015625,79.0877890527099
"HUST","HUST_3-1.pkl","absolute_cycle","50_cycles",50.0,1995,50,0.02506265603005886,1945.0,397.29547119140625,1547.70458984375,77.57917743577694
"HUST","HUST_3-1.pkl","absolute_cycle","100_cycles",100.0,1995,100,0.05012531206011772,1895.0,397.29547119140625,1497.70458984375,75.07291177161655
"HUST","HUST_3-1.pkl","absolute_cycle","200_cycles",200.0,1995,200,0.10025062412023544,1795.0,397.295654296875,1397.704345703125,70.06036820567043
"HUST","HUST_3-1.pkl","absolute_cycle","500_cycles",500.0,1995,500,0.2506265640258789,1495.0,397.2950744628906,1097.7049560546875,55.022804814771305
"HUST","HUST_3-2.pkl","life_fraction","20%",0.20000000298023224,2353,471,0.20016999542713165,1882.0,397.295654296875,1484.704345703125,63.09835723345198
"HUST","HUST_3-2.pkl","life_fraction","40%",0.4000000059604645,2353,941,0.39991500973701477,1412.0,397.29547119140625,1014.7045288085938,43.123864377755794
"HUST","HUST_3-2.pkl","life_fraction","60%",0.6000000238418579,2353,1412,0.6000850200653076,941.0,397.295654296875,543.704345703125,23.10685702095729
"HUST","HUST_3-2.pkl","life_fraction","80%",0.800000011920929,2353,1882,0.7998300194740295,471.0,397.2952575683594,73.70474243164062,3.132373244013626
"HUST","HUST_3-2.pkl","absolute_cycle","20_cycles",20.0,2353,20,0.00849978718906641,2333.0,397.1991882324219,1935.80078125,82.26947646621335
"HUST","HUST_3-2.pkl","absolute_cycle","50_cycles",50.0,2353,50,0.021249469369649887,2303.0,397.29583740234375,1905.7041015625,80.99039955641734
"HUST","HUST_3-2.pkl","absolute_cycle","100_cycles",100.0,2353,100,0.042498938739299774,2253.0,397.2960205078125,1855.7039794921875,78.86544749223066
"HUST","HUST_3-2.pkl","absolute_cycle","200_cycles",200.0,2353,200,0.08499787747859955,2153.0,397.295654296875,1755.704345703125,74.61556930315024
"HUST","HUST_3-2.pkl","absolute_cycle","500_cycles",500.0,2353,500,0.21249468624591827,1853.0,397.2952575683594,1455.7047119140625,61.865903608757435
"HUST","HUST_3-3.pkl","life_fraction","20%",0.20000000298023224,1698,340,0.20023557543754578,1358.0,397.29620361328125,960.7037963867188,56.57855102395281
"HUST","HUST_3-3.pkl","life_fraction","40%",0.4000000059604645,1698,679,0.3998822271823883,1019.0,397.2960205078125,621.7039794921875,36.61389749659526
"HUST","HUST_3-3.pkl","life_fraction","60%",0.6000000238418579,1698,1019,0.6001178026199341,679.0,397.29583740234375,281.70416259765625,16.590351154161144
"HUST","HUST_3-3.pkl","life_fraction","80%",0.800000011920929,1698,1358,0.7997644543647766,340.0,397.29638671875,57.29638671875,3.3743455075824498
"HUST","HUST_3-3.pkl","absolute_cycle","20_cycles",20.0,1698,20,0.011778563261032104,1678.0,397.199951171875,1280.800048828125,75.42992042568463
"HUST","HUST_3-3.pkl","absolute_cycle","50_cycles",50.0,1698,50,0.02944640815258026,1648.0,397.2966003417969,1250.703369140625,73.6574422344302
"HUST","HUST_3-3.pkl","absolute_cycle","100_cycles",100.0,1698,100,0.05889281630516052,1598.0,397.29638671875,1200.70361328125,70.71281585873086
"HUST","HUST_3-3.pkl","absolute_cycle","200_cycles",200.0,1698,200,0.11778563261032104,1498.0,397.29638671875,1100.70361328125,64.8235343510748
"HUST","HUST_3-3.pkl","absolute_cycle","500_cycles",500.0,1698,500,0.2944640815258026,1198.0,397.295654296875,800.704345703125,47.155732962492635
"HUST","HUST_3-4.pkl","life_fraction","20%",0.20000000298023224,1829,366,0.2001093477010727,1463.0,397.2967834472656,1065.7032470703125,58.26698999837684
"HUST","HUST_3-4.pkl","life_fraction","40%",0.4000000059604645,1829,732,0.4002186954021454,1097.0,397.2966003417969,699.703369140625,38.25606173540869
"HUST","HUST_3-4.pkl","life_fraction","60%",0.6000000238418579,1829,1097,0.5997812747955322,732.0,397.2969665527344,334.7030334472656,18.29978312997625
"HUST","HUST_3-4.pkl","life_fraction","80%",0.800000011920929,1829,1463,0.7998906373977661,366.0,397.29638671875,31.29638671875,1.711120104907053
"HUST","HUST_3-4.pkl","absolute_cycle","20_cycles",20.0,1829,20,0.010934936814010143,1809.0,397.1995544433594,1411.8004150390625,77.1897438512336
"HUST","HUST_3-4.pkl","absolute_cycle","50_cycles",50.0,1829,50,0.027337342500686646,1779.0,397.2967834472656,1381.7032470703125,75.54419065447307
"HUST","HUST_3-4.pkl","absolute_cycle","100_cycles",100.0,1829,100,0.05467468500137329,1729.0,397.2966003417969,1331.703369140625,72.81046304760115
"HUST","HUST_3-4.pkl","absolute_cycle","200_cycles",200.0,1829,200,0.10934937000274658,1629.0,397.2967834472656,1231.7032470703125,67.34298781138942
"HUST","HUST_3-4.pkl","absolute_cycle","500_cycles",500.0,1829,500,0.27337342500686646,1329.0,397.2966003417969,931.703369140625,50.94058879937808
"HUST","HUST_3-5.pkl","life_fraction","20%",0.20000000298023224,2768,554,0.20014451444149017,2214.0,397.29412841796875,1816.705810546875,65.63243535212699
"HUST","HUST_3-5.pkl","life_fraction","40%",0.4000000059604645,2768,1107,0.3999277353286743,1661.0,397.294677734375,1263.705322265625,45.65409401248645
"HUST","HUST_3-5.pkl","life_fraction","60%",0.6000000238418579,2768,1661,0.6000722646713257,1107.0,397.2948913574219,709.705078125,25.639634325325144
"HUST","HUST_3-5.pkl","life_fraction","80%",0.800000011920929,2768,2214,0.7998554706573486,554.0,397.29412841796875,156.70587158203125,5.661339291258354
"HUST","HUST_3-5.pkl","absolute_cycle","20_cycles",20.0,2768,20,0.007225433364510536,2748.0,397.1957702636719,2350.80419921875,84.92789737061958
"HUST","HUST_3-5.pkl","absolute_cycle","50_cycles",50.0,2768,50,0.018063584342598915,2718.0,397.29412841796875,2320.705810546875,83.84052783767612
"HUST","HUST_3-5.pkl","absolute_cycle","100_cycles",100.0,2768,100,0.03612716868519783,2668.0,397.29449462890625,2270.70556640625,82.03416063606394
"HUST","HUST_3-5.pkl","absolute_cycle","200_cycles",200.0,2768,200,0.07225433737039566,2568.0,397.2943115234375,2170.70556640625,78.42144387305817
"HUST","HUST_3-5.pkl","absolute_cycle","500_cycles",500.0,2768,500,0.18063583970069885,2268.0,397.2943115234375,1870.7056884765625,67.58329799409546
"HUST","HUST_3-6.pkl","life_fraction","20%",0.20000000298023224,2575,515,0.20000000298023224,2060.0,397.29583740234375,1662.7041015625,64.57103307038835
"HUST","HUST_3-6.pkl","life_fraction","40%",0.4000000059604645,2575,1030,0.4000000059604645,1545.0,397.2952575683594,1147.7047119140625,44.57105677336165
"HUST","HUST_3-6.pkl","life_fraction","60%",0.6000000238418579,2575,1545,0.6000000238418579,1030.0,397.295654296875,632.704345703125,24.57104255157767
"HUST","HUST_3-6.pkl","life_fraction","80%",0.800000011920929,2575,2060,0.800000011920929,515.0,397.2952575683594,117.70474243164062,4.571057958510315
"HUST","HUST_3-6.pkl","absolute_cycle","20_cycles",20.0,2575,20,0.007766990456730127,2555.0,397.1997375488281,2157.80029296875,83.79806962985437
"HUST","HUST_3-6.pkl","absolute_cycle","50_cycles",50.0,2575,50,0.019417475908994675,2525.0,397.2960205078125,2127.7041015625,82.62928549757281
"HUST","HUST_3-6.pkl","absolute_cycle","100_cycles",100.0,2575,100,0.03883495181798935,2475.0,397.29638671875,2077.70361328125,80.68751896237865
"HUST","HUST_3-6.pkl","absolute_cycle","200_cycles",200.0,2575,200,0.0776699036359787,2375.0,397.29583740234375,1977.7041015625,76.80404277912622
"HUST","HUST_3-6.pkl","absolute_cycle","500_cycles",500.0,2575,500,0.19417475163936615,2075.0,397.295654296875,1677.704345703125,65.15356682342232
"HUST","HUST_3-7.pkl","life_fraction","20%",0.20000000298023224,2569,514,0.2000778466463089,2055.0,397.29638671875,1657.70361328125,64.52719397747178
"HUST","HUST_3-7.pkl","life_fraction","40%",0.4000000059604645,2569,1028,0.4001556932926178,1541.0,397.2966003417969,1143.703369140625,44.51939934373784
"HUST","HUST_3-7.pkl","life_fraction","60%",0.6000000238418579,2569,1541,0.5998442769050598,1028.0,397.2966003417969,630.703369140625,24.550539865341573
"HUST","HUST_3-7.pkl","life_fraction","80%",0.800000011920929,2569,2055,0.7999221682548523,514.0,397.29620361328125,116.70379638671875,4.542771365773404
"HUST","HUST_3-7.pkl","absolute_cycle","20_cycles",20.0,2569,20,0.0077851302921772,2549.0,397.198974609375,2151.801025390625,83.76025789764986
"HUST","HUST_3-7.pkl","absolute_cycle","50_cycles",50.0,2569,50,0.019462825730443,2519.0,397.2960205078125,2121.7041015625,82.58871551430518
"HUST","HUST_3-7.pkl","absolute_cycle","100_cycles",100.0,2569,100,0.038925651460886,2469.0,397.2960205078125,2071.7041015625,80.64243291407162
"HUST","HUST_3-7.pkl","absolute_cycle","200_cycles",200.0,2569,200,0.077851302921772,2369.0,397.2967834472656,1971.7032470703125,76.74983445193898
"HUST","HUST_3-7.pkl","absolute_cycle","500_cycles",500.0,2569,500,0.1946282535791397,2069.0,397.29638671875,1671.70361328125,65.07215310553717
"HUST","HUST_3-8.pkl","life_fraction","20%",0.20000000298023224,2412,482,0.1998341679573059,1930.0,397.29638671875,1532.70361328125,63.544925923766584
"HUST","HUST_3-8.pkl","life_fraction","40%",0.4000000059604645,2412,965,0.40008291602134705,1447.0,397.2960205078125,1049.7039794921875,43.520065484750724
"HUST","HUST_3-8.pkl","life_fraction","60%",0.6000000238418579,2412,1447,0.5999170541763306,965.0,397.29638671875,567.70361328125,23.53663404980307
"HUST","HUST_3-8.pkl","life_fraction","80%",0.800000011920929,2412,1930,0.8001658320426941,482.0,397.29620361328125,84.70379638671875,3.5117660193498654
"HUST","HUST_3-8.pkl","absolute_cycle","20_cycles",20.0,2412,20,0.008291874080896378,2392.0,397.2008972167969,1994.799072265625,82.70311244882359
"HUST","HUST_3-8.pkl","absolute_cycle","50_cycles",50.0,2412,50,0.020729685202240944,2362.0,397.2967834472656,1964.7032470703125,81.45535850208593
"HUST","HUST_3-8.pkl","absolute_cycle","100_cycles",100.0,2412,100,0.04145937040448189,2312.0,397.2969665527344,1914.7030029296875,79.38237988929053
"HUST","HUST_3-8.pkl","absolute_cycle","200_cycles",200.0,2412,200,0.08291874080896378,2212.0,397.2966003417969,1814.703369140625,75.23645809040734
"HUST","HUST_3-8.pkl","absolute_cycle","500_cycles",500.0,2412,500,0.20729684829711914,1912.0,397.29638671875,1514.70361328125,62.79865726705017
"HUST","HUST_4-1.pkl","life_fraction","20%",0.20000000298023224,2278,456,0.20017559826374054,1822.0,397.29638671875,1424.70361328125,62.54186186484855
"HUST","HUST_4-1.pkl","life_fraction","40%",0.4000000059604645,2278,911,0.3999122083187103,1367.0,397.2966003417969,969.703369140625,42.5681900412917
"HUST","HUST_4-1.pkl","life_fraction","60%",0.6000000238418579,2278,1367,0.6000878214836121,911.0,397.29638671875,513.70361328125,22.55064149610404
"HUST","HUST_4-1.pkl","life_fraction","80%",0.800000011920929,2278,1822,0.7998244166374207,456.0,397.2967834472656,58.703216552734375,2.576962974220122
"HUST","HUST_4-1.pkl","absolute_cycle","20_cycles",20.0,2278,20,0.008779630996286869,2258.0,397.1995544433594,1860.8004150390625,81.68570742050318
"HUST","HUST_4-1.pkl","absolute_cycle","50_cycles",50.0,2278,50,0.021949078887701035,2228.0,397.2969665527344,1830.7030029296875,80.36448652017944
"HUST","HUST_4-1.pkl","absolute_cycle","100_cycles",100.0,2278,100,0.04389815777540207,2178.0,397.2966003417969,1780.703369140625,78.16959478229258
"HUST","HUST_4-1.pkl","absolute_cycle","200_cycles",200.0,2278,200,0.08779631555080414,2078.0,397.2969665527344,1680.7030029296875,73.77976307856399
"HUST","HUST_4-1.pkl","absolute_cycle","500_cycles",500.0,2278,500,0.21949078142642975,1778.0,397.29638671875,1380.70361328125,60.61034298864135
"HUST","HUST_4-2.pkl","life_fraction","20%",0.20000000298023224,1812,362,0.19977924227714539,1450.0,397.288818359375,1052.711181640625,58.096643578400936
"HUST","HUST_4-2.pkl","life_fraction","40%",0.4000000059604645,1812,725,0.4001103639602661,1087.0,397.288818359375,689.711181640625,38.06353099561948
"HUST","HUST_4-2.pkl","life_fraction","60%",0.6000000238418579,1812,1087,0.5998896360397339,725.0,397.2891845703125,327.7108154296875,18.08558584049048
"HUST","HUST_4-2.pkl","life_fraction","80%",0.800000011920929,1812,1450,0.8002207279205322,362.0,397.2891845703125,35.2891845703125,1.9475267422909768
"HUST","HUST_4-2.pkl","absolute_cycle","20_cycles",20.0,1812,20,0.011037527583539486,1792.0,397.1889343261719,1394.81103515625,76.97632644350166
"HUST","HUST_4-2.pkl","absolute_cycle","50_cycles",50.0,1812,50,0.027593819424510002,1762.0,397.288818359375,1364.711181640625,75.31518662475855
"HUST","HUST_4-2.pkl","absolute_cycle","100_cycles",100.0,1812,100,0.055187638849020004,1712.0,397.28900146484375,1314.7109375,72.55579125275938
"HUST","HUST_4-2.pkl","absolute_cycle","200_cycles",200.0,1812,200,0.11037527769804001,1612.0,397.28863525390625,1214.71142578125,67.03705440293874
"HUST","HUST_4-2.pkl","absolute_cycle","500_cycles",500.0,1812,500,0.2759381830692291,1312.0,397.288818359375,914.711181640625,50.48074953866584
"HUST","HUST_4-3.pkl","life_fraction","20%",0.20000000298023224,1164,233,0.2001718282699585,931.0,397.28955078125,533.71044921875,45.85141316312285
"HUST","HUST_4-3.pkl","life_fraction","40%",0.4000000059604645,1164,466,0.400343656539917,698.0,397.29034423828125,300.70965576171875,25.83416286612704
"HUST","HUST_4-3.pkl","life_fraction","60%",0.6000000238418579,1164,698,0.599656343460083,466.0,397.29034423828125,68.70965576171875,5.90289138846381
"HUST","HUST_4-3.pkl","life_fraction","80%",0.800000011920929,1164,931,0.7998281717300415,233.0,397.29052734375,164.29052734375,14.114306472830757
"HUST","HUST_4-3.pkl","absolute_cycle","20_cycles",20.0,1164,20,0.017182130366563797,1144.0,397.1893005371094,746.8106689453125,64.15899217743234
"HUST","HUST_4-3.pkl","absolute_cycle","50_cycles",50.0,1164,50,0.04295532777905464,1114.0,397.2891845703125,716.7108154296875,61.57309410907968
"HUST","HUST_4-3.pkl","absolute_cycle","100_cycles",100.0,1164,100,0.08591065555810928,1064.0,397.2897644042969,666.710205078125,57.277509027330325
"HUST","HUST_4-3.pkl","absolute_cycle","200_cycles",200.0,1164,200,0.17182131111621857,964.0,397.2897644042969,566.710205078125,48.68644373523411
"HUST","HUST_4-3.pkl","absolute_cycle","500_cycles",500.0,1164,500,0.4295532703399658,664.0,397.2899475097656,266.7100524902344,22.913234750020134
"HUST","HUST_4-4.pkl","life_fraction","20%",0.20000000298023224,1528,306,0.20026178658008575,1222.0,397.29034423828125,824.7096557617188,53.973145010583686
"HUST","HUST_4-4.pkl","life_fraction","40%",0.4000000059604645,1528,611,0.3998691141605377,917.0,397.2899475097656,519.7100830078125,34.01243998742228
"HUST","HUST_4-4.pkl","life_fraction","60%",0.6000000238418579,1528,917,0.6001309156417847,611.0,397.29034423828125,213.70965576171875,13.98623401581929
"HUST","HUST_4-4.pkl","life_fraction","80%",0.800000011920929,1528,1222,0.7997382283210754,306.0,397.29034423828125,91.29034423828125,5.974498968473903
"HUST","HUST_4-4.pkl","absolute_cycle","20_cycles",20.0,1528,20,0.013089004904031754,1508.0,397.1900634765625,1110.8099365234375,72.69698537457052
"HUST","HUST_4-4.pkl","absolute_cycle","50_cycles",50.0,1528,50,0.03272251412272453,1478.0,397.28955078125,1080.71044921875,70.72712363997054
"HUST","HUST_4-4.pkl","absolute_cycle","100_cycles",100.0,1528,100,0.06544502824544907,1428.0,397.29034423828125,1030.709716796875,67.45482439770124
"HUST","HUST_4-4.pkl","absolute_cycle","200_cycles",200.0,1528,200,0.13089005649089813,1328.0,397.2901306152344,930.7098388671875,60.910329768794995
"HUST","HUST_4-4.pkl","absolute_cycle","500_cycles",500.0,1528,500,0.32722511887550354,1028.0,397.2899475097656,630.7100830078125,41.276837893181444
"HUST","HUST_4-5.pkl","life_fraction","20%",0.20000000298023224,1600,320,0.20000000298023224,1280.0,397.29034423828125,882.7096557617188,55.16935348510742
"HUST","HUST_4-5.pkl","life_fraction","40%",0.4000000059604645,1600,640,0.4000000059604645,960.0,397.29034423828125,562.7096557617188,35.16935348510742
"HUST","HUST_4-5.pkl","life_fraction","60%",0.6000000238418579,1600,960,0.6000000238418579,640.0,397.29034423828125,242.70965576171875,15.169353485107422
"HUST","HUST_4-5.pkl","life_fraction","80%",0.800000011920929,1600,1280,0.800000011920929,320.0,397.2899475097656,77.28994750976562,4.830621719360352
"HUST","HUST_4-5.pkl","absolute_cycle","20_cycles",20.0,1600,20,0.012500000186264515,1580.0,397.1904296875,1182.8095703125,73.92559814453125
"HUST","HUST_4-5.pkl","absolute_cycle","50_cycles",50.0,1600,50,0.03125,1550.0,397.28955078125,1152.71044921875,72.04440307617188
"HUST","HUST_4-5.pkl","absolute_cycle","100_cycles",100.0,1600,100,0.0625,1500.0,397.28955078125,1102.71044921875,68.91940307617188
"HUST","HUST_4-5.pkl","absolute_cycle","200_cycles",200.0,1600,200,0.125,1400.0,397.2901306152344,1002.7098388671875,62.66936492919922
"HUST","HUST_4-5.pkl","absolute_cycle","500_cycles",500.0,1600,500,0.3125,1100.0,397.2901306152344,702.7098388671875,43.91936492919922
"HUST","HUST_4-6.pkl","life_fraction","20%",0.20000000298023224,1420,284,0.20000000298023224,1136.0,397.29034423828125,738.7096557617188,52.02180674378301
"HUST","HUST_4-6.pkl","life_fraction","40%",0.4000000059604645,1420,568,0.4000000059604645,852.0,397.29071044921875,454.70928955078125,32.021780954280366
"HUST","HUST_4-6.pkl","life_fraction","60%",0.6000000238418579,1420,852,0.6000000238418579,568.0,397.29071044921875,170.70928955078125,12.02178095428037
"HUST","HUST_4-6.pkl","life_fraction","80%",0.800000011920929,1420,1136,0.800000011920929,284.0,397.29034423828125,113.29034423828125,7.978193256216989
"HUST","HUST_4-6.pkl","absolute_cycle","20_cycles",20.0,1420,20,0.014084506779909134,1400.0,397.1908264160156,1002.8092041015625,70.62036648602553
"HUST","HUST_4-6.pkl","absolute_cycle","50_cycles",50.0,1420,50,0.035211268812417984,1370.0,397.2901306152344,972.7098388671875,68.50069287797095
"HUST","HUST_4-6.pkl","absolute_cycle","100_cycles",100.0,1420,100,0.07042253762483597,1320.0,397.29052734375,922.70947265625,64.97954032790493
"HUST","HUST_4-6.pkl","absolute_cycle","200_cycles",200.0,1420,200,0.14084507524967194,1220.0,397.29034423828125,822.7096557617188,57.93729970152949
"HUST","HUST_4-6.pkl","absolute_cycle","500_cycles",500.0,1420,500,0.35211268067359924,920.0,397.29071044921875,522.7092895507812,36.810513348646566
"HUST","HUST_4-7.pkl","life_fraction","20%",0.20000000298023224,2272,454,0.19982394576072693,1818.0,397.2914733886719,1420.70849609375,62.53118380694322
"HUST","HUST_4-7.pkl","life_fraction","40%",0.4000000059604645,2272,909,0.40008804202079773,1363.0,397.2918395996094,965.7081298828125,42.504759237799846
"HUST","HUST_4-7.pkl","life_fraction","60%",0.6000000238418579,2272,1363,0.5999119877815247,909.0,397.2916564941406,511.7083435058594,22.522374274025502
"HUST","HUST_4-7.pkl","life_fraction","80%",0.800000011920929,2272,1818,0.8001760840415955,454.0,397.29107666015625,56.70892333984375,2.4959913441832637
"HUST","HUST_4-7.pkl","absolute_cycle","20_cycles",20.0,2272,20,0.008802817203104496,2252.0,397.1917724609375,1854.8082275390625,81.63768607126156
"HUST","HUST_4-7.pkl","absolute_cycle","50_cycles",50.0,2272,50,0.022007042542099953,2222.0,397.29107666015625,1824.708984375,80.31289543904049
"HUST","HUST_4-7.pkl","absolute_cycle","100_cycles",100.0,2272,100,0.044014085084199905,2172.0,397.291259765625,1774.708740234375,78.11218046806228
"HUST","HUST_4-7.pkl","absolute_cycle","200_cycles",200.0,2272,200,0.08802817016839981,2072.0,397.291259765625,1674.708740234375,73.71077201735805
"HUST","HUST_4-7.pkl","absolute_cycle","500_cycles",500.0,2272,500,0.22007042169570923,1772.0,397.29107666015625,1374.708984375,60.50655741087148
"HUST","HUST_4-8.pkl","life_fraction","20%",0.20000000298023224,1747,349,0.19977103173732758,1398.0,397.29241943359375,1000.7075805664062,57.28148715320013
"HUST","HUST_4-8.pkl","life_fraction","40%",0.4000000059604645,1747,699,0.4001144766807556,1048.0,397.29205322265625,650.7079467773438,37.24716352474778
"HUST","HUST_4-8.pkl","life_fraction","60%",0.6000000238418579,1747,1048,0.5998855233192444,699.0,397.29241943359375,301.70758056640625,17.270038956291142
"HUST","HUST_4-8.pkl","life_fraction","80%",0.800000011920929,1747,1398,0.8002289533615112,349.0,397.292236328125,48.292236328125,2.764295153298512
"HUST","HUST_4-8.pkl","absolute_cycle","20_cycles",20.0,1747,20,0.011448197066783905,1727.0,397.1944274902344,1329.8055419921875,76.11937847694261
"HUST","HUST_4-8.pkl","absolute_cycle","50_cycles",50.0,1747,50,0.028620492666959763,1697.0,397.29241943359375,1299.70751953125,74.39653803842302
"HUST","HUST_4-8.pkl","absolute_cycle","100_cycles",100.0,1747,100,0.057240985333919525,1647.0,397.29278564453125,1249.707275390625,71.53447483632657
"HUST","HUST_4-8.pkl","absolute_cycle","200_cycles",200.0,1747,200,0.11448197066783905,1547.0,397.292236328125,1149.707763671875,65.81040433153262
"HUST","HUST_4-8.pkl","absolute_cycle","500_cycles",500.0,1747,500,0.2862049341201782,1247.0,397.29205322265625,849.7079467773438,48.63811944918968
"HUST","HUST_5-1.pkl","life_fraction","20%",0.20000000298023224,2583,517,0.2001548558473587,2066.0,397.2929992675781,1668.70703125,64.60344681571816
"HUST","HUST_5-1.pkl","life_fraction","40%",0.4000000059604645,2583,1033,0.39992257952690125,1550.0,397.2933654785156,1152.7066650390625,44.626661441698126
"HUST","HUST_5-1.pkl","life_fraction","60%",0.6000000238418579,2583,1550,0.6000774502754211,1033.0,397.2929992675781,635.70703125,24.61118975029036
"HUST","HUST_5-1.pkl","life_fraction","80%",0.800000011920929,2583,2066,0.7998451590538025,517.0,397.292236328125,119.707763671875,4.634446909480255
"HUST","HUST_5-1.pkl","absolute_cycle","20_cycles",20.0,2583,20,0.0077429343946278095,2563.0,397.1944274902344,2165.8056640625,83.84845776471158
"HUST","HUST_5-1.pkl","absolute_cycle","50_cycles",50.0,2583,50,0.019357336685061455,2533.0,397.2929992675781,2135.70703125,82.68319904181185
"HUST","HUST_5-1.pkl","absolute_cycle","100_cycles",100.0,2583,100,0.03871467337012291,2483.0,397.2926025390625,2085.70751953125,80.74748430240999
"HUST","HUST_5-1.pkl","absolute_cycle","200_cycles",200.0,2583,200,0.07742934674024582,2383.0,397.2929992675781,1985.70703125,76.8759981126597
"HUST","HUST_5-1.pkl","absolute_cycle","500_cycles",500.0,2583,500,0.19357337057590485,2083.0,397.2929992675781,1685.70703125,65.2615962543554
"HUST","HUST_5-2.pkl","life_fraction","20%",0.20000000298023224,1981,396,0.19989904761314392,1585.0,397.29376220703125,1187.706298828125,59.95488636184377
"HUST","HUST_5-2.pkl","life_fraction","40%",0.4000000059604645,1981,792,0.39979809522628784,1189.0,397.2929992675781,791.70703125,39.965019245330645
"HUST","HUST_5-2.pkl","life_fraction","60%",0.6000000238418579,1981,1189,0.6002019047737122,792.0,397.2929992675781,394.7070007324219,19.924634060192925
"HUST","HUST_5-2.pkl","life_fraction","80%",0.800000011920929,1981,1585,0.8001009821891785,396.0,397.292236328125,1.292236328125,0.0652315158064109
"HUST","HUST_5-2.pkl","absolute_cycle","20_cycles",20.0,1981,20,0.010095911100506783,1961.0,397.196533203125,1563.803466796875,78.94010433098813
"HUST","HUST_5-2.pkl","absolute_cycle","50_cycles",50.0,1981,50,0.02523977868258953,1931.0,397.2933654785156,1533.7066650390625,77.42083114785777
"HUST","HUST_5-2.pkl","absolute_cycle","100_cycles",100.0,1981,100,0.05047955736517906,1881.0,397.2935485839844,1483.7064208984375,74.89684103475201
"HUST","HUST_5-2.pkl","absolute_cycle","200_cycles",200.0,1981,200,0.10095911473035812,1781.0,397.2931823730469,1383.706787109375,69.84890394292655
"HUST","HUST_5-2.pkl","absolute_cycle","500_cycles",500.0,1981,500,0.2523977756500244,1481.0,397.2933654785156,1083.7066650390625,54.70503104689866
"HUST","HUST_5-3.pkl","life_fraction","20%",0.20000000298023224,2764,553,0.20007236301898956,2211.0,397.2933654785156,1813.7066650390625,65.61890973368533
"HUST","HUST_5-3.pkl","life_fraction","40%",0.4000000059604645,2764,1106,0.4001447260379791,1658.0,397.29412841796875,1260.705810546875,45.61164292861342
"HUST","HUST_5-3.pkl","life_fraction","60%",0.6000000238418579,2764,1658,0.5998553037643433,1106.0,397.2933654785156,708.7066650390625,25.640617403728744
"HUST","HUST_5-3.pkl","life_fraction","80%",0.800000011920929,2764,2211,0.7999276518821716,553.0,397.292236328125,155.707763671875,5.63342126164526
"HUST","HUST_5-3.pkl","absolute_cycle","20_cycles",20.0,2764,20,0.0072358897887170315,2744.0,397.195556640625,2346.804443359375,84.90609418811053
"HUST","HUST_5-3.pkl","absolute_cycle","50_cycles",50.0,2764,50,0.018089724704623222,2714.0,397.2935485839844,2316.70654296875,83.81716870364508
"HUST","HUST_5-3.pkl","absolute_cycle","100_cycles",100.0,2764,100,0.036179449409246445,2664.0,397.2933654785156,2266.70654296875,82.00819620002713
"HUST","HUST_5-3.pkl","absolute_cycle","200_cycles",200.0,2764,200,0.07235889881849289,2564.0,397.29376220703125,2166.706298828125,78.39024235991769
"HUST","HUST_5-3.pkl","absolute_cycle","500_cycles",500.0,2764,500,0.18089725077152252,2264.0,397.29376220703125,1866.706298828125,67.53640733821003
"HUST","HUST_5-4.pkl","life_fraction","20%",0.20000000298023224,2025,405,0.20000000298023224,1620.0,397.2929992675781,1222.70703125,60.38059413580247
"HUST","HUST_5-4.pkl","life_fraction","40%",0.4000000059604645,2025,810,0.4000000059604645,1215.0,397.2933654785156,817.7066650390625,40.38057605131173
"HUST","HUST_5-4.pkl","life_fraction","60%",0.6000000238418579,2025,1215,0.6000000238418579,810.0,397.2933654785156,412.7066345214844,20.380574544270832
"HUST","HUST_5-4.pkl","life_fraction","80%",0.800000011920929,2025,1620,0.800000011920929,405.0,397.29278564453125,7.70721435546875,0.3806031780478395
"HUST","HUST_5-4.pkl","absolute_cycle","20_cycles",20.0,2025,20,0.009876543655991554,2005.0,397.1934814453125,1607.8065185546875,79.39785276813272
"HUST","HUST_5-4.pkl","absolute_cycle","50_cycles",50.0,2025,50,0.02469135820865631,1975.0,397.29241943359375,1577.70751953125,77.91148244598766
"HUST","HUST_5-4.pkl","absolute_cycle","100_cycles",100.0,2025,100,0.04938271641731262,1925.0,397.29278564453125,1527.707275390625,75.44233458719135
"HUST","HUST_5-4.pkl","absolute_cycle","200_cycles",200.0,2025,200,0.09876543283462524,1825.0,397.29278564453125,1427.707275390625,70.50406298225309
"HUST","HUST_5-4.pkl","absolute_cycle","500_cycles",500.0,2025,500,0.2469135820865631,1525.0,397.29278564453125,1127.707275390625,55.68924816743827
"HUST","HUST_5-5.pkl","life_fraction","20%",0.20000000298023224,1634,327,0.2001224011182785,1307.0,397.29412841796875,909.7058715820312,55.673553952388694
"HUST","HUST_5-5.pkl","life_fraction","40%",0.4000000059604645,1634,654,0.400244802236557,980.0,397.29412841796875,582.7058715820312,35.66131405030791
"HUST","HUST_5-5.pkl","life_fraction","60%",0.6000000238418579,1634,980,0.5997552275657654,654.0,397.2933654785156,256.7066345214844,15.710320350152042
"HUST","HUST_5-5.pkl","life_fraction","80%",0.800000011920929,1634,1307,0.7998775839805603,327.0,397.2926025390625,70.2926025390625,4.301872860407742
"HUST","HUST_5-5.pkl","absolute_cycle","20_cycles",20.0,1634,20,0.012239902280271053,1614.0,397.1968994140625,1216.8031005859375,74.46775401382726
"HUST","HUST_5-5.pkl","absolute_cycle","50_cycles",50.0,1634,50,0.03059975430369377,1584.0,397.29376220703125,1186.706298828125,72.62584448152539
"HUST","HUST_5-5.pkl","absolute_cycle","100_cycles",100.0,1634,100,0.06119950860738754,1534.0,397.2939453125,1136.7060546875,69.56585402004283
"HUST","HUST_5-5.pkl","absolute_cycle","200_cycles",200.0,1634,200,0.12239901721477509,1434.0,397.29376220703125,1036.706298828125,63.44591792093788
"HUST","HUST_5-5.pkl","absolute_cycle","500_cycles",500.0,1634,500,0.3059975504875183,1134.0,397.29376220703125,736.7062377929688,45.086061064441175
"HUST","HUST_5-6.pkl","life_fraction","20%",0.20000000298023224,2538,508,0.20015759766101837,2030.0,397.29449462890625,1632.70556640625,64.33040056762215
"HUST","HUST_5-6.pkl","life_fraction","40%",0.4000000059604645,2538,1015,0.3999212086200714,1523.0,397.2948913574219,1125.705078125,44.35402199074074
"HUST","HUST_5-6.pkl","life_fraction","60%",0.6000000238418579,2538,1523,0.600078821182251,1015.0,397.29449462890625,617.7055053710938,24.33827838341583
"HUST","HUST_5-6.pkl","life_fraction","80%",0.800000011920929,2538,2030,0.7998424172401428,508.0,397.2933654785156,110.70663452148438,4.361963535125468
"HUST","HUST_5-6.pkl","absolute_cycle","20_cycles",20.0,2538,20,0.00788022018969059,2518.0,397.1961364746094,2120.803955078125,83.56201556651399
"HUST","HUST_5-6.pkl","absolute_cycle","50_cycles",50.0,2538,50,0.01970055140554905,2488.0,397.29412841796875,2090.705810546875,82.37611546677995
"HUST","HUST_5-6.pkl","absolute_cycle","100_cycles",100.0,2538,100,0.0394011028110981,2438.0,397.2943115234375,2040.7056884765625,80.40605549553044
"HUST","HUST_5-6.pkl","absolute_cycle","200_cycles",200.0,2538,200,0.0788022056221962,2338.0,397.2939453125,1940.7060546875,76.46595960155635
"HUST","HUST_5-6.pkl","absolute_cycle","500_cycles",500.0,2538,500,0.1970055103302002,2038.0,397.29412841796875,1640.705810546875,64.64561901287924
"HUST","HUST_5-7.pkl","life_fraction","20%",0.20000000298023224,1490,298,0.20000000298023224,1192.0,397.29449462890625,794.7055053710938,53.335939957791524
"HUST","HUST_5-7.pkl","life_fraction","40%",0.4000000059604645,1490,596,0.4000000059604645,894.0,397.2948913574219,496.7051086425781,33.335913331716654
"HUST","HUST_5-7.pkl","life_fraction","60%",0.6000000238418579,1490,894,0.6000000238418579,596.0,397.2952575683594,198.70474243164062,13.335888753801385
"HUST","HUST_5-7.pkl","life_fraction","80%",0.800000011920929,1490,1192,0.800000011920929,298.0,397.29412841796875,99.29412841796875,6.664035464293205
"HUST","HUST_5-7.pkl","absolute_cycle","20_cycles",20.0,1490,20,0.01342281885445118,1470.0,397.1968994140625,1072.8031005859375,72.00020809301594
"HUST","HUST_5-7.pkl","absolute_cycle","50_cycles",50.0,1490,50,0.033557046204805374,1440.0,397.2948913574219,1042.705078125,69.98020658557047
"HUST","HUST_5-7.pkl","absolute_cycle","100_cycles",100.0,1490,100,0.06711409240961075,1390.0,397.2948913574219,992.705078125,66.62450188758389
"HUST","HUST_5-7.pkl","absolute_cycle","200_cycles",200.0,1490,200,0.1342281848192215,1290.0,397.29449462890625,892.7055053710938,59.91312116584522
"HUST","HUST_5-7.pkl","absolute_cycle","500_cycles",500.0,1490,500,0.33557048439979553,990.0,397.2948913574219,592.705078125,39.77886430369127
"HUST","HUST_6-1.pkl","life_fraction","20%",0.20000000298023224,1667,333,0.1997600495815277,1334.0,397.29376220703125,936.7062377929688,56.191136040370054
"HUST","HUST_6-1.pkl","life_fraction","40%",0.4000000059604645,1667,667,0.40011999011039734,1000.0,397.2939453125,602.7060546875,36.15513225479904
"HUST","HUST_6-1.pkl","life_fraction","60%",0.6000000238418579,1667,1000,0.599880039691925,667.0,397.29376220703125,269.70623779296875,16.179138439890146
"HUST","HUST_6-1.pkl","life_fraction","80%",0.800000011920929,1667,1334,0.8002399802207947,333.0,397.2933654785156,64.29336547851562,3.8568305625984176
"HUST","HUST_6-1.pkl","absolute_cycle","20_cycles",20.0,1667,20,0.011997600086033344,1647.0,397.1942443847656,1249.8057861328125,74.97335249746925
"HUST","HUST_6-1.pkl","absolute_cycle","50_cycles",50.0,1667,50,0.029994001612067223,1617.0,397.29278564453125,1219.707275390625,73.16780296284493
"HUST","HUST_6-1.pkl","absolute_cycle","100_cycles",100.0,1667,100,0.059988003224134445,1567.0,397.2931823730469,1169.706787109375,70.16837355185213
"HUST","HUST_6-1.pkl","absolute_cycle","200_cycles",200.0,1667,200,0.11997600644826889,1467.0,397.2931823730469,1069.706787109375,64.16957331190012
"HUST","HUST_6-1.pkl","absolute_cycle","500_cycles",500.0,1667,500,0.2999400198459625,1167.0,397.2933654785156,769.7066650390625,46.17316526928989
"HUST","HUST_6-2.pkl","life_fraction","20%",0.20000000298023224,1972,394,0.1997971534729004,1578.0,397.29449462890625,1180.70556640625,59.873507424252026
"HUST","HUST_6-2.pkl","life_fraction","40%",0.4000000059604645,1972,789,0.4001014232635498,1183.0,397.2943115234375,785.7056884765625,39.84308765094131
"HUST","HUST_6-2.pkl","life_fraction","60%",0.6000000238418579,1972,1183,0.5998985767364502,789.0,397.2943115234375,391.7056884765625,19.863371626600532
"HUST","HUST_6-2.pkl","life_fraction","80%",0.800000011920929,1972,1578,0.8002028465270996,394.0,397.2935485839844,3.293548583984375,0.16701564827506973
"HUST","HUST_6-2.pkl","absolute_cycle","20_cycles",20.0,1972,20,0.010141988284885883,1952.0,397.1980285644531,1554.802001953125,78.84391490634508
"HUST","HUST_6-2.pkl","absolute_cycle","50_cycles",50.0,1972,50,0.02535497024655342,1922.0,397.2948913574219,1524.705078125,77.31770173047667
"HUST","HUST_6-2.pkl","absolute_cycle","100_cycles",100.0,1972,100,0.05070994049310684,1872.0,397.29449462890625,1474.70556640625,74.7822295337855
"HUST","HUST_6-2.pkl","absolute_cycle","200_cycles",200.0,1972,200,0.10141988098621368,1772.0,397.29449462890625,1374.70556640625,69.7112356189782
"HUST","HUST_6-2.pkl","absolute_cycle","500_cycles",500.0,1972,500,0.2535496950149536,1472.0,397.29412841796875,1074.705810546875,54.49826625491252
"HUST","HUST_6-3.pkl","life_fraction","20%",0.20000000298023224,1869,374,0.20010700821876526,1495.0,397.2948913574219,1097.705078125,58.73221391787052
"HUST","HUST_6-3.pkl","life_fraction","40%",0.4000000059604645,1869,748,0.4002140164375305,1121.0,397.2948913574219,723.705078125,38.72151300829321
"HUST","HUST_6-3.pkl","life_fraction","60%",0.6000000238418579,1869,1121,0.5997859835624695,748.0,397.294677734375,350.705322265625,18.764329709236222
"HUST","HUST_6-3.pkl","life_fraction","80%",0.800000011920929,1869,1495,0.7998929619789124,374.0,397.2943115234375,23.2943115234375,1.2463516063904494
"HUST","HUST_6-3.pkl","absolute_cycle","20_cycles",20.0,1869,20,0.010700909420847893,1849.0,397.19842529296875,1451.801513671875,77.67798361005217
"HUST","HUST_6-3.pkl","absolute_cycle","50_cycles",50.0,1869,50,0.026752274483442307,1819.0,397.2948913574219,1421.705078125,76.06768743311932
"HUST","HUST_6-3.pkl","absolute_cycle","100_cycles",100.0,1869,100,0.05350454896688461,1769.0,397.2952575683594,1371.7047119140625,73.39244044484016
"HUST","HUST_6-3.pkl","absolute_cycle","200_cycles",200.0,1869,200,0.10700909793376923,1669.0,397.2948913574219,1271.705078125,68.04200525013376
"HUST","HUST_6-3.pkl","absolute_cycle","500_cycles",500.0,1869,500,0.26752275228500366,1369.0,397.2948913574219,971.705078125,51.99064088416265
"HUST","HUST_6-4.pkl","life_fraction","20%",0.20000000298023224,1779,356,0.20011241734027863,1423.0,397.2948913574219,1025.705078125,57.65627195756043
"HUST","HUST_6-4.pkl","life_fraction","40%",0.4000000059604645,1779,712,0.40022483468055725,1067.0,397.29583740234375,669.7041625976562,37.64497822358945
"HUST","HUST_6-4.pkl","life_fraction","60%",0.6000000238418579,1779,1067,0.5997751355171204,712.0,397.29547119140625,314.70452880859375,17.689967892557267
"HUST","HUST_6-4.pkl","life_fraction","80%",0.800000011920929,1779,1423,0.7998875975608826,356.0,397.2948913574219,41.294891357421875,2.321241785127705
"HUST","HUST_6-4.pkl","absolute_cycle","20_cycles",20.0,1779,20,0.011242271400988102,1759.0,397.1976623535156,1361.8023681640625,76.54875593952009
"HUST","HUST_6-4.pkl","absolute_cycle","50_cycles",50.0,1779,50,0.028105678036808968,1729.0,397.2948913574219,1331.705078125,74.85694649381675
"HUST","HUST_6-4.pkl","absolute_cycle","100_cycles",100.0,1779,100,0.056211356073617935,1679.0,397.294677734375,1281.705322265625,72.04639248260962
"HUST","HUST_6-4.pkl","absolute_cycle","200_cycles",200.0,1779,200,0.11242271214723587,1579.0,397.2952575683594,1181.7047119140625,66.42522270455663
"HUST","HUST_6-4.pkl","absolute_cycle","500_cycles",500.0,1779,500,0.2810567617416382,1279.0,397.2952575683594,881.7047119140625,49.5618162964622
"HUST","HUST_6-5.pkl","life_fraction","20%",0.20000000298023224,2255,451,0.20000000298023224,1804.0,397.2960205078125,1406.7039794921875,62.381551196992795
"HUST","HUST_6-5.pkl","life_fraction","40%",0.4000000059604645,2255,902,0.4000000059604645,1353.0,397.2967834472656,955.7032470703125,42.381518717087026
"HUST","HUST_6-5.pkl","life_fraction","60%",0.6000000238418579,2255,1353,0.6000000238418579,902.0,397.29583740234375,504.70416259765625,22.381559316969234
"HUST","HUST_6-5.pkl","life_fraction","80%",0.800000011920929,2255,1804,0.800000011920929,451.0,397.294677734375,53.705322265625,2.3816107434866964
"HUST","HUST_6-5.pkl","absolute_cycle","20_cycles",20.0,2255,20,0.008869179524481297,2235.0,397.1978454589844,1837.8021240234375,81.49898554427661
"HUST","HUST_6-5.pkl","absolute_cycle","50_cycles",50.0,2255,50,0.022172948345541954,2205.0,397.29547119140625,1807.70458984375,80.1642833633592
"HUST","HUST_6-5.pkl","absolute_cycle","100_cycles",100.0,2255,100,0.04434589669108391,2155.0,397.29638671875,1757.70361328125,77.94694515659646
"HUST","HUST_6-5.pkl","absolute_cycle","200_cycles",200.0,2255,200,0.08869179338216782,2055.0,397.2960205078125,1657.7039794921875,73.51237159610588
"HUST","HUST_6-5.pkl","absolute_cycle","500_cycles",500.0,2255,500,0.22172948718070984,1755.0,397.29638671875,1357.70361328125,60.20858595482262
"HUST","HUST_6-6.pkl","life_fraction","20%",0.20000000298023224,2542,508,0.1998426467180252,2034.0,397.2943115234375,1636.7056884765625,64.38653377169797
"HUST","HUST_6-6.pkl","life_fraction","40%",0.4000000059604645,2542,1017,0.400078684091568,1525.0,397.2943115234375,1127.7056884765625,44.36293030985691
"HUST","HUST_6-6.pkl","life_fraction","60%",0.6000000238418579,2542,1525,0.5999213457107544,1017.0,397.2929992675781,619.70703125,24.37871877458694
"HUST","HUST_6-6.pkl","life_fraction","80%",0.800000011920929,2542,2034,0.800157368183136,508.0,397.29241943359375,110.70758056640625,4.355136922360592
"HUST","HUST_6-6.pkl","absolute_cycle","20_cycles",20.0,2542,20,0.00786782056093216,2522.0,397.197265625,2124.802734375,83.58783376770259
"HUST","HUST_6-6.pkl","absolute_cycle","50_cycles",50.0,2542,50,0.0196695514023304,2492.0,397.2948913574219,2094.705078125,82.40381896636507
"HUST","HUST_6-6.pkl","absolute_cycle","100_cycles",100.0,2542,100,0.0393391028046608,2442.0,397.294677734375,2044.705322265625,80.43687341721578
"HUST","HUST_6-6.pkl","absolute_cycle","200_cycles",200.0,2542,200,0.0786782056093216,2342.0,397.2948913574219,1944.705078125,76.50295350609755
"HUST","HUST_6-6.pkl","absolute_cycle","500_cycles",500.0,2542,500,0.19669552147388458,2042.0,397.29449462890625,1644.70556640625,64.70124179410897
"HUST","HUST_6-8.pkl","life_fraction","20%",0.20000000298023224,2574,515,0.20007769763469696,2059.0,397.29547119140625,1661.70458984375,64.55728787271757
"HUST","HUST_6-8.pkl","life_fraction","40%",0.4000000059604645,2574,1030,0.4001553952693939,1544.0,397.29583740234375,1146.7041015625,44.54949889520202
"HUST","HUST_6-8.pkl","life_fraction","60%",0.6000000238418579,2574,1544,0.5998445749282837,1030.0,397.295654296875,632.704345703125,24.580588411154817
"HUST","HUST_6-8.pkl","life_fraction","80%",0.800000011920929,2574,2059,0.7999222874641418,515.0,397.2943115234375,117.7056884765625,4.572870570185024
"HUST","HUST_6-8.pkl","absolute_cycle","20_cycles",20.0,2574,20,0.0077700079418718815,2554.0,397.1980285644531,2156.802001953125,83.79184156772047
"HUST","HUST_6-8.pkl","absolute_cycle","50_cycles",50.0,2574,50,0.01942501962184906,2524.0,397.2952575683594,2126.704833984375,82.62256542285839
"HUST","HUST_6-8.pkl","absolute_cycle","100_cycles",100.0,2574,100,0.03885003924369812,2474.0,397.29547119140625,2076.70458984375,80.68005399548369
"HUST","HUST_6-8.pkl","absolute_cycle","200_cycles",200.0,2574,200,0.07770007848739624,2374.0,397.2952575683594,1976.7047119140625,76.79505485291618
"HUST","HUST_6-8.pkl","absolute_cycle","500_cycles",500.0,2574,500,0.1942501962184906,2074.0,397.295654296875,1676.704345703125,65.14002897059538
"HUST","HUST_7-1.pkl","life_fraction","20%",0.20000000298023224,1752,350,0.1997716873884201,1402.0,397.2950744628906,1004.7049560546875,57.34617329079266
"HUST","HUST_7-1.pkl","life_fraction","40%",0.4000000059604645,1752,701,0.40011414885520935,1051.0,397.29547119140625,653.7045288085938,37.311902329257634
"HUST","HUST_7-1.pkl","life_fraction","60%",0.6000000238418579,1752,1051,0.5998858213424683,701.0,397.295654296875,303.704345703125,17.33472292826056
"HUST","HUST_7-1.pkl","life_fraction","80%",0.800000011920929,1752,1402,0.8002282977104187,350.0,397.29547119140625,47.29547119140625,2.6995131958565213
"HUST","HUST_7-1.pkl","absolute_cycle","20_cycles",20.0,1752,20,0.01141552533954382,1732.0,397.1968994140625,1334.8031005859375,76.18739158595534
"HUST","HUST_7-1.pkl","absolute_cycle","50_cycles",50.0,1752,50,0.028538811951875687,1702.0,397.2950744628906,1304.7049560546875,74.46946096202554
"HUST","HUST_7-1.pkl","absolute_cycle","100_cycles",100.0,1752,100,0.05707762390375137,1652.0,397.29449462890625,1254.70556640625,71.61561452090469
"HUST","HUST_7-1.pkl","absolute_cycle","200_cycles",200.0,1752,200,0.11415524780750275,1552.0,397.2952575683594,1154.7047119140625,65.90780319144193
"HUST","HUST_7-1.pkl","absolute_cycle","500_cycles",500.0,1752,500,0.28538814187049866,1252.0,397.2948913574219,854.705078125,48.78453642265982
"HUST","HUST_7-2.pkl","life_fraction","20%",0.20000000298023224,2088,418,0.20019157230854034,1670.0,397.2948913574219,1272.705078125,60.953308339319925
"HUST","HUST_7-2.pkl","life_fraction","40%",0.4000000059604645,2088,835,0.3999042212963104,1253.0,397.2943115234375,855.7056884765625,40.9820732029005
"HUST","HUST_7-2.pkl","life_fraction","60%",0.6000000238418579,2088,1253,0.600095808506012,835.0,397.29449462890625,437.70550537109375,20.962907345358897
"HUST","HUST_7-2.pkl","life_fraction","80%",0.800000011920929,2088,1670,0.7998084425926208,418.0,397.29449462890625,20.70550537109375,0.9916429775428042
"HUST","HUST_7-2.pkl","absolute_cycle","20_cycles",20.0,2088,20,0.009578543715178967,2068.0,397.1982421875,1670.8017578125,80.01924127454502
"HUST","HUST_7-2.pkl","absolute_cycle","50_cycles",50.0,2088,50,0.023946359753608704,2038.0,397.2952575683594,1640.7047119140625,78.57781187327886
"HUST","HUST_7-2.pkl","absolute_cycle","100_cycles",100.0,2088,100,0.04789271950721741,1988.0,397.2950744628906,1590.7049560546875,76.18318755051186
"HUST","HUST_7-2.pkl","absolute_cycle","200_cycles",200.0,2088,200,0.09578543901443481,1888.0,397.2948913574219,1490.705078125,71.39392136613985
"HUST","HUST_7-2.pkl","absolute_cycle","500_cycles",500.0,2088,500,0.23946359753608704,1588.0,397.29449462890625,1190.70556640625,57.02612865930316
"HUST","HUST_7-3.pkl","life_fraction","20%",0.20000000298023224,1318,264,0.20030349493026733,1054.0,397.2880554199219,656.7119140625,49.826397121585735
"HUST","HUST_7-3.pkl","life_fraction","40%",0.4000000059604645,1318,527,0.39984825253486633,791.0,397.288818359375,393.711181640625,29.8718650713676
"HUST","HUST_7-3.pkl","life_fraction","60%",0.6000000238418579,1318,791,0.6001517176628113,527.0,397.288818359375,129.711181640625,9.841516057710546
"HUST","HUST_7-3.pkl","life_fraction","80%",0.800000011920929,1318,1054,0.7996965050697327,264.0,397.2891845703125,133.2891845703125,10.112988207155729
"HUST","HUST_7-3.pkl","absolute_cycle","20_cycles",20.0,1318,20,0.015174507163465023,1298.0,397.1866455078125,900.8133544921875,68.34699199485489
"HUST","HUST_7-3.pkl","absolute_cycle","50_cycles",50.0,1318,50,0.037936266511678696,1268.0,397.28765869140625,870.7123413085938,66.0631518443546
"HUST","HUST_7-3.pkl","absolute_cycle","100_cycles",100.0,1318,100,0.07587253302335739,1218.0,397.28765869140625,820.7123413085938,62.269525137222594
"HUST","HUST_7-3.pkl","absolute_cycle","200_cycles",200.0,1318,200,0.15174506604671478,1118.0,397.28863525390625,720.7113647460938,54.68219762868693
"HUST","HUST_7-3.pkl","absolute_cycle","500_cycles",500.0,1318,500,0.37936267256736755,818.0,397.2884216308594,420.7115783691406,31.920453594016738
"HUST","HUST_7-4.pkl","life_fraction","20%",0.20000000298023224,1421,284,0.19985924661159515,1137.0,397.2884216308594,739.7115478515625,52.05570357857583
"HUST","HUST_7-4.pkl","life_fraction","40%",0.4000000059604645,1421,568,0.3997184932231903,853.0,397.288818359375,455.711181640625,32.06975240257741
"HUST","HUST_7-4.pkl","life_fraction","60%",0.6000000238418579,1421,853,0.6002814769744873,568.0,397.28955078125,170.71044921875,12.013402478448276
"HUST","HUST_7-4.pkl","life_fraction","80%",0.800000011920929,1421,1137,0.8001407384872437,284.0,397.2891845703125,113.2891845703125,7.97249715484254
"HUST","HUST_7-4.pkl","absolute_cycle","20_cycles",20.0,1421,20,0.014074595645070076,1401.0,397.1877746582031,1003.812255859375,70.64125656997713
"HUST","HUST_7-4.pkl","absolute_cycle","50_cycles",50.0,1421,50,0.035186488181352615,1371.0,397.2880554199219,973.7119140625,68.52300591572836
"HUST","HUST_7-4.pkl","absolute_cycle","100_cycles",100.0,1421,100,0.07037297636270523,1321.0,397.2884216308594,923.7115478515625,65.00433130552868
"HUST","HUST_7-4.pkl","absolute_cycle","200_cycles",200.0,1421,200,0.14074595272541046,1221.0,397.2882385253906,823.7117919921875,57.967050808739444
"HUST","HUST_7-4.pkl","absolute_cycle","500_cycles",500.0,1421,500,0.35186487436294556,921.0,397.2884216308594,523.7115478515625,36.855140594761615
"HUST","HUST_7-5.pkl","life_fraction","20%",0.20000000298023224,1907,381,0.19979023933410645,1526.0,397.288818359375,1128.711181640625,59.187791381259835
"HUST","HUST_7-5.pkl","life_fraction","40%",0.4000000059604645,1907,763,0.4001048803329468,1144.0,397.288818359375,746.711181640625,39.15632835032118
"HUST","HUST_7-5.pkl","life_fraction","60%",0.6000000238418579,1907,1144,0.5998951196670532,763.0,397.2882385253906,365.7117614746094,19.177334109837933
"HUST","HUST_7-5.pkl","life_fraction","80%",0.800000011920929,1907,1526,0.8002097606658936,381.0,397.2884216308594,16.288421630859375,0.8541385228557616
"HUST","HUST_7-5.pkl","absolute_cycle","20_cycles",20.0,1907,20,0.010487676598131657,1887.0,397.1889343261719,1489.81103515625,78.12328448643157
"HUST","HUST_7-5.pkl","absolute_cycle","50_cycles",50.0,1907,50,0.026219192892313004,1857.0,397.2884216308594,1459.7115478515625,76.54491598592357
"HUST","HUST_7-5.pkl","absolute_cycle","100_cycles",100.0,1907,100,0.05243838578462601,1807.0,397.2882385253906,1409.7117919921875,73.92300954337638
"HUST","HUST_7-5.pkl","absolute_cycle","200_cycles",200.0,1907,200,0.10487677156925201,1707.0,397.2884216308594,1309.7115478515625,68.6791582512618
"HUST","HUST_7-5.pkl","absolute_cycle","500_cycles",500.0,1907,500,0.26219192147254944,1407.0,397.2882385253906,1009.7117919921875,52.947655584278316
"HUST","HUST_7-6.pkl","life_fraction","20%",0.20000000298023224,1450,290,0.20000000298023224,1160.0,397.288818359375,762.711181640625,52.60077114762931
"HUST","HUST_7-6.pkl","life_fraction","40%",0.4000000059604645,1450,580,0.4000000059604645,870.0,397.288818359375,472.711181640625,32.60077114762931
"HUST","HUST_7-6.pkl","life_fraction","60%",0.6000000238418579,1450,870,0.6000000238418579,580.0,397.28936767578125,182.71063232421875,12.600733263739224
"HUST","HUST_7-6.pkl","life_fraction","80%",0.800000011920929,1450,1160,0.800000011920929,290.0,397.2891845703125,107.2891845703125,7.399254108297414
"HUST","HUST_7-6.pkl","absolute_cycle","20_cycles",20.0,1450,20,0.013793103396892548,1430.0,397.1883544921875,1032.8116455078125,71.22838934536638
"HUST","HUST_7-6.pkl","absolute_cycle","50_cycles",50.0,1450,50,0.03448275849223137,1400.0,397.287841796875,1002.712158203125,69.15256263469827
"HUST","HUST_7-6.pkl","absolute_cycle","100_cycles",100.0,1450,100,0.06896551698446274,1350.0,397.288818359375,952.711181640625,65.70421942349138
"HUST","HUST_7-6.pkl","absolute_cycle","200_cycles",200.0,1450,200,0.13793103396892548,1250.0,397.288818359375,852.711181640625,58.807667699353445
"HUST","HUST_7-6.pkl","absolute_cycle","500_cycles",500.0,1450,500,0.3448275923728943,950.0,397.2891845703125,552.7108154296875,38.11798727101293
"HUST","HUST_7-7.pkl","life_fraction","20%",0.20000000298023224,1726,345,0.19988413155078888,1381.0,397.28955078125,983.71044921875,56.99365290954519
"HUST","HUST_7-7.pkl","life_fraction","40%",0.4000000059604645,1726,690,0.39976826310157776,1036.0,397.2891845703125,638.7108154296875,37.0052616123805
"HUST","HUST_7-7.pkl","life_fraction","60%",0.6000000238418579,1726,1036,0.6002317667007446,690.0,397.2891845703125,292.7108154296875,16.95891167031793
"HUST","HUST_7-7.pkl","life_fraction","80%",0.800000011920929,1726,1381,0.8001158833503723,345.0,397.288818359375,52.288818359375,3.0294796268467556
"HUST","HUST_7-7.pkl","absolute_cycle","20_cycles",20.0,1726,20,0.011587485671043396,1706.0,397.1891174316406,1308.8109130859375,75.82913749049465
"HUST","HUST_7-7.pkl","absolute_cycle","50_cycles",50.0,1726,50,0.02896871417760849,1676.0,397.288818359375,1278.711181640625,74.08523647975811
"HUST","HUST_7-7.pkl","absolute_cycle","100_cycles",100.0,1726,100,0.05793742835521698,1626.0,397.28900146484375,1228.7109375,71.18835095596755
"HUST","HUST_7-7.pkl","absolute_cycle","200_cycles",200.0,1726,200,0.11587485671043396,1526.0,397.2891845703125,1128.7108154296875,65.39460112570612
"HUST","HUST_7-7.pkl","absolute_cycle","500_cycles",500.0,1726,500,0.2896871268749237,1226.0,397.2891845703125,828.7108154296875,48.01337285224145
"HUST","HUST_7-8.pkl","life_fraction","20%",0.20000000298023224,1975,395,0.20000000298023224,1580.0,397.2899475097656,1182.7100830078125,59.884054835838604
"HUST","HUST_7-8.pkl","life_fraction","40%",0.4000000059604645,1975,790,0.4000000059604645,1185.0,397.2899475097656,787.7100830078125,39.884054835838604
"HUST","HUST_7-8.pkl","life_fraction","60%",0.6000000238418579,1975,1185,0.6000000238418579,790.0,397.29034423828125,392.70965576171875,19.884033203125
"HUST","HUST_7-8.pkl","life_fraction","80%",0.800000011920929,1975,1580,0.800000011920929,395.0,397.29034423828125,2.29034423828125,0.115966796875
"HUST","HUST_7-8.pkl","absolute_cycle","20_cycles",20.0,1975,20,0.010126582346856594,1955.0,397.1906433105469,1557.809326171875,78.87642157832279
"HUST","HUST_7-8.pkl","absolute_cycle","50_cycles",50.0,1975,50,0.025316456332802773,1925.0,397.2899475097656,1527.7100830078125,77.35240926621836
"HUST","HUST_7-8.pkl","absolute_cycle","100_cycles",100.0,1975,100,0.050632912665605545,1875.0,397.29034423828125,1477.709716796875,74.82074515427215
"HUST","HUST_7-8.pkl","absolute_cycle","200_cycles",200.0,1975,200,0.10126582533121109,1775.0,397.2899475097656,1377.7100830078125,69.7574725573576
"HUST","HUST_7-8.pkl","absolute_cycle","500_cycles",500.0,1975,500,0.2531645596027374,1475.0,397.2897644042969,1077.710205078125,54.567605320411396
"HUST","HUST_8-1.pkl","life_fraction","20%",0.20000000298023224,1338,268,0.2002989500761032,1070.0,397.29071044921875,672.7092895507812,50.277226423825205
"HUST","HUST_8-1.pkl","life_fraction","40%",0.4000000059604645,1338,535,0.3998505175113678,803.0,397.29107666015625,405.70892333984375,30.322042103127334
"HUST","HUST_8-1.pkl","life_fraction","60%",0.6000000238418579,1338,803,0.6001494526863098,535.0,397.2914733886719,137.70852661132812,10.29211708604844
"HUST","HUST_8-1.pkl","life_fraction","80%",0.800000011920929,1338,1070,0.7997010350227356,268.0,397.291259765625,129.291259765625,9.663023898776158
"HUST","HUST_8-1.pkl","absolute_cycle","20_cycles",20.0,1338,20,0.014947683550417423,1318.0,397.1911926269531,920.808837890625,68.81979356432174
"HUST","HUST_8-1.pkl","absolute_cycle","50_cycles",50.0,1338,50,0.03736920654773712,1288.0,397.29052734375,890.70947265625,66.57021469777654
"HUST","HUST_8-1.pkl","absolute_cycle","100_cycles",100.0,1338,100,0.07473841309547424,1238.0,397.2901306152344,840.7098388671875,62.833321290522235
"HUST","HUST_8-1.pkl","absolute_cycle","200_cycles",200.0,1338,200,0.1494768261909485,1138.0,397.29107666015625,740.7089233398438,55.35941131090013
"HUST","HUST_8-1.pkl","absolute_cycle","500_cycles",500.0,1338,500,0.3736920654773712,838.0,397.29071044921875,440.70928955078125,32.937914017248225
"HUST","HUST_8-2.pkl","life_fraction","20%",0.20000000298023224,2100,420,0.20000000298023224,1680.0,397.29107666015625,1282.708984375,61.081380208333336
"HUST","HUST_8-2.pkl","life_fraction","40%",0.4000000059604645,2100,840,0.4000000059604645,1260.0,397.2916564941406,862.7083740234375,41.081351143973215
"HUST","HUST_8-2.pkl","life_fraction","60%",0.6000000238418579,2100,1260,0.6000000238418579,840.0,397.2916564941406,442.7083435058594,21.081349690755207
"HUST","HUST_8-2.pkl","life_fraction","80%",0.800000011920929,2100,1680,0.800000011920929,420.0,397.2908935546875,22.7091064453125,1.0813860212053572
"HUST","HUST_8-2.pkl","absolute_cycle","20_cycles",20.0,2100,20,0.009523809887468815,2080.0,397.1917724609375,1682.8082275390625,80.13372512090774
"HUST","HUST_8-2.pkl","absolute_cycle","50_cycles",50.0,2100,50,0.02380952425301075,2050.0,397.29052734375,1652.70947265625,78.70045107886905
"HUST","HUST_8-2.pkl","absolute_cycle","100_cycles",100.0,2100,100,0.0476190485060215,2000.0,397.2908935546875,1602.7091064453125,76.3194812593006
"HUST","HUST_8-2.pkl","absolute_cycle","200_cycles",200.0,2100,200,0.095238097012043,1900.0,397.2908935546875,1502.7091064453125,71.55757649739583
"HUST","HUST_8-2.pkl","absolute_cycle","500_cycles",500.0,2100,500,0.2380952388048172,1600.0,397.291259765625,1202.708740234375,57.271844773065474
"HUST","HUST_8-3.pkl","life_fraction","20%",0.20000000298023224,2338,468,0.2001710832118988,1870.0,397.2914733886719,1472.70849609375,62.99009820760265
"HUST","HUST_8-3.pkl","life_fraction","40%",0.4000000059604645,2338,935,0.3999144434928894,1403.0,397.2908935546875,1005.7091064453125,43.01578727311003
"HUST","HUST_8-3.pkl","life_fraction","60%",0.6000000238418579,2338,1403,0.6000855565071106,935.0,397.29071044921875,537.7092895507812,22.998686464960702
"HUST","HUST_8-3.pkl","life_fraction","80%",0.800000011920929,2338,1870,0.7998288869857788,468.0,397.2901306152344,70.70986938476562,3.0243742251824477
"HUST","HUST_8-3.pkl","absolute_cycle","20_cycles",20.0,2338,20,0.008554319851100445,2318.0,397.1934814453125,1920.8065185546875,82.15596743176593
"HUST","HUST_8-3.pkl","absolute_cycle","50_cycles",50.0,2338,50,0.0213858000934124,2288.0,397.2916564941406,1890.7083740234375,80.86862164343188
"HUST","HUST_8-3.pkl","absolute_cycle","100_cycles",100.0,2338,100,0.0427716001868248,2238.0,397.2914733886719,1840.70849609375,78.73004688168307
"HUST","HUST_8-3.pkl","absolute_cycle","200_cycles",200.0,2338,200,0.0855432003736496,2138.0,397.2914733886719,1740.70849609375,74.45288691590034
"HUST","HUST_8-3.pkl","absolute_cycle","500_cycles",500.0,2338,500,0.2138579934835434,1838.0,397.29107666015625,1440.708984375,61.621427903122324
"HUST","HUST_8-4.pkl","life_fraction","20%",0.20000000298023224,1938,388,0.20020639896392822,1550.0,397.2918395996094,1152.7081298828125,59.47926366784378
"HUST","HUST_8-4.pkl","life_fraction","40%",0.4000000059604645,1938,775,0.3998968005180359,1163.0,397.2916564941406,765.7083740234375,39.51023601772123
"HUST","HUST_8-4.pkl","life_fraction","60%",0.6000000238418579,1938,1163,0.6001031994819641,775.0,397.292236328125,377.707763671875,19.489564688951237
"HUST","HUST_8-4.pkl","life_fraction","80%",0.800000011920929,1938,1550,0.7997936010360718,388.0,397.29107666015625,9.29107666015625,0.47941572033829977
"HUST","HUST_8-4.pkl","absolute_cycle","20_cycles",20.0,1938,20,0.01031991746276617,1918.0,397.1927185058594,1520.8072509765625,78.4730263661797
"HUST","HUST_8-4.pkl","absolute_cycle","50_cycles",50.0,1938,50,0.025799794122576714,1888.0,397.2908935546875,1490.7091064453125,76.91997453278186
"HUST","HUST_8-4.pkl","absolute_cycle","100_cycles",100.0,1938,100,0.05159958824515343,1838.0,397.29107666015625,1440.708984375,74.339988873839
"HUST","HUST_8-4.pkl","absolute_cycle","200_cycles",200.0,1938,200,0.10319917649030685,1738.0,397.29107666015625,1340.708984375,69.18003015350877
"HUST","HUST_8-4.pkl","absolute_cycle","500_cycles",500.0,1938,500,0.25799793004989624,1438.0,397.2916564941406,1040.7083740234375,53.70012249862938
"HUST","HUST_8-5.pkl","life_fraction","20%",0.20000000298023224,1382,276,0.19971056282520294,1106.0,397.2914733886719,708.70849609375,51.28136730056078
"HUST","HUST_8-5.pkl","life_fraction","40%",0.4000000059604645,1382,553,0.4001447260379791,829.0,397.2916564941406,431.7083435058594,31.23794091938201
"HUST","HUST_8-5.pkl","life_fraction","60%",0.6000000238418579,1382,829,0.5998553037643433,553.0,397.29205322265625,155.70794677734375,11.26685577260085
"HUST","HUST_8-5.pkl","life_fraction","80%",0.800000011920929,1382,1106,0.8002894520759583,276.0,397.2918395996094,121.29183959960938,8.776544109957262
"HUST","HUST_8-5.pkl","absolute_cycle","20_cycles",20.0,1382,20,0.014471779577434063,1362.0,397.19140625,964.80859375,69.81248869392185
"HUST","HUST_8-5.pkl","absolute_cycle","50_cycles",50.0,1382,50,0.036179449409246445,1332.0,397.2908935546875,934.7091064453125,67.63452289763477
"HUST","HUST_8-5.pkl","absolute_cycle","100_cycles",100.0,1382,100,0.07235889881849289,1282.0,397.29107666015625,884.7089233398438,64.01656464108855
"HUST","HUST_8-5.pkl","absolute_cycle","200_cycles",200.0,1382,200,0.14471779763698578,1182.0,397.291259765625,784.708740234375,56.78066137730644
"HUST","HUST_8-5.pkl","absolute_cycle","500_cycles",500.0,1382,500,0.36179450154304504,882.0,397.2914733886719,484.7085266113281,35.072975876362385
"HUST","HUST_8-6.pkl","life_fraction","20%",0.20000000298023224,2436,487,0.19991789758205414,1949.0,397.2918395996094,1551.7081298828125,63.699020110131876
"HUST","HUST_8-6.pkl","life_fraction","40%",0.4000000059604645,2436,974,0.3998357951641083,1462.0,397.29241943359375,1064.70751953125,43.70720523527299
"HUST","HUST_8-6.pkl","life_fraction","60%",0.6000000238418579,2436,1462,0.6001641750335693,974.0,397.2926025390625,576.7073974609375,23.67435950168052
"HUST","HUST_8-6.pkl","life_fraction","80%",0.800000011920929,2436,1949,0.8000820875167847,487.0,397.2916564941406,89.70834350585938,3.68260851830293
"HUST","HUST_8-6.pkl","absolute_cycle","20_cycles",20.0,2436,20,0.008210180327296257,2416.0,397.1927185058594,2018.8072509765625,82.87386087752719
"HUST","HUST_8-6.pkl","absolute_cycle","50_cycles",50.0,2436,50,0.020525451749563217,2386.0,397.291259765625,1988.708740234375,81.63828982899733
"HUST","HUST_8-6.pkl","absolute_cycle","100_cycles",100.0,2436,100,0.041050903499126434,2336.0,397.291259765625,1938.708740234375,79.5857446730039
"HUST","HUST_8-6.pkl","absolute_cycle","200_cycles",200.0,2436,200,0.08210180699825287,2236.0,397.291259765625,1838.708740234375,75.48065436101703
"HUST","HUST_8-6.pkl","absolute_cycle","500_cycles",500.0,2436,500,0.20525451004505157,1936.0,397.2918395996094,1538.7081298828125,63.16535836957358
"HUST","HUST_8-7.pkl","life_fraction","20%",0.20000000298023224,2116,423,0.19990548491477966,1693.0,397.29241943359375,1295.70751953125,61.233814722648866
"HUST","HUST_8-7.pkl","life_fraction","40%",0.4000000059604645,2116,846,0.3998109698295593,1270.0,397.2931823730469,872.706787109375,41.243231904979915
"HUST","HUST_8-7.pkl","life_fraction","60%",0.6000000238418579,2116,1270,0.6001890301704407,846.0,397.29278564453125,448.70721435546875,21.205444912829336
"HUST","HUST_8-7.pkl","life_fraction","80%",0.800000011920929,2116,1693,0.8000945448875427,423.0,397.2918395996094,25.708160400390625,1.2149414177878368
"HUST","HUST_8-7.pkl","absolute_cycle","20_cycles",20.0,2116,20,0.009451796300709248,2096.0,397.1927185058594,1698.8072509765625,80.28389654898689
"HUST","HUST_8-7.pkl","absolute_cycle","50_cycles",50.0,2116,50,0.02362949028611183,2066.0,397.2914733886719,1668.70849609375,78.86146011785208
"HUST","HUST_8-7.pkl","absolute_cycle","100_cycles",100.0,2116,100,0.04725898057222366,2016.0,397.2914733886719,1618.70849609375,76.49851115754961
"HUST","HUST_8-7.pkl","absolute_cycle","200_cycles",200.0,2116,200,0.09451796114444733,1916.0,397.2914733886719,1518.70849609375,71.77261323694471
"HUST","HUST_8-7.pkl","absolute_cycle","500_cycles",500.0,2116,500,0.23629489541053772,1616.0,397.292236328125,1218.707763671875,57.5948848616198
"HUST","HUST_8-8.pkl","life_fraction","20%",0.20000000298023224,1722,344,0.19976770877838135,1378.0,397.2926025390625,980.7073974609375,56.951649097615416
"HUST","HUST_8-8.pkl","life_fraction","40%",0.4000000059604645,1722,689,0.4001161456108093,1033.0,397.292236328125,635.707763671875,36.91682715864547
"HUST","HUST_8-8.pkl","life_fraction","60%",0.6000000238418579,1722,1033,0.5998838543891907,689.0,397.29241943359375,291.70758056640625,16.940045329059597
"HUST","HUST_8-8.pkl","life_fraction","80%",0.800000011920929,1722,1378,0.8002322912216187,344.0,397.2918395996094,53.291839599609375,3.0947642043907884
"HUST","HUST_8-8.pkl","absolute_cycle","20_cycles",20.0,1722,20,0.011614401824772358,1702.0,397.1951904296875,1304.8048095703125,75.77263702498911
"HUST","HUST_8-8.pkl","absolute_cycle","50_cycles",50.0,1722,50,0.029036004096269608,1672.0,397.29278564453125,1274.707275390625,74.02481274045441
"HUST","HUST_8-8.pkl","absolute_cycle","100_cycles",100.0,1722,100,0.058072008192539215,1622.0,397.2929992675781,1224.70703125,71.12119809814169
"HUST","HUST_8-8.pkl","absolute_cycle","200_cycles",200.0,1722,200,0.11614401638507843,1522.0,397.2926025390625,1124.7073974609375,65.3140184355945
"HUST","HUST_8-8.pkl","absolute_cycle","500_cycles",500.0,1722,500,0.2903600335121155,1222.0,397.29241943359375,824.7075805664062,47.89242628144055
"HUST","HUST_9-1.pkl","life_fraction","20%",0.20000000298023224,2106,421,0.19990503787994385,1685.0,397.292236328125,1287.707763671875,61.14471812307099
"HUST","HUST_9-1.pkl","life_fraction","40%",0.4000000059604645,2106,842,0.3998100757598877,1264.0,397.29205322265625,866.7079467773438,41.15422349370103
"HUST","HUST_9-1.pkl","life_fraction","60%",0.6000000238418579,2106,1264,0.6001899242401123,842.0,397.2918395996094,444.7081604003906,21.116246932592148
"HUST","HUST_9-1.pkl","life_fraction","80%",0.800000011920929,2106,1685,0.8000949621200562,421.0,397.2916564941406,23.708343505859375,1.1257523032221926
"HUST","HUST_9-1.pkl","absolute_cycle","20_cycles",20.0,2106,20,0.009496675804257393,2086.0,397.1946105957031,1688.805419921875,80.19019087948125
"HUST","HUST_9-1.pkl","absolute_cycle","50_cycles",50.0,2106,50,0.023741690441966057,2056.0,397.2926025390625,1658.7073974609375,78.76103501713854
"HUST","HUST_9-1.pkl","absolute_cycle","100_cycles",100.0,2106,100,0.047483380883932114,2006.0,397.292236328125,1608.707763671875,76.38688336523623
"HUST","HUST_9-1.pkl","absolute_cycle","200_cycles",200.0,2106,200,0.09496676176786423,1906.0,397.29241943359375,1508.70751953125,71.63853369094255
"HUST","HUST_9-1.pkl","absolute_cycle","500_cycles",500.0,2106,500,0.23741690814495087,1606.0,397.292236328125,1208.707763671875,57.39353103855057
"HUST","HUST_9-2.pkl","life_fraction","20%",0.20000000298023224,2189,438,0.20009136199951172,1751.0,397.2914733886719,1353.70849609375,61.84141142502284
"HUST","HUST_9-2.pkl","life_fraction","40%",0.4000000059604645,2189,876,0.40018272399902344,1313.0,397.291259765625,915.708740234375,41.832285986038144
"HUST","HUST_9-2.pkl","life_fraction","60%",0.6000000238418579,2189,1313,0.5998172760009766,876.0,397.2918395996094,478.7081604003906,21.86880586570994
"HUST","HUST_9-2.pkl","life_fraction","80%",0.800000011920929,2189,1751,0.7999086380004883,438.0,397.2914733886719,40.708526611328125,1.8596860032584799
"HUST","HUST_9-2.pkl","absolute_cycle","20_cycles",20.0,2189,20,0.009136592037975788,2169.0,397.1927185058594,1771.8072509765625,80.9414002273441
"HUST","HUST_9-2.pkl","absolute_cycle","50_cycles",50.0,2189,50,0.022841479629278183,2139.0,397.29107666015625,1741.708984375,79.56642231041572
"HUST","HUST_9-2.pkl","absolute_cycle","100_cycles",100.0,2189,100,0.045682959258556366,2089.0,397.2914733886719,1691.70849609375,77.28225199149155
"HUST","HUST_9-2.pkl","absolute_cycle","200_cycles",200.0,2189,200,0.09136591851711273,1989.0,397.29107666015625,1591.708984375,72.71397827204203
"HUST","HUST_9-2.pkl","absolute_cycle","500_cycles",500.0,2189,500,0.22841480374336243,1689.0,397.291259765625,1291.708740234375,59.00907904222819
"HUST","HUST_9-3.pkl","life_fraction","20%",0.20000000298023224,1946,389,0.19989722967147827,1557.0,397.29205322265625,1159.7080078125,59.59445055562693
"HUST","HUST_9-3.pkl","life_fraction","40%",0.4000000059604645,1946,778,0.39979445934295654,1168.0,397.29205322265625,770.7079467773438,39.60472491147707
"HUST","HUST_9-3.pkl","life_fraction","60%",0.6000000238418579,1946,1168,0.6002055406570435,778.0,397.29205322265625,380.70794677734375,19.563614942309545
"HUST","HUST_9-3.pkl","life_fraction","80%",0.800000011920929,1946,1557,0.8001027703285217,389.0,397.292236328125,8.292236328125,0.4261169747237924
"HUST","HUST_9-3.pkl","absolute_cycle","20_cycles",20.0,1946,20,0.010277491994202137,1926.0,397.19384765625,1528.80615234375,78.56146723246403
"HUST","HUST_9-3.pkl","absolute_cycle","50_cycles",50.0,1946,50,0.025693731382489204,1896.0,397.292236328125,1498.707763671875,77.0147874445979
"HUST","HUST_9-3.pkl","absolute_cycle","100_cycles",100.0,1946,100,0.05138746276497841,1846.0,397.29205322265625,1448.7080078125,74.44542691739466
"HUST","HUST_9-3.pkl","absolute_cycle","200_cycles",200.0,1946,200,0.10277492552995682,1746.0,397.29205322265625,1348.7080078125,69.30668077145427
"HUST","HUST_9-3.pkl","absolute_cycle","500_cycles",500.0,1946,500,0.25693729519844055,1446.0,397.292236328125,1048.707763671875,53.89042978786613
"HUST","HUST_9-4.pkl","life_fraction","20%",0.20000000298023224,2023,405,0.2001977264881134,1618.0,397.292236328125,1220.707763671875,60.34146137774963
"HUST","HUST_9-4.pkl","life_fraction","40%",0.4000000059604645,2023,809,0.3999011516571045,1214.0,397.292236328125,816.707763671875,40.37112030014212
"HUST","HUST_9-4.pkl","life_fraction","60%",0.6000000238418579,2023,1214,0.6000988483428955,809.0,397.2926025390625,411.7073974609375,20.351329582844166
"HUST","HUST_9-4.pkl","life_fraction","80%",0.800000011920929,2023,1618,0.799802303314209,405.0,397.29241943359375,7.70758056640625,0.38099755642146566
"HUST","HUST_9-4.pkl","absolute_cycle","20_cycles",20.0,2023,20,0.009886307641863823,2003.0,397.19482421875,1605.80517578125,79.37741847658181
"HUST","HUST_9-4.pkl","absolute_cycle","50_cycles",50.0,2023,50,0.024715768173336983,1973.0,397.29241943359375,1575.70751953125,77.889645058391
"HUST","HUST_9-4.pkl","absolute_cycle","100_cycles",100.0,2023,100,0.049431536346673965,1923.0,397.2926025390625,1525.7073974609375,75.41806215822726
"HUST","HUST_9-4.pkl","absolute_cycle","200_cycles",200.0,2023,200,0.09886307269334793,1823.0,397.292236328125,1425.707763671875,70.47492652851582
"HUST","HUST_9-4.pkl","absolute_cycle","500_cycles",500.0,2023,500,0.24715769290924072,1523.0,397.29205322265625,1125.7080078125,55.645477400519034
"HUST","HUST_9-5.pkl","life_fraction","20%",0.20000000298023224,2230,446,0.20000000298023224,1784.0,397.2926025390625,1386.7073974609375,62.18418822694787
"HUST","HUST_9-5.pkl","life_fraction","40%",0.4000000059604645,2230,892,0.4000000059604645,1338.0,397.2929992675781,940.70703125,42.18417180493274
"HUST","HUST_9-5.pkl","life_fraction","60%",0.6000000238418579,2230,1338,0.6000000238418579,892.0,397.2926025390625,494.7073974609375,22.18418822694787
"HUST","HUST_9-5.pkl","life_fraction","80%",0.800000011920929,2230,1784,0.800000011920929,446.0,397.29205322265625,48.70794677734375,2.1842128599705717
"HUST","HUST_9-5.pkl","absolute_cycle","20_cycles",20.0,2230,20,0.008968610316514969,2210.0,397.1957702636719,1812.80419921875,81.29166812640135
"HUST","HUST_9-5.pkl","absolute_cycle","50_cycles",50.0,2230,50,0.022421523928642273,2180.0,397.2935485839844,1782.7064208984375,79.9419919685398
"HUST","HUST_9-5.pkl","absolute_cycle","100_cycles",100.0,2230,100,0.044843047857284546,2130.0,397.2931823730469,1732.706787109375,77.69985592418722
"HUST","HUST_9-5.pkl","absolute_cycle","200_cycles",200.0,2230,200,0.08968609571456909,2030.0,397.2933654785156,1632.7066650390625,73.21554551744674
"HUST","HUST_9-5.pkl","absolute_cycle","500_cycles",500.0,2230,500,0.22421523928642273,1730.0,397.2926025390625,1332.7073974609375,59.76266356327074
"HUST","HUST_9-6.pkl","life_fraction","20%",0.20000000298023224,1793,359,0.20022308826446533,1434.0,397.2929992675781,1036.70703125,57.81968941717791
"HUST","HUST_9-6.pkl","life_fraction","40%",0.4000000059604645,1793,717,0.39988845586776733,1076.0,397.29278564453125,678.7072143554688,37.85316309846451
"HUST","HUST_9-6.pkl","life_fraction","60%",0.6000000238418579,1793,1076,0.6001115441322327,717.0,397.2926025390625,319.7073974609375,17.83086433134063
"HUST","HUST_9-6.pkl","life_fraction","80%",0.800000011920929,1793,1434,0.7997769117355347,359.0,397.2926025390625,38.2926025390625,2.1356721996130785
"HUST","HUST_9-6.pkl","absolute_cycle","20_cycles",20.0,1793,20,0.01115448959171772,1773.0,397.1961364746094,1375.8038330078125,76.73194829937604
"HUST","HUST_9-6.pkl","absolute_cycle","50_cycles",50.0,1793,50,0.027886224910616875,1743.0,397.2935485839844,1345.7064208984375,75.05334193521682
"HUST","HUST_9-6.pkl","absolute_cycle","100_cycles",100.0,1793,100,0.05577244982123375,1693.0,397.2939453125,1295.7060546875,72.26469909021193
"HUST","HUST_9-6.pkl","absolute_cycle","200_cycles",200.0,1793,200,0.1115448996424675,1593.0,397.2933654785156,1195.7066650390625,66.68748828996445
"HUST","HUST_9-6.pkl","absolute_cycle","500_cycles",500.0,1793,500,0.27886223793029785,1293.0,397.2926025390625,895.7073974609375,49.955794615780114
"HUST","HUST_9-7.pkl","life_fraction","20%",0.20000000298023224,2061,412,0.1999029666185379,1649.0,397.292236328125,1251.707763671875,60.73303074584546
"HUST","HUST_9-7.pkl","life_fraction","40%",0.4000000059604645,2061,824,0.3998059332370758,1237.0,397.2918395996094,839.7081298828125,40.74275254162118
"HUST","HUST_9-7.pkl","life_fraction","60%",0.6000000238418579,2061,1237,0.6001940965652466,824.0,397.2918395996094,426.7081604003906,20.70393791365311
"HUST","HUST_9-7.pkl","life_fraction","80%",0.800000011920929,2061,1649,0.8000970482826233,412.0,397.2918395996094,14.708160400390625,0.7136419408243875
"HUST","HUST_9-7.pkl","absolute_cycle","20_cycles",20.0,2061,20,0.009704027324914932,2041.0,397.19366455078125,1643.806396484375,79.75770967900898
"HUST","HUST_9-7.pkl","absolute_cycle","50_cycles",50.0,2061,50,0.02426006831228733,2011.0,397.29205322265625,1613.7080078125,78.29733177159146
"HUST","HUST_9-7.pkl","absolute_cycle","100_cycles",100.0,2061,100,0.04852013662457466,1961.0,397.29205322265625,1563.7080078125,75.87132497877244
"HUST","HUST_9-7.pkl","absolute_cycle","200_cycles",200.0,2061,200,0.09704027324914932,1861.0,397.29205322265625,1463.7080078125,71.0193113931344
"HUST","HUST_9-7.pkl","absolute_cycle","500_cycles",500.0,2061,500,0.242600679397583,1561.0,397.29205322265625,1163.7080078125,56.46327063622028
"HUST","HUST_9-8.pkl","life_fraction","20%",0.20000000298023224,2377,475,0.19983172416687012,1902.0,397.2929992675781,1504.70703125,63.3027779238536
"HUST","HUST_9-8.pkl","life_fraction","40%",0.4000000059604645,2377,951,0.40008413791656494,1426.0,397.29278564453125,1028.707275390625,43.27754629325305
"HUST","HUST_9-8.pkl","life_fraction","60%",0.6000000238418579,2377,1426,0.5999158620834351,951.0,397.29278564453125,553.7072143554688,23.294371659885098
"HUST","HUST_9-8.pkl","life_fraction","80%",0.800000011920929,2377,1902,0.8001682758331299,475.0,397.29205322265625,77.70794677734375,3.269160571196624
"HUST","HUST_9-8.pkl","absolute_cycle","20_cycles",20.0,2377,20,0.008413966745138168,2357.0,397.195556640625,1959.804443359375,82.44865138238852
"HUST","HUST_9-8.pkl","absolute_cycle","50_cycles",50.0,2377,50,0.02103491872549057,2327.0,397.2929992675781,1929.70703125,81.18245819310054
"HUST","HUST_9-8.pkl","absolute_cycle","100_cycles",100.0,2377,100,0.04206983745098114,2277.0,397.2931823730469,1879.706787109375,79.07895612576252
"HUST","HUST_9-8.pkl","absolute_cycle","200_cycles",200.0,2377,200,0.08413967490196228,2177.0,397.29278564453125,1779.707275390625,74.8719930749106
"HUST","HUST_9-8.pkl","absolute_cycle","500_cycles",500.0,2377,500,0.2103491723537445,1877.0,397.2926025390625,1479.7073974609375,62.251047432096655
