dataset,source_file,file_size_bytes,cell_id,form_factor,anode_material,cathode_material,electrolyte_material,nominal_capacity_in_Ah,depth_of_charge,depth_of_discharge,already_spent_cycles,max_voltage_limit_in_V,min_voltage_limit_in_V,max_current_limit_in_A,min_current_limit_in_A,reference,description,charge_protocol,discharge_protocol,SOC_interval,cycle_count,first_cycle_number,last_cycle_number,soc_interval_start,soc_interval_end,charge_step_count,charge_rate_min_C,charge_rate_max_C,charge_rate_mean_C,charge_current_max_A,charge_voltage_max_V,discharge_step_count,discharge_rate_min_C,discharge_rate_max_C,discharge_rate_mean_C,discharge_current_max_A,discharge_voltage_min_V,hardcoded_removed_indices,median_removed_indices
CALCE,CALCE/CALCE_CS2_33.pkl,12143404,CALCE_CS2_33,prismatic,graphite,LiCoO2,,1.1,1.0,1.0,0,4.2,2.7,,,,,[],[],"[0, 1]",660,1.0,660.0,0.0,1.0,0,,,,,,0,,,,,,,
CALCE,CALCE/CALCE_CS2_34.pkl,11582083,CALCE_CS2_34,prismatic,graphite,LiCoO2,,1.1,1.0,1.0,0,4.2,2.7,,,,,[],[],"[0, 1]",632,1.0,632.0,0.0,1.0,0,,,,,,0,,,,,,,
CALCE,CALCE/CALCE_CS2_35.pkl,10222039,CALCE_CS2_35,prismatic,graphite,LiCoO2,,1.1,1.0,1.0,0,4.2,2.7,,,,,[],[],"[0, 1]",780,1.0,780.0,0.0,1.0,0,,,,,,0,,,,,,,
CALCE,CALCE/CALCE_CS2_36.pkl,10552069,CALCE_CS2_36,prismatic,graphite,LiCoO2,,1.1,1.0,1.0,0,4.2,2.7,,,,,[],[],"[0, 1]",832,1.0,832.0,0.0,1.0,0,,,,,,0,,,,,,,
CALCE,CALCE/CALCE_CS2_37.pkl,11423935,CALCE_CS2_37,prismatic,graphite,LiCoO2,,1.1,1.0,1.0,0,4.2,2.7,,,,,[],[],"[0, 1]",905,1.0,905.0,0.0,1.0,0,,,,,,0,,,,,,,
CALCE,CALCE/CALCE_CS2_38.pkl,11468440,CALCE_CS2_38,prismatic,graphite,LiCoO2,,1.1,1.0,1.0,0,4.2,2.7,,,,,[],[],"[0, 1]",903,1.0,903.0,0.0,1.0,0,,,,,,0,,,,,,,
CALCE,CALCE/CALCE_CX2_16.pkl,25183338,CALCE_CX2_16,prismatic,graphite,LiCoO2,,1.35,1.0,1.0,0,4.2,2.7,,,,,[],[],"[0, 1]",1279,2.0,1280.0,0.0,1.0,0,,,,,,0,,,,,,,
CALCE,CALCE/CALCE_CX2_33.pkl,21107154,CALCE_CX2_33,prismatic,graphite,LiCoO2,,1.35,1.0,1.0,0,4.2,2.7,,,,,[],[],"[0, 1]",1271,1.0,1271.0,0.0,1.0,0,,,,,,0,,,,,,,
CALCE,CALCE/CALCE_CX2_34.pkl,16693572,CALCE_CX2_34,prismatic,graphite,LiCoO2,,1.35,1.0,1.0,0,4.2,2.7,,,,,[],[],"[0, 1]",1363,1.0,1363.0,0.0,1.0,0,,,,,,0,,,,,,,
CALCE,CALCE/CALCE_CX2_35.pkl,25180797,CALCE_CX2_35,prismatic,graphite,LiCoO2,,1.35,1.0,1.0,0,4.2,2.7,,,,,[],[],"[0, 1]",1454,1.0,1454.0,0.0,1.0,0,,,,,,0,,,,,,,
CALCE,CALCE/CALCE_CX2_36.pkl,18622812,CALCE_CX2_36,prismatic,graphite,LiCoO2,,1.35,1.0,1.0,0,4.2,2.7,,,,,[],[],"[0, 1]",1568,1.0,1568.0,0.0,1.0,0,,,,,,0,,,,,,,
CALCE,CALCE/CALCE_CX2_37.pkl,14205540,CALCE_CX2_37,prismatic,graphite,LiCoO2,,1.35,1.0,1.0,0,4.2,2.7,,,,,[],[],"[0, 1]",1072,1.0,1072.0,0.0,1.0,0,,,,,,0,,,,,,,
CALCE,CALCE/CALCE_CX2_38.pkl,18328062,CALCE_CX2_38,prismatic,graphite,LiCoO2,,1.35,1.0,1.0,0,4.2,2.7,,,,,[],[],"[0, 1]",1579,1.0,1579.0,0.0,1.0,0,,,,,,0,,,,,,,
HNEI,HNEI/HNEI_18650_NMC_LCO_25C_0-100_0.5-1.5C_a.pkl,28569607,HNEI_18650_NMC_LCO_25C_0-100_0.5-1.5C_a,cylindrical_18650,graphite,LiCoO2+LiNi0.4Co0.4Mn0.2O2,,2.8,1.0,1.0,0,4.3,3.0,,,,,"[{""current_in_A"": null, ""end_soc"": 1.0, ""end_voltage_in_V"": null, ""power_in_W"": null, ""rate_in_C"": 2.0, ""start_soc"": 0.0, ""start_voltage_in_V"": null, ""voltage_in_V"": null}]","[{""current_in_A"": null, ""end_soc"": 0.0, ""end_voltage_in_V"": null, ""power_in_W"": null, ""rate_in_C"": 1.0, ""start_soc"": 1.0, ""start_voltage_in_V"": null, ""voltage_in_V"": null}]","[0, 1]",1086,1.0,1102.0,0.0,1.0,1,2.0,2.0,2.0,,,1,1.0,1.0,1.0,,,,
HNEI,HNEI/HNEI_18650_NMC_LCO_25C_0-100_0.5-1.5C_b.pkl,27522187,HNEI_18650_NMC_LCO_25C_0-100_0.5-1.5C_b,cylindrical_18650,graphite,LiCoO2+LiNi0.4Co0.4Mn0.2O2,,2.8,1.0,1.0,0,4.3,3.0,,,,,"[{""current_in_A"": null, ""end_soc"": 1.0, ""end_voltage_in_V"": null, ""power_in_W"": null, ""rate_in_C"": 2.0, ""start_soc"": 0.0, ""start_voltage_in_V"": null, ""voltage_in_V"": null}]","[{""current_in_A"": null, ""end_soc"": 0.0, ""end_voltage_in_V"": null, ""power_in_W"": null, ""rate_in_C"": 1.0, ""start_soc"": 1.0, ""start_voltage_in_V"": null, ""voltage_in_V"": null}]","[0, 1]",1080,1.0,1097.0,0.0,1.0,1,2.0,2.0,2.0,,,1,1.0,1.0,1.0,,,,
HNEI,HNEI/HNEI_18650_NMC_LCO_25C_0-100_0.5-1.5C_c.pkl,27999631,HNEI_18650_NMC_LCO_25C_0-100_0.5-1.5C_c,cylindrical_18650,graphite,LiCoO2+LiNi0.4Co0.4Mn0.2O2,,2.8,1.0,1.0,0,4.3,3.0,,,,,"[{""current_in_A"": null, ""end_soc"": 1.0, ""end_voltage_in_V"": null, ""power_in_W"": null, ""rate_in_C"": 2.0, ""start_soc"": 0.0, ""start_voltage_in_V"": null, ""voltage_in_V"": null}]","[{""current_in_A"": null, ""end_soc"": 0.0, ""end_voltage_in_V"": null, ""power_in_W"": null, ""rate_in_C"": 1.0, ""start_soc"": 1.0, ""start_voltage_in_V"": null, ""voltage_in_V"": null}]","[0, 1]",1081,1.0,1097.0,0.0,1.0,1,2.0,2.0,2.0,,,1,1.0,1.0,1.0,,,,
HNEI,HNEI/HNEI_18650_NMC_LCO_25C_0-100_0.5-1.5C_d.pkl,28663645,HNEI_18650_NMC_LCO_25C_0-100_0.5-1.5C_d,cylindrical_18650,graphite,LiCoO2+LiNi0.4Co0.4Mn0.2O2,,2.8,1.0,1.0,0,4.3,3.0,,,,,"[{""current_in_A"": null, ""end_soc"": 1.0, ""end_voltage_in_V"": null, ""power_in_W"": null, ""rate_in_C"": 2.0, ""start_soc"": 0.0, ""start_voltage_in_V"": null, ""voltage_in_V"": null}]","[{""current_in_A"": null, ""end_soc"": 0.0, ""end_voltage_in_V"": null, ""power_in_W"": null, ""rate_in_C"": 1.0, ""start_soc"": 1.0, ""start_voltage_in_V"": null, ""voltage_in_V"": null}]","[0, 1]",1081,1.0,1097.0,0.0,1.0,1,2.0,2.0,2.0,,,1,1.0,1.0,1.0,,,,
HNEI,HNEI/HNEI_18650_NMC_LCO_25C_0-100_0.5-1.5C_e.pkl,26665354,HNEI_18650_NMC_LCO_25C_0-100_0.5-1.5C_e,cylindrical_18650,graphite,LiCoO2+LiNi0.4Co0.4Mn0.2O2,,2.8,1.0,1.0,0,4.3,3.0,,,,,"[{""current_in_A"": null, ""end_soc"": 1.0, ""end_voltage_in_V"": null, ""power_in_W"": null, ""rate_in_C"": 2.0, ""start_soc"": 0.0, ""start_voltage_in_V"": null, ""voltage_in_V"": null}]","[{""current_in_A"": null, ""end_soc"": 0.0, ""end_voltage_in_V"": null, ""power_in_W"": null, ""rate_in_C"": 1.0, ""start_soc"": 1.0, ""start_voltage_in_V"": null, ""voltage_in_V"": null}]","[0, 1]",1107,1.0,1123.0,0.0,1.0,1,2.0,2.0,2.0,,,1,1.0,1.0,1.0,,,,
HNEI,HNEI/HNEI_18650_NMC_LCO_25C_0-100_0.5-1.5C_f.pkl,28942069,HNEI_18650_NMC_LCO_25C_0-100_0.5-1.5C_f,cylindrical_18650,graphite,LiCoO2+LiNi0.4Co0.4Mn0.2O2,,2.8,1.0,1.0,0,4.3,3.0,,,,,"[{""current_in_A"": null, ""end_soc"": 1.0, ""end_voltage_in_V"": null, ""power_in_W"": null, ""rate_in_C"": 2.0, ""start_soc"": 0.0, ""start_voltage_in_V"": null, ""voltage_in_V"": null}]","[{""current_in_A"": null, ""end_soc"": 0.0, ""end_voltage_in_V"": null, ""power_in_W"": null, ""rate_in_C"": 1.0, ""start_soc"": 1.0, ""start_voltage_in_V"": null, ""voltage_in_V"": null}]","[0, 1]",1075,1.0,1092.0,0.0,1.0,1,2.0,2.0,2.0,,,1,1.0,1.0,1.0,,,,
HNEI,HNEI/HNEI_18650_NMC_LCO_25C_0-100_0.5-1.5C_g.pkl,28011841,HNEI_18650_NMC_LCO_25C_0-100_0.5-1.5C_g,cylindrical_18650,graphite,LiCoO2+LiNi0.4Co0.4Mn0.2O2,,2.8,1.0,1.0,0,4.3,3.0,,,,,"[{""current_in_A"": null, ""end_soc"": 1.0, ""end_voltage_in_V"": null, ""power_in_W"": null, ""rate_in_C"": 2.0, ""start_soc"": 0.0, ""start_voltage_in_V"": null, ""voltage_in_V"": null}]","[{""current_in_A"": null, ""end_soc"": 0.0, ""end_voltage_in_V"": null, ""power_in_W"": null, ""rate_in_C"": 1.0, ""start_soc"": 1.0, ""start_voltage_in_V"": null, ""voltage_in_V"": null}]","[0, 1]",1082,1.0,1097.0,0.0,1.0,1,2.0,2.0,2.0,,,1,1.0,1.0,1.0,,,,
HNEI,HNEI/HNEI_18650_NMC_LCO_25C_0-100_0.5-1.5C_j.pkl,26245990,HNEI_18650_NMC_LCO_25C_0-100_0.5-1.5C_j,cylindrical_18650,graphite,LiCoO2+LiNi0.4Co0.4Mn0.2O2,,2.8,1.0,1.0,0,4.3,3.0,,,,,"[{""current_in_A"": null, ""end_soc"": 1.0, ""end_voltage_in_V"": null, ""power_in_W"": null, ""rate_in_C"": 2.0, ""start_soc"": 0.0, ""start_voltage_in_V"": null, ""voltage_in_V"": null}]","[{""current_in_A"": null, ""end_soc"": 0.0, ""end_voltage_in_V"": null, ""power_in_W"": null, ""rate_in_C"": 1.0, ""start_soc"": 1.0, ""start_voltage_in_V"": null, ""voltage_in_V"": null}]","[0, 1]",1076,1.0,1094.0,0.0,1.0,1,2.0,2.0,2.0,,,1,1.0,1.0,1.0,,,,
HNEI,HNEI/HNEI_18650_NMC_LCO_25C_0-100_0.5-1.5C_l.pkl,28021645,HNEI_18650_NMC_LCO_25C_0-100_0.5-1.5C_l,cylindrical_18650,graphite,LiCoO2+LiNi0.4Co0.4Mn0.2O2,,2.8,1.0,1.0,0,4.3,3.0,,,,,"[{""current_in_A"": null, ""end_soc"": 1.0, ""end_voltage_in_V"": null, ""power_in_W"": null, ""rate_in_C"": 2.0, ""start_soc"": 0.0, ""start_voltage_in_V"": null, ""voltage_in_V"": null}]","[{""current_in_A"": null, ""end_soc"": 0.0, ""end_voltage_in_V"": null, ""power_in_W"": null, ""rate_in_C"": 1.0, ""start_soc"": 1.0, ""start_voltage_in_V"": null, ""voltage_in_V"": null}]","[0, 1]",1081,1.0,1097.0,0.0,1.0,1,2.0,2.0,2.0,,,1,1.0,1.0,1.0,,,,
HNEI,HNEI/HNEI_18650_NMC_LCO_25C_0-100_0.5-1.5C_n.pkl,25955869,HNEI_18650_NMC_LCO_25C_0-100_0.5-1.5C_n,cylindrical_18650,graphite,LiCoO2+LiNi0.4Co0.4Mn0.2O2,,2.8,1.0,1.0,0,4.3,3.0,,,,,"[{""current_in_A"": null, ""end_soc"": 1.0, ""end_voltage_in_V"": null, ""power_in_W"": null, ""rate_in_C"": 2.0, ""start_soc"": 0.0, ""start_voltage_in_V"": null, ""voltage_in_V"": null}]","[{""current_in_A"": null, ""end_soc"": 0.0, ""end_voltage_in_V"": null, ""power_in_W"": null, ""rate_in_C"": 1.0, ""start_soc"": 1.0, ""start_voltage_in_V"": null, ""voltage_in_V"": null}]","[0, 1]",1082,1.0,1097.0,0.0,1.0,1,2.0,2.0,2.0,,,1,1.0,1.0,1.0,,,,
HNEI,HNEI/HNEI_18650_NMC_LCO_25C_0-100_0.5-1.5C_o.pkl,30290740,HNEI_18650_NMC_LCO_25C_0-100_0.5-1.5C_o,cylindrical_18650,graphite,LiCoO2+LiNi0.4Co0.4Mn0.2O2,,2.8,1.0,1.0,0,4.3,3.0,,,,,"[{""current_in_A"": null, ""end_soc"": 1.0, ""end_voltage_in_V"": null, ""power_in_W"": null, ""rate_in_C"": 2.0, ""start_soc"": 0.0, ""start_voltage_in_V"": null, ""voltage_in_V"": null}]","[{""current_in_A"": null, ""end_soc"": 0.0, ""end_voltage_in_V"": null, ""power_in_W"": null, ""rate_in_C"": 1.0, ""start_soc"": 1.0, ""start_voltage_in_V"": null, ""voltage_in_V"": null}]","[0, 1]",1082,1.0,1097.0,0.0,1.0,1,2.0,2.0,2.0,,,1,1.0,1.0,1.0,,,,
HNEI,HNEI/HNEI_18650_NMC_LCO_25C_0-100_0.5-1.5C_p.pkl,29538340,HNEI_18650_NMC_LCO_25C_0-100_0.5-1.5C_p,cylindrical_18650,graphite,LiCoO2+LiNi0.4Co0.4Mn0.2O2,,2.8,1.0,1.0,0,4.3,3.0,,,,,"[{""current_in_A"": null, ""end_soc"": 1.0, ""end_voltage_in_V"": null, ""power_in_W"": null, ""rate_in_C"": 2.0, ""start_soc"": 0.0, ""start_voltage_in_V"": null, ""voltage_in_V"": null}]","[{""current_in_A"": null, ""end_soc"": 0.0, ""end_voltage_in_V"": null, ""power_in_W"": null, ""rate_in_C"": 1.0, ""start_soc"": 1.0, ""start_voltage_in_V"": null, ""voltage_in_V"": null}]","[0, 1]",1080,1.0,1097.0,0.0,1.0,1,2.0,2.0,2.0,,,1,1.0,1.0,1.0,,,,
HNEI,HNEI/HNEI_18650_NMC_LCO_25C_0-100_0.5-1.5C_s.pkl,30155080,HNEI_18650_NMC_LCO_25C_0-100_0.5-1.5C_s,cylindrical_18650,graphite,LiCoO2+LiNi0.4Co0.4Mn0.2O2,,2.8,1.0,1.0,0,4.3,3.0,,,,,"[{""current_in_A"": null, ""end_soc"": 1.0, ""end_voltage_in_V"": null, ""power_in_W"": null, ""rate_in_C"": 2.0, ""start_soc"": 0.0, ""start_voltage_in_V"": null, ""voltage_in_V"": null}]","[{""current_in_A"": null, ""end_soc"": 0.0, ""end_voltage_in_V"": null, ""power_in_W"": null, ""rate_in_C"": 1.0, ""start_soc"": 1.0, ""start_voltage_in_V"": null, ""voltage_in_V"": null}]","[0, 1]",1088,1.0,1103.0,0.0,1.0,1,2.0,2.0,2.0,,,1,1.0,1.0,1.0,,,,
HNEI,HNEI/HNEI_18650_NMC_LCO_25C_0-100_0.5-1.5C_t.pkl,31625824,HNEI_18650_NMC_LCO_25C_0-100_0.5-1.5C_t,cylindrical_18650,graphite,LiCoO2+LiNi0.4Co0.4Mn0.2O2,,2.8,1.0,1.0,0,4.3,3.0,,,,,"[{""current_in_A"": null, ""end_soc"": 1.0, ""end_voltage_in_V"": null, ""power_in_W"": null, ""rate_in_C"": 2.0, ""start_soc"": 0.0, ""start_voltage_in_V"": null, ""voltage_in_V"": null}]","[{""current_in_A"": null, ""end_soc"": 0.0, ""end_voltage_in_V"": null, ""power_in_W"": null, ""rate_in_C"": 1.0, ""start_soc"": 1.0, ""start_voltage_in_V"": null, ""voltage_in_V"": null}]","[0, 1]",1083,1.0,1101.0,0.0,1.0,1,2.0,2.0,2.0,,,1,1.0,1.0,1.0,,,,
HUST,HUST/HUST_1-1.pkl,52418274,HUST_1-1,cylindrical_18650,graphite,LFP,,1.1,1.0,1.0,0,3.6,2.0,,,,,"[{""current_in_A"": null, ""end_soc"": 0.8, ""end_voltage_in_V"": null, ""power_in_W"": null, ""rate_in_C"": 5.0, ""start_soc"": 0.0, ""start_voltage_in_V"": null, ""voltage_in_V"": null}, {""current_in_A"": null, ""end_soc"": null, ""end_voltage_in_V"": 3.6, ""power_in_W"": null, ""rate_in_C"": 1.0, ""start_soc"": 0.8, ""start_voltage_in_V"": null, ""voltage_in_V"": null}, {""current_in_A"": null, ""end_soc"": 1.0, ""end_voltage_in_V"": null, ""power_in_W"": null, ""rate_in_C"": null, ""start_soc"": null, ""start_voltage_in_V"": 3.6, ""voltage_in_V"": 3.6}]","[{""current_in_A"": null, ""end_soc"": 0.6, ""end_voltage_in_V"": null, ""power_in_W"": null, ""rate_in_C"": 5.0, ""start_soc"": 1.0, ""start_voltage_in_V"": null, ""voltage_in_V"": null}, {""current_in_A"": null, ""end_soc"": 0.4, ""end_voltage_in_V"": null, ""power_in_W"": null, ""rate_in_C"": 1.0, ""start_soc"": 0.6, ""start_voltage_in_V"": null, ""voltage_in_V"": null}, {""current_in_A"": null, ""end_soc"": 0.2, ""end_voltage_in_V"": null, ""power_in_W"": null, ""rate_in_C"": 1.0, ""start_soc"": 0.4, ""start_voltage_in_V"": null, ""voltage_in_V"": null}, {""current_in_A"": null, ""end_soc"": null, ""end_voltage_in_V"": 2.0, ""power_in_W"": null, ""rate_in_C"": 1.0, ""start_soc"": 0.2, ""start_voltage_in_V"": null, ""voltage_in_V"": null}]","[0, 1]",1504,1.0,1504.0,0.0,1.0,3,1.0,5.0,3.0,,3.6,4,1.0,5.0,2.0,,,,
HUST,HUST/HUST_1-2.pkl,86253920,HUST_1-2,cylindrical_18650,graphite,LFP,,1.1,1.0,1.0,0,3.6,2.0,,,,,"[{""current_in_A"": null, ""end_soc"": 0.8, ""end_voltage_in_V"": null, ""power_in_W"": null, ""rate_in_C"": 5.0, ""start_soc"": 0.0, ""start_voltage_in_V"": null, ""voltage_in_V"": null}, {""current_in_A"": null, ""end_soc"": null, ""end_voltage_in_V"": 3.6, ""power_in_W"": null, ""rate_in_C"": 1.0, ""start_soc"": 0.8, ""start_voltage_in_V"": null, ""voltage_in_V"": null}, {""current_in_A"": null, ""end_soc"": 1.0, ""end_voltage_in_V"": null, ""power_in_W"": null, ""rate_in_C"": null, ""start_soc"": null, ""start_voltage_in_V"": 3.6, ""voltage_in_V"": 3.6}]","[{""current_in_A"": null, ""end_soc"": 0.6, ""end_voltage_in_V"": null, ""power_in_W"": null, ""rate_in_C"": 5.0, ""start_soc"": 1.0, ""start_voltage_in_V"": null, ""voltage_in_V"": null}, {""current_in_A"": null, ""end_soc"": 0.4, ""end_voltage_in_V"": null, ""power_in_W"": null, ""rate_in_C"": 1.0, ""start_soc"": 0.6, ""start_voltage_in_V"": null, ""voltage_in_V"": null}, {""current_in_A"": null, ""end_soc"": 0.2, ""end_voltage_in_V"": null, ""power_in_W"": null, ""rate_in_C"": 2.0, ""start_soc"": 0.4, ""start_voltage_in_V"": null, ""voltage_in_V"": null}, {""current_in_A"": null, ""end_soc"": null, ""end_voltage_in_V"": 2.0, ""power_in_W"": null, ""rate_in_C"": 1.0, ""start_soc"": 0.2, ""start_voltage_in_V"": null, ""voltage_in_V"": null}]","[0, 1]",2678,1.0,2678.0,0.0,1.0,3,1.0,5.0,3.0,,3.6,4,1.0,5.0,2.25,,,,
HUST,HUST/HUST_1-3.pkl,55982679,HUST_1-3,cylindrical_18650,graphite,LFP,,1.1,1.0,1.0,0,3.6,2.0,,,,,"[{""current_in_A"": null, ""end_soc"": 0.8, ""end_voltage_in_V"": null, ""power_in_W"": null, ""rate_in_C"": 5.0, ""start_soc"": 0.0, ""start_voltage_in_V"": null, ""voltage_in_V"": null}, {""current_in_A"": null, ""end_soc"": null, ""end_voltage_in_V"": 3.6, ""power_in_W"": null, ""rate_in_C"": 1.0, ""start_soc"": 0.8, ""start_voltage_in_V"": null, ""voltage_in_V"": null}, {""current_in_A"": null, ""end_soc"": 1.0, ""end_voltage_in_V"": null, ""power_in_W"": null, ""rate_in_C"": null, ""start_soc"": null, ""start_voltage_in_V"": 3.6, ""voltage_in_V"": 3.6}]","[{""current_in_A"": null, ""end_soc"": 0.6, ""end_voltage_in_V"": null, ""power_in_W"": null, ""rate_in_C"": 5.0, ""start_soc"": 1.0, ""start_voltage_in_V"": null, ""voltage_in_V"": null}, {""current_in_A"": null, ""end_soc"": 0.4, ""end_voltage_in_V"": null, ""power_in_W"": null, ""rate_in_C"": 1.0, ""start_soc"": 0.6, ""start_voltage_in_V"": null, ""voltage_in_V"": null}, {""current_in_A"": null, ""end_soc"": 0.2, ""end_voltage_in_V"": null, ""power_in_W"": null, ""rate_in_C"": 3.0, ""start_soc"": 0.4, ""start_voltage_in_V"": null, ""voltage_in_V"": null}, {""current_in_A"": null, ""end_soc"": null, ""end_voltage_in_V"": 2.0, ""power_in_W"": null, ""rate_in_C"": 1.0, ""start_soc"": 0.2, ""start_voltage_in_V"": null, ""voltage_in_V"": null}]","[0, 1]",1858,1.0,1858.0,0.0,1.0,3,1.0,5.0,3.0,,3.6,4,1.0,5.0,2.5,,,,
HUST,HUST/HUST_1-4.pkl,44226564,HUST_1-4,cylindrical_18650,graphite,LFP,,1.1,1.0,1.0,0,3.6,2.0,,,,,"[{""current_in_A"": null, ""end_soc"": 0.8, ""end_voltage_in_V"": null, ""power_in_W"": null, ""rate_in_C"": 5.0, ""start_soc"": 0.0, ""start_voltage_in_V"": null, ""voltage_in_V"": null}, {""current_in_A"": null, ""end_soc"": null, ""end_voltage_in_V"": 3.6, ""power_in_W"": null, ""rate_in_C"": 1.0, ""start_soc"": 0.8, ""start_voltage_in_V"": null, ""voltage_in_V"": null}, {""current_in_A"": null, ""end_soc"": 1.0, ""end_voltage_in_V"": null, ""power_in_W"": null, ""rate_in_C"": null, ""start_soc"": null, ""start_voltage_in_V"": 3.6, ""voltage_in_V"": 3.6}]","[{""current_in_A"": null, ""end_soc"": 0.6, ""end_voltage_in_V"": null, ""power_in_W"": null, ""rate_in_C"": 5.0, ""start_soc"": 1.0, ""start_voltage_in_V"": null, ""voltage_in_V"": null}, {""current_in_A"": null, ""end_soc"": 0.4, ""end_voltage_in_V"": null, ""power_in_W"": null, ""rate_in_C"": 1.0, ""start_soc"": 0.6, ""start_voltage_in_V"": null, ""voltage_in_V"": null}, {""current_in_A"": null, ""end_soc"": 0.2, ""end_voltage_in_V"": null, ""power_in_W"": null, ""rate_in_C"": 4.0, ""start_soc"": 0.4, ""start_voltage_in_V"": null, ""voltage_in_V"": null}, {""current_in_A"": null, ""end_soc"": null, ""end_voltage_in_V"": 2.0, ""power_in_W"": null, ""rate_in_C"": 1.0, ""start_soc"": 0.2, ""start_voltage_in_V"": null, ""voltage_in_V"": null}]","[0, 1]",1500,1.0,1500.0,0.0,1.0,3,1.0,5.0,3.0,,3.6,4,1.0,5.0,2.75,,,,
HUST,HUST/HUST_1-5.pkl,56804712,HUST_1-5,cylindrical_18650,graphite,LFP,,1.1,1.0,1.0,0,3.6,2.0,,,,,"[{""current_in_A"": null, ""end_soc"": 0.8, ""end_voltage_in_V"": null, ""power_in_W"": null, ""rate_in_C"": 5.0, ""start_soc"": 0.0, ""start_voltage_in_V"": null, ""voltage_in_V"": null}, {""current_in_A"": null, ""end_soc"": null, ""end_voltage_in_V"": 3.6, ""power_in_W"": null, ""rate_in_C"": 1.0, ""start_soc"": 0.8, ""start_voltage_in_V"": null, ""voltage_in_V"": null}, {""current_in_A"": null, ""end_soc"": 1.0, ""end_voltage_in_V"": null, ""power_in_W"": null, ""rate_in_C"": null, ""start_soc"": null, ""start_voltage_in_V"": 3.6, ""voltage_in_V"": 3.6}]","[{""current_in_A"": null, ""end_soc"": 0.6, ""end_voltage_in_V"": null, ""power_in_W"": null, ""rate_in_C"": 5.0, ""start_soc"": 1.0, ""start_voltage_in_V"": null, ""voltage_in_V"": null}, {""current_in_A"": null, ""end_soc"": 0.4, ""end_voltage_in_V"": null, ""power_in_W"": null, ""rate_in_C"": 1.0, ""start_soc"": 0.6, ""start_voltage_in_V"": null, ""voltage_in_V"": null}, {""current_in_A"": null, ""end_soc"": 0.2, ""end_voltage_in_V"": null, ""power_in_W"": null, ""rate_in_C"": 5.0, ""start_soc"": 0.4, ""start_voltage_in_V"": null, ""voltage_in_V"": null}, {""current_in_A"": null, ""end_soc"": null, ""end_voltage_in_V"": 2.0, ""power_in_W"": null, ""rate_in_C"": 1.0, ""start_soc"": 0.2, ""start_voltage_in_V"": null, ""voltage_in_V"": null}]","[0, 1]",1971,1.0,1971.0,0.0,1.0,3,1.0,5.0,3.0,,3.6,4,1.0,5.0,3.0,,,,
HUST,HUST/HUST_1-6.pkl,36974859,HUST_1-6,cylindrical_18650,graphite,LFP,,1.1,1.0,1.0,0,3.6,2.0,,,,,"[{""current_in_A"": null, ""end_soc"": 0.8, ""end_voltage_in_V"": null, ""power_in_W"": null, ""rate_in_C"": 5.0, ""start_soc"": 0.0, ""start_voltage_in_V"": null, ""voltage_in_V"": null}, {""current_in_A"": null, ""end_soc"": null, ""end_voltage_in_V"": 3.6, ""power_in_W"": null, ""rate_in_C"": 1.0, ""start_soc"": 0.8, ""start_voltage_in_V"": null, ""voltage_in_V"": null}, {""current_in_A"": null, ""end_soc"": 1.0, ""end_voltage_in_V"": null, ""power_in_W"": null, ""rate_in_C"": null, ""start_soc"": null, ""start_voltage_in_V"": 3.6, ""voltage_in_V"": 3.6}]","[{""current_in_A"": null, ""end_soc"": 0.6, ""end_voltage_in_V"": null, ""power_in_W"": null, ""rate_in_C"": 5.0, ""start_soc"": 1.0, ""start_voltage_in_V"": null, ""voltage_in_V"": null}, {""current_in_A"": null, ""end_soc"": 0.4, ""end_voltage_in_V"": null, ""power_in_W"": null, ""rate_in_C"": 2.0, ""start_soc"": 0.6, ""start_voltage_in_V"": null, ""voltage_in_V"": null}, {""current_in_A"": null, ""end_soc"": 0.2, ""end_voltage_in_V"": null, ""power_in_W"": null, ""rate_in_C"": 1.0, ""start_soc"": 0.4, ""start_voltage_in_V"": null, ""voltage_in_V"": null}, {""current_in_A"": null, ""end_soc"": null, ""end_voltage_in_V"": 2.0, ""power_in_W"": null, ""rate_in_C"": 1.0, ""start_soc"": 0.2, ""start_voltage_in_V"": null, ""voltage_in_V"": null}]","[0, 1]",1143,1.0,1143.0,0.0,1.0,3,1.0,5.0,3.0,,3.6,4,1.0,5.0,2.25,,,,
HUST,HUST/HUST_1-7.pkl,47498964,HUST_1-7,cylindrical_18650,graphite,LFP,,1.1,1.0,1.0,0,3.6,2.0,,,,,"[{""current_in_A"": null, ""end_soc"": 0.8, ""end_voltage_in_V"": null, ""power_in_W"": null, ""rate_in_C"": 5.0, ""start_soc"": 0.0, ""start_voltage_in_V"": null, ""voltage_in_V"": null}, {""current_in_A"": null, ""end_soc"": null, ""end_voltage_in_V"": 3.6, ""power_in_W"": null, ""rate_in_C"": 1.0, ""start_soc"": 0.8, ""start_voltage_in_V"": null, ""voltage_in_V"": null}, {""current_in_A"": null, ""end_soc"": 1.0, ""end_voltage_in_V"": null, ""power_in_W"": null, ""rate_in_C"": null, ""start_soc"": null, ""start_voltage_in_V"": 3.6, ""voltage_in_V"": 3.6}]","[{""current_in_A"": null, ""end_soc"": 0.6, ""end_voltage_in_V"": null, ""power_in_W"": null, ""rate_in_C"": 5.0, ""start_soc"": 1.0, ""start_voltage_in_V"": null, ""voltage_in_V"": null}, {""current_in_A"": null, ""end_soc"": 0.4, ""end_voltage_in_V"": null, ""power_in_W"": null, ""rate_in_C"": 2.0, ""start_soc"": 0.6, ""start_voltage_in_V"": null, ""voltage_in_V"": null}, {""current_in_A"": null, ""end_soc"": 0.2, ""end_voltage_in_V"": null, ""power_in_W"": null, ""rate_in_C"": 2.0, ""start_soc"": 0.4, ""start_voltage_in_V"": null, ""voltage_in_V"": null}, {""current_in_A"": null, ""end_soc"": null, ""end_voltage_in_V"": 2.0, ""power_in_W"": null, ""rate_in_C"": 1.0, ""start_soc"": 0.2, ""start_voltage_in_V"": null, ""voltage_in_V"": null}]","[0, 1]",1678,1.0,1678.0,0.0,1.0,3,1.0,5.0,3.0,,3.6,4,1.0,5.0,2.5,,,,
HUST,HUST/HUST_1-8.pkl,62551466,HUST_1-8,cylindrical_18650,graphite,LFP,,1.1,1.0,1.0,0,3.6,2.0,,,,,"[{""current_in_A"": null, ""end_soc"": 0.8, ""end_voltage_in_V"": null, ""power_in_W"": null, ""rate_in_C"": 5.0, ""start_soc"": 0.0, ""start_voltage_in_V"": null, ""voltage_in_V"": null}, {""current_in_A"": null, ""end_soc"": null, ""end_voltage_in_V"": 3.6, ""power_in_W"": null, ""rate_in_C"": 1.0, ""start_soc"": 0.8, ""start_voltage_in_V"": null, ""voltage_in_V"": null}, {""current_in_A"": null, ""end_soc"": 1.0, ""end_voltage_in_V"": null, ""power_in_W"": null, ""rate_in_C"": null, ""start_soc"": null, ""start_voltage_in_V"": 3.6, ""voltage_in_V"": 3.6}]","[{""current_in_A"": null, ""end_soc"": 0.6, ""end_voltage_in_V"": null, ""power_in_W"": null, ""rate_in_C"": 5.0, ""start_soc"": 1.0, ""start_voltage_in_V"": null, ""voltage_in_V"": null}, {""current_in_A"": null, ""end_soc"": 0.4, ""end_voltage_in_V"": null, ""power_in_W"": null, ""rate_in_C"": 2.0, ""start_soc"": 0.6, ""start_voltage_in_V"": null, ""voltage_in_V"": null}, {""current_in_A"": null, ""end_soc"": 0.2, ""end_voltage_in_V"": null, ""power_in_W"": null, ""rate_in_C"": 3.0, ""start_soc"": 0.4, ""start_voltage_in_V"": null, ""voltage_in_V"": null}, {""current_in_A"": null, ""end_soc"": null, ""end_voltage_in_V"": 2.0, ""power_in_W"": null, ""rate_in_C"": 1.0, ""start_soc"": 0.2, ""start_voltage_in_V"": null, ""voltage_in_V"": null}]","[0, 1]",2285,1.0,2285.0,0.0,1.0,3,1.0,5.0,3.0,,3.6,4,1.0,5.0,2.75,,,,
HUST,HUST/HUST_10-1.pkl,43782082,HUST_10-1,cylindrical_18650,graphite,LFP,,1.1,1.0,1.0,0,3.6,2.0,,,,,"[{""current_in_A"": null, ""end_soc"": 0.8, ""end_voltage_in_V"": null, ""power_in_W"": null, ""rate_in_C"": 5.0, ""start_soc"": 0.0, ""start_voltage_in_V"": null, ""voltage_in_V"": null}, {""current_in_A"": null, ""end_soc"": null, ""end_voltage_in_V"": 3.6, ""power_in_W"": null, ""rate_in_C"": 1.0, ""start_soc"": 0.8, ""start_voltage_in_V"": null, ""voltage_in_V"": null}, {""current_in_A"": null, ""end_soc"": 1.0, ""end_voltage_in_V"": null, ""power_in_W"": null, ""rate_in_C"": null, ""start_soc"": null, ""start_voltage_in_V"": 3.6, ""voltage_in_V"": 3.6}]","[{""current_in_A"": null, ""end_soc"": 0.6, ""end_voltage_in_V"": null, ""power_in_W"": null, ""rate_in_C"": 3.0, ""start_soc"": 1.0, ""start_voltage_in_V"": null, ""voltage_in_V"": null}, {""current_in_A"": null, ""end_soc"": 0.4, ""end_voltage_in_V"": null, ""power_in_W"": null, ""rate_in_C"": 5.0, ""start_soc"": 0.6, ""start_voltage_in_V"": null, ""voltage_in_V"": null}, {""current_in_A"": null, ""end_soc"": 0.2, ""end_voltage_in_V"": null, ""power_in_W"": null, ""rate_in_C"": 3.0, ""start_soc"": 0.4, ""start_voltage_in_V"": null, ""voltage_in_V"": null}, {""current_in_A"": null, ""end_soc"": null, ""end_voltage_in_V"": 2.0, ""power_in_W"": null, ""rate_in_C"": 1.0, ""start_soc"": 0.2, ""start_voltage_in_V"": null, ""voltage_in_V"": null}]","[0, 1]",1702,1.0,1702.0,0.0,1.0,3,1.0,5.0,3.0,,3.6,4,1.0,5.0,3.0,,,,
HUST,HUST/HUST_10-2.pkl,42752752,HUST_10-2,cylindrical_18650,graphite,LFP,,1.1,1.0,1.0,0,3.6,2.0,,,,,"[{""current_in_A"": null, ""end_soc"": 0.8, ""end_voltage_in_V"": null, ""power_in_W"": null, ""rate_in_C"": 5.0, ""start_soc"": 0.0, ""start_voltage_in_V"": null, ""voltage_in_V"": null}, {""current_in_A"": null, ""end_soc"": null, ""end_voltage_in_V"": 3.6, ""power_in_W"": null, ""rate_in_C"": 1.0, ""start_soc"": 0.8, ""start_voltage_in_V"": null, ""voltage_in_V"": null}, {""current_in_A"": null, ""end_soc"": 1.0, ""end_voltage_in_V"": null, ""power_in_W"": null, ""rate_in_C"": null, ""start_soc"": null, ""start_voltage_in_V"": 3.6, ""voltage_in_V"": 3.6}]","[{""current_in_A"": null, ""end_soc"": 0.6, ""end_voltage_in_V"": null, ""power_in_W"": null, ""rate_in_C"": 3.0, ""start_soc"": 1.0, ""start_voltage_in_V"": null, ""voltage_in_V"": null}, {""current_in_A"": null, ""end_soc"": 0.4, ""end_voltage_in_V"": null, ""power_in_W"": null, ""rate_in_C"": 5.0, ""start_soc"": 0.6, ""start_voltage_in_V"": null, ""voltage_in_V"": null}, {""current_in_A"": null, ""end_soc"": 0.2, ""end_voltage_in_V"": null, ""power_in_W"": null, ""rate_in_C"": 4.0, ""start_soc"": 0.4, ""start_voltage_in_V"": null, ""voltage_in_V"": null}, {""current_in_A"": null, ""end_soc"": null, ""end_voltage_in_V"": 2.0, ""power_in_W"": null, ""rate_in_C"": 1.0, ""start_soc"": 0.2, ""start_voltage_in_V"": null, ""voltage_in_V"": null}]","[0, 1]",1697,1.0,1697.0,0.0,1.0,3,1.0,5.0,3.0,,3.6,4,1.0,5.0,3.25,,,,
HUST,HUST/HUST_10-3.pkl,45007738,HUST_10-3,cylindrical_18650,graphite,LFP,,1.1,1.0,1.0,0,3.6,2.0,,,,,"[{""current_in_A"": null, ""end_soc"": 0.8, ""end_voltage_in_V"": null, ""power_in_W"": null, ""rate_in_C"": 5.0, ""start_soc"": 0.0, ""start_voltage_in_V"": null, ""voltage_in_V"": null}, {""current_in_A"": null, ""end_soc"": null, ""end_voltage_in_V"": 3.6, ""power_in_W"": null, ""rate_in_C"": 1.0, ""start_soc"": 0.8, ""start_voltage_in_V"": null, ""voltage_in_V"": null}, {""current_in_A"": null, ""end_soc"": 1.0, ""end_voltage_in_V"": null, ""power_in_W"": null, ""rate_in_C"": null, ""start_soc"": null, ""start_voltage_in_V"": 3.6, ""voltage_in_V"": 3.6}]","[{""current_in_A"": null, ""end_soc"": 0.6, ""end_voltage_in_V"": null, ""power_in_W"": null, ""rate_in_C"": 3.0, ""start_soc"": 1.0, ""start_voltage_in_V"": null, ""voltage_in_V"": null}, {""current_in_A"": null, ""end_soc"": 0.4, ""end_voltage_in_V"": null, ""power_in_W"": null, ""rate_in_C"": 5.0, ""start_soc"": 0.6, ""start_voltage_in_V"": null, ""voltage_in_V"": null}, {""current_in_A"": null, ""end_soc"": 0.2, ""end_voltage_in_V"": null, ""power_in_W"": null, ""rate_in_C"": 5.0, ""start_soc"": 0.4, ""start_voltage_in_V"": null, ""voltage_in_V"": null}, {""current_in_A"": null, ""end_soc"": null, ""end_voltage_in_V"": 2.0, ""power_in_W"": null, ""rate_in_C"": 1.0, ""start_soc"": 0.2, ""start_voltage_in_V"": null, ""voltage_in_V"": null}]","[0, 1]",1848,1.0,1848.0,0.0,1.0,3,1.0,5.0,3.0,,3.6,4,1.0,5.0,3.5,,,,
HUST,HUST/HUST_10-4.pkl,61320454,HUST_10-4,cylindrical_18650,graphite,LFP,,1.1,1.0,1.0,0,3.6,2.0,,,,,"[{""current_in_A"": null, ""end_soc"": 0.8, ""end_voltage_in_V"": null, ""power_in_W"": null, ""rate_in_C"": 5.0, ""start_soc"": 0.0, ""start_voltage_in_V"": null, ""voltage_in_V"": null}, {""current_in_A"": null, ""end_soc"": null, ""end_voltage_in_V"": 3.6, ""power_in_W"": null, ""rate_in_C"": 1.0, ""start_soc"": 0.8, ""start_voltage_in_V"": null, ""voltage_in_V"": null}, {""current_in_A"": null, ""end_soc"": 1.0, ""end_voltage_in_V"": null, ""power_in_W"": null, ""rate_in_C"": null, ""start_soc"": null, ""start_voltage_in_V"": 3.6, ""voltage_in_V"": 3.6}]","[{""current_in_A"": null, ""end_soc"": 0.6, ""end_voltage_in_V"": null, ""power_in_W"": null, ""rate_in_C"": 2.0, ""start_soc"": 1.0, ""start_voltage_in_V"": null, ""voltage_in_V"": null}, {""current_in_A"": null, ""end_soc"": 0.4, ""end_voltage_in_V"": null, ""power_in_W"": null, ""rate_in_C"": 4.0, ""start_soc"": 0.6, ""start_voltage_in_V"": null, ""voltage_in_V"": null}, {""current_in_A"": null, ""end_soc"": 0.2, ""end_voltage_in_V"": null, ""power_in_W"": null, ""rate_in_C"": 1.0, ""start_soc"": 0.4, ""start_voltage_in_V"": null, ""voltage_in_V"": null}, {""current_in_A"": null, ""end_soc"": null, ""end_voltage_in_V"": 2.0, ""power_in_W"": null, ""rate_in_C"": 1.0, ""start_soc"": 0.2, ""start_voltage_in_V"": null, ""voltage_in_V"": null}]","[0, 1]",1811,1.0,1811.0,0.0,1.0,3,1.0,5.0,3.0,,3.6,4,1.0,4.0,2.0,,,,
HUST,HUST/HUST_10-5.pkl,60567327,HUST_10-5,cylindrical_18650,graphite,LFP,,1.1,1.0,1.0,0,3.6,2.0,,,,,"[{""current_in_A"": null, ""end_soc"": 0.8, ""end_voltage_in_V"": null, ""power_in_W"": null, ""rate_in_C"": 5.0, ""start_soc"": 0.0, ""start_voltage_in_V"": null, ""voltage_in_V"": null}, {""current_in_A"": null, ""end_soc"": null, ""end_voltage_in_V"": 3.6, ""power_in_W"": null, ""rate_in_C"": 1.0, ""start_soc"": 0.8, ""start_voltage_in_V"": null, ""voltage_in_V"": null}, {""current_in_A"": null, ""end_soc"": 1.0, ""end_voltage_in_V"": null, ""power_in_W"": null, ""rate_in_C"": null, ""start_soc"": null, ""start_voltage_in_V"": 3.6, ""voltage_in_V"": 3.6}]","[{""current_in_A"": null, ""end_soc"": 0.6, ""end_voltage_in_V"": null, ""power_in_W"": null, ""rate_in_C"": 2.0, ""start_soc"": 1.0, ""start_voltage_in_V"": null, ""voltage_in_V"": null}, {""current_in_A"": null, ""end_soc"": 0.4, ""end_voltage_in_V"": null, ""power_in_W"": null, ""rate_in_C"": 5.0, ""start_soc"": 0.6, ""start_voltage_in_V"": null, ""voltage_in_V"": null}, {""current_in_A"": null, ""end_soc"": 0.2, ""end_voltage_in_V"": null, ""power_in_W"": null, ""rate_in_C"": 2.0, ""start_soc"": 0.4, ""start_voltage_in_V"": null, ""voltage_in_V"": null}, {""current_in_A"": null, ""end_soc"": null, ""end_voltage_in_V"": 2.0, ""power_in_W"": null, ""rate_in_C"": 1.0, ""start_soc"": 0.2, ""start_voltage_in_V"": null, ""voltage_in_V"": null}]","[0, 1]",2030,1.0,2030.0,0.0,1.0,3,1.0,5.0,3.0,,3.6,4,1.0,5.0,2.5,,,,
HUST,HUST/HUST_10-6.pkl,71212365,HUST_10-6,cylindrical_18650,graphite,LFP,,1.1,1.0,1.0,0,3.6,2.0,,,,,"[{""current_in_A"": null, ""end_soc"": 0.8, ""end_voltage_in_V"": null, ""power_in_W"": null, ""rate_in_C"": 5.0, ""start_soc"": 0.0, ""start_voltage_in_V"": null, ""voltage_in_V"": null}, {""current_in_A"": null, ""end_soc"": null, ""end_voltage_in_V"": 3.6, ""power_in_W"": null, ""rate_in_C"": 1.0, ""start_soc"": 0.8, ""start_voltage_in_V"": null, ""voltage_in_V"": null}, {""current_in_A"": null, ""end_soc"": 1.0, ""end_voltage_in_V"": null, ""power_in_W"": null, ""rate_in_C"": null, ""start_soc"": null, ""start_voltage_in_V"": 3.6, ""voltage_in_V"": 3.6}]","[{""current_in_A"": null, ""end_soc"": 0.6, ""end_voltage_in_V"": null, ""power_in_W"": null, ""rate_in_C"": 2.0, ""start_soc"": 1.0, ""start_voltage_in_V"": null, ""voltage_in_V"": null}, {""current_in_A"": null, ""end_soc"": 0.4, ""end_voltage_in_V"": null, ""power_in_W"": null, ""rate_in_C"": 3.0, ""start_soc"": 0.6, ""start_voltage_in_V"": null, ""voltage_in_V"": null}, {""current_in_A"": null, ""end_soc"": 0.2, ""end_voltage_in_V"": null, ""power_in_W"": null, ""rate_in_C"": 3.0, ""start_soc"": 0.4, ""start_voltage_in_V"": null, ""voltage_in_V"": null}, {""current_in_A"": null, ""end_soc"": null, ""end_voltage_in_V"": 2.0, ""power_in_W"": null, ""rate_in_C"": 1.0, ""start_soc"": 0.2, ""start_voltage_in_V"": null, ""voltage_in_V"": null}]","[0, 1]",2285,1.0,2285.0,0.0,1.0,3,1.0,5.0,3.0,,3.6,4,1.0,3.0,2.25,,,,
HUST,HUST/HUST_10-7.pkl,54116134,HUST_10-7,cylindrical_18650,graphite,LFP,,1.1,1.0,1.0,0,3.6,2.0,,,,,"[{""current_in_A"": null, ""end_soc"": 0.8, ""end_voltage_in_V"": null, ""power_in_W"": null, ""rate_in_C"": 5.0, ""start_soc"": 0.0, ""start_voltage_in_V"": null, ""voltage_in_V"": null}, {""current_in_A"": null, ""end_soc"": null, ""end_voltage_in_V"": 3.6, ""power_in_W"": null, ""rate_in_C"": 1.0, ""start_soc"": 0.8, ""start_voltage_in_V"": null, ""voltage_in_V"": null}, {""current_in_A"": null, ""end_soc"": 1.0, ""end_voltage_in_V"": null, ""power_in_W"": null, ""rate_in_C"": null, ""start_soc"": null, ""start_voltage_in_V"": 3.6, ""voltage_in_V"": 3.6}]","[{""current_in_A"": null, ""end_soc"": 0.6, ""end_voltage_in_V"": null, ""power_in_W"": null, ""rate_in_C"": 2.0, ""start_soc"": 1.0, ""start_voltage_in_V"": null, ""voltage_in_V"": null}, {""current_in_A"": null, ""end_soc"": 0.4, ""end_voltage_in_V"": null, ""power_in_W"": null, ""rate_in_C"": 2.0, ""start_soc"": 0.6, ""start_voltage_in_V"": null, ""voltage_in_V"": null}, {""current_in_A"": null, ""end_soc"": 0.2, ""end_voltage_in_V"": null, ""power_in_W"": null, ""rate_in_C"": 4.0, ""start_soc"": 0.4, ""start_voltage_in_V"": null, ""voltage_in_V"": null}, {""current_in_A"": null, ""end_soc"": null, ""end_voltage_in_V"": 2.0, ""power_in_W"": null, ""rate_in_C"": 1.0, ""start_soc"": 0.2, ""start_voltage_in_V"": null, ""voltage_in_V"": null}]","[0, 1]",1783,1.0,1783.0,0.0,1.0,3,1.0,5.0,3.0,,3.6,4,1.0,4.0,2.25,,,,
HUST,HUST/HUST_10-8.pkl,46084156,HUST_10-8,cylindrical_18650,graphite,LFP,,1.1,1.0,1.0,0,3.6,2.0,,,,,"[{""current_in_A"": null, ""end_soc"": 0.8, ""end_voltage_in_V"": null, ""power_in_W"": null, ""rate_in_C"": 5.0, ""start_soc"": 0.0, ""start_voltage_in_V"": null, ""voltage_in_V"": null}, {""current_in_A"": null, ""end_soc"": null, ""end_voltage_in_V"": 3.6, ""power_in_W"": null, ""rate_in_C"": 1.0, ""start_soc"": 0.8, ""start_voltage_in_V"": null, ""voltage_in_V"": null}, {""current_in_A"": null, ""end_soc"": 1.0, ""end_voltage_in_V"": null, ""power_in_W"": null, ""rate_in_C"": null, ""start_soc"": null, ""start_voltage_in_V"": 3.6, ""voltage_in_V"": 3.6}]","[{""current_in_A"": null, ""end_soc"": 0.6, ""end_voltage_in_V"": null, ""power_in_W"": null, ""rate_in_C"": 2.0, ""start_soc"": 1.0, ""start_voltage_in_V"": null, ""voltage_in_V"": null}, {""current_in_A"": null, ""end_soc"": 0.4, ""end_voltage_in_V"": null, ""power_in_W"": null, ""rate_in_C"": 1.0, ""start_soc"": 0.6, ""start_voltage_in_V"": null, ""voltage_in_V"": null}, {""current_in_A"": null, ""end_soc"": 0.2, ""end_voltage_in_V"": null, ""power_in_W"": null, ""rate_in_C"": 5.0, ""start_soc"": 0.4, ""start_voltage_in_V"": null, ""voltage_in_V"": null}, {""current_in_A"": null, ""end_soc"": null, ""end_voltage_in_V"": 2.0, ""power_in_W"": null, ""rate_in_C"": 1.0, ""start_soc"": 0.2, ""start_voltage_in_V"": null, ""voltage_in_V"": null}]","[0, 1]",1400,1.0,1400.0,0.0,1.0,3,1.0,5.0,3.0,,3.6,4,1.0,5.0,2.25,,,,
HUST,HUST/HUST_2-2.pkl,70465436,HUST_2-2,cylindrical_18650,graphite,LFP,,1.1,1.0,1.0,0,3.6,2.0,,,,,"[{""current_in_A"": null, ""end_soc"": 0.8, ""end_voltage_in_V"": null, ""power_in_W"": null, ""rate_in_C"": 5.0, ""start_soc"": 0.0, ""start_voltage_in_V"": null, ""voltage_in_V"": null}, {""current_in_A"": null, ""end_soc"": null, ""end_voltage_in_V"": 3.6, ""power_in_W"": null, ""rate_in_C"": 1.0, ""start_soc"": 0.8, ""start_voltage_in_V"": null, ""voltage_in_V"": null}, {""current_in_A"": null, ""end_soc"": 1.0, ""end_voltage_in_V"": null, ""power_in_W"": null, ""rate_in_C"": null, ""start_soc"": null, ""start_voltage_in_V"": 3.6, ""voltage_in_V"": 3.6}]","[{""current_in_A"": null, ""end_soc"": 0.6, ""end_voltage_in_V"": null, ""power_in_W"": null, ""rate_in_C"": 5.0, ""start_soc"": 1.0, ""start_voltage_in_V"": null, ""voltage_in_V"": null}, {""current_in_A"": null, ""end_soc"": 0.4, ""end_voltage_in_V"": null, ""power_in_W"": null, ""rate_in_C"": 2.0, ""start_soc"": 0.6, ""start_voltage_in_V"": null, ""voltage_in_V"": null}, {""current_in_A"": null, ""end_soc"": 0.2, ""end_voltage_in_V"": null, ""power_in_W"": null, ""rate_in_C"": 5.0, ""start_soc"": 0.4, ""start_voltage_in_V"": null, ""voltage_in_V"": null}, {""current_in_A"": null, ""end_soc"": null, ""end_voltage_in_V"": 2.0, ""power_in_W"": null, ""rate_in_C"": 1.0, ""start_soc"": 0.2, ""start_voltage_in_V"": null, ""voltage_in_V"": null}]","[0, 1]",2651,1.0,2651.0,0.0,1.0,3,1.0,5.0,3.0,,3.6,4,1.0,5.0,3.25,,,,
HUST,HUST/HUST_2-3.pkl,53339775,HUST_2-3,cylindrical_18650,graphite,LFP,,1.1,1.0,1.0,0,3.6,2.0,,,,,"[{""current_in_A"": null, ""end_soc"": 0.8, ""end_voltage_in_V"": null, ""power_in_W"": null, ""rate_in_C"": 5.0, ""start_soc"": 0.0, ""start_voltage_in_V"": null, ""voltage_in_V"": null}, {""current_in_A"": null, ""end_soc"": null, ""end_voltage_in_V"": 3.6, ""power_in_W"": null, ""rate_in_C"": 1.0, ""start_soc"": 0.8, ""start_voltage_in_V"": null, ""voltage_in_V"": null}, {""current_in_A"": null, ""end_soc"": 1.0, ""end_voltage_in_V"": null, ""power_in_W"": null, ""rate_in_C"": null, ""start_soc"": null, ""start_voltage_in_V"": 3.6, ""voltage_in_V"": 3.6}]","[{""current_in_A"": null, ""end_soc"": 0.6, ""end_voltage_in_V"": null, ""power_in_W"": null, ""rate_in_C"": 5.0, ""start_soc"": 1.0, ""start_voltage_in_V"": null, ""voltage_in_V"": null}, {""current_in_A"": null, ""end_soc"": 0.4, ""end_voltage_in_V"": null, ""power_in_W"": null, ""rate_in_C"": 3.0, ""start_soc"": 0.6, ""start_voltage_in_V"": null, ""voltage_in_V"": null}, {""current_in_A"": null, ""end_soc"": 0.2, ""end_voltage_in_V"": null, ""power_in_W"": null, ""rate_in_C"": 1.0, ""start_soc"": 0.4, ""start_voltage_in_V"": null, ""voltage_in_V"": null}, {""current_in_A"": null, ""end_soc"": null, ""end_voltage_in_V"": 2.0, ""power_in_W"": null, ""rate_in_C"": 1.0, ""start_soc"": 0.2, ""start_voltage_in_V"": null, ""voltage_in_V"": null}]","[0, 1]",1751,1.0,1751.0,0.0,1.0,3,1.0,5.0,3.0,,3.6,4,1.0,5.0,2.5,,,,
HUST,HUST/HUST_2-4.pkl,40552035,HUST_2-4,cylindrical_18650,graphite,LFP,,1.1,1.0,1.0,0,3.6,2.0,,,,,"[{""current_in_A"": null, ""end_soc"": 0.8, ""end_voltage_in_V"": null, ""power_in_W"": null, ""rate_in_C"": 5.0, ""start_soc"": 0.0, ""start_voltage_in_V"": null, ""voltage_in_V"": null}, {""current_in_A"": null, ""end_soc"": null, ""end_voltage_in_V"": 3.6, ""power_in_W"": null, ""rate_in_C"": 1.0, ""start_soc"": 0.8, ""start_voltage_in_V"": null, ""voltage_in_V"": null}, {""current_in_A"": null, ""end_soc"": 1.0, ""end_voltage_in_V"": null, ""power_in_W"": null, ""rate_in_C"": null, ""start_soc"": null, ""start_voltage_in_V"": 3.6, ""voltage_in_V"": 3.6}]","[{""current_in_A"": null, ""end_soc"": 0.6, ""end_voltage_in_V"": null, ""power_in_W"": null, ""rate_in_C"": 5.0, ""start_soc"": 1.0, ""start_voltage_in_V"": null, ""voltage_in_V"": null}, {""current_in_A"": null, ""end_soc"": 0.4, ""end_voltage_in_V"": null, ""power_in_W"": null, ""rate_in_C"": 3.0, ""start_soc"": 0.6, ""start_voltage_in_V"": null, ""voltage_in_V"": null}, {""current_in_A"": null, ""end_soc"": 0.2, ""end_voltage_in_V"": null, ""power_in_W"": null, ""rate_in_C"": 2.0, ""start_soc"": 0.4, ""start_voltage_in_V"": null, ""voltage_in_V"": null}, {""current_in_A"": null, ""end_soc"": null, ""end_voltage_in_V"": 2.0, ""power_in_W"": null, ""rate_in_C"": 1.0, ""start_soc"": 0.2, ""start_voltage_in_V"": null, ""voltage_in_V"": null}]","[0, 1]",1499,1.0,1499.0,0.0,1.0,3,1.0,5.0,3.0,,3.6,4,1.0,5.0,2.75,,,,
HUST,HUST/HUST_2-5.pkl,35687769,HUST_2-5,cylindrical_18650,graphite,LFP,,1.1,1.0,1.0,0,3.6,2.0,,,,,"[{""current_in_A"": null, ""end_soc"": 0.8, ""end_voltage_in_V"": null, ""power_in_W"": null, ""rate_in_C"": 5.0, ""start_soc"": 0.0, ""start_voltage_in_V"": null, ""voltage_in_V"": null}, {""current_in_A"": null, ""end_soc"": null, ""end_voltage_in_V"": 3.6, ""power_in_W"": null, ""rate_in_C"": 1.0, ""start_soc"": 0.8, ""start_voltage_in_V"": null, ""voltage_in_V"": null}, {""current_in_A"": null, ""end_soc"": 1.0, ""end_voltage_in_V"": null, ""power_in_W"": null, ""rate_in_C"": null, ""start_soc"": null, ""start_voltage_in_V"": 3.6, ""voltage_in_V"": 3.6}]","[{""current_in_A"": null, ""end_soc"": 0.6, ""end_voltage_in_V"": null, ""power_in_W"": null, ""rate_in_C"": 5.0, ""start_soc"": 1.0, ""start_voltage_in_V"": null, ""voltage_in_V"": null}, {""current_in_A"": null, ""end_soc"": 0.4, ""end_voltage_in_V"": null, ""power_in_W"": null, ""rate_in_C"": 3.0, ""start_soc"": 0.6, ""start_voltage_in_V"": null, ""voltage_in_V"": null}, {""current_in_A"": null, ""end_soc"": 0.2, ""end_voltage_in_V"": null, ""power_in_W"": null, ""rate_in_C"": 3.0, ""start_soc"": 0.4, ""start_voltage_in_V"": null, ""voltage_in_V"": null}, {""current_in_A"": null, ""end_soc"": null, ""end_voltage_in_V"": 2.0, ""power_in_W"": null, ""rate_in_C"": 1.0, ""start_soc"": 0.2, ""start_voltage_in_V"": null, ""voltage_in_V"": null}]","[0, 1]",1386,1.0,1386.0,0.0,1.0,3,1.0,5.0,3.0,,3.6,4,1.0,5.0,3.0,,,,
HUST,HUST/HUST_2-6.pkl,39681753,HUST_2-6,cylindrical_18650,graphite,LFP,,1.1,1.0,1.0,0,3.6,2.0,,,,,"[{""current_in_A"": null, ""end_soc"": 0.8, ""end_voltage_in_V"": null, ""power_in_W"": null, ""rate_in_C"": 5.0, ""start_soc"": 0.0, ""start_voltage_in_V"": null, ""voltage_in_V"": null}, {""current_in_A"": null, ""end_soc"": null, ""end_voltage_in_V"": 3.6, ""power_in_W"": null, ""rate_in_C"": 1.0, ""start_soc"": 0.8, ""start_voltage_in_V"": null, ""voltage_in_V"": null}, {""current_in_A"": null, ""end_soc"": 1.0, ""end_voltage_in_V"": null, ""power_in_W"": null, ""rate_in_C"": null, ""start_soc"": null, ""start_voltage_in_V"": 3.6, ""voltage_in_V"": 3.6}]","[{""current_in_A"": null, ""end_soc"": 0.6, ""end_voltage_in_V"": null, ""power_in_W"": null, ""rate_in_C"": 5.0, ""start_soc"": 1.0, ""start_voltage_in_V"": null, ""voltage_in_V"": null}, {""current_in_A"": null, ""end_soc"": 0.4, ""end_voltage_in_V"": null, ""power_in_W"": null, ""rate_in_C"": 3.0, ""start_soc"": 0.6, ""start_voltage_in_V"": null, ""voltage_in_V"": null}, {""current_in_A"": null, ""end_soc"": 0.2, ""end_voltage_in_V"": null, ""power_in_W"": null, ""rate_in_C"": 4.0, ""start_soc"": 0.4, ""start_voltage_in_V"": null, ""voltage_in_V"": null}, {""current_in_A"": null, ""end_soc"": null, ""end_voltage_in_V"": 2.0, ""power_in_W"": null, ""rate_in_C"": 1.0, ""start_soc"": 0.2, ""start_voltage_in_V"": null, ""voltage_in_V"": null}]","[0, 1]",1572,1.0,1572.0,0.0,1.0,3,1.0,5.0,3.0,,3.6,4,1.0,5.0,3.25,,,,
HUST,HUST/HUST_2-7.pkl,54272078,HUST_2-7,cylindrical_18650,graphite,LFP,,1.1,1.0,1.0,0,3.6,2.0,,,,,"[{""current_in_A"": null, ""end_soc"": 0.8, ""end_voltage_in_V"": null, ""power_in_W"": null, ""rate_in_C"": 5.0, ""start_soc"": 0.0, ""start_voltage_in_V"": null, ""voltage_in_V"": null}, {""current_in_A"": null, ""end_soc"": null, ""end_voltage_in_V"": 3.6, ""power_in_W"": null, ""rate_in_C"": 1.0, ""start_soc"": 0.8, ""start_voltage_in_V"": null, ""voltage_in_V"": null}, {""current_in_A"": null, ""end_soc"": 1.0, ""end_voltage_in_V"": null, ""power_in_W"": null, ""rate_in_C"": null, ""start_soc"": null, ""start_voltage_in_V"": 3.6, ""voltage_in_V"": 3.6}]","[{""current_in_A"": null, ""end_soc"": 0.6, ""end_voltage_in_V"": null, ""power_in_W"": null, ""rate_in_C"": 5.0, ""start_soc"": 1.0, ""start_voltage_in_V"": null, ""voltage_in_V"": null}, {""current_in_A"": null, ""end_soc"": 0.4, ""end_voltage_in_V"": null, ""power_in_W"": null, ""rate_in_C"": 3.0, ""start_soc"": 0.6, ""start_voltage_in_V"": null, ""voltage_in_V"": null}, {""current_in_A"": null, ""end_soc"": 0.2, ""end_voltage_in_V"": null, ""power_in_W"": null, ""rate_in_C"": 5.0, ""start_soc"": 0.4, ""start_voltage_in_V"": null, ""voltage_in_V"": null}, {""current_in_A"": null, ""end_soc"": null, ""end_voltage_in_V"": 2.0, ""power_in_W"": null, ""rate_in_C"": 1.0, ""start_soc"": 0.2, ""start_voltage_in_V"": null, ""voltage_in_V"": null}]","[0, 1]",2202,1.0,2202.0,0.0,1.0,3,1.0,5.0,3.0,,3.6,4,1.0,5.0,3.5,,,,
HUST,HUST/HUST_2-8.pkl,43272663,HUST_2-8,cylindrical_18650,graphite,LFP,,1.1,1.0,1.0,0,3.6,2.0,,,,,"[{""current_in_A"": null, ""end_soc"": 0.8, ""end_voltage_in_V"": null, ""power_in_W"": null, ""rate_in_C"": 5.0, ""start_soc"": 0.0, ""start_voltage_in_V"": null, ""voltage_in_V"": null}, {""current_in_A"": null, ""end_soc"": null, ""end_voltage_in_V"": 3.6, ""power_in_W"": null, ""rate_in_C"": 1.0, ""start_soc"": 0.8, ""start_voltage_in_V"": null, ""voltage_in_V"": null}, {""current_in_A"": null, ""end_soc"": 1.0, ""end_voltage_in_V"": null, ""power_in_W"": null, ""rate_in_C"": null, ""start_soc"": null, ""start_voltage_in_V"": 3.6, ""voltage_in_V"": 3.6}]","[{""current_in_A"": null, ""end_soc"": 0.6, ""end_voltage_in_V"": null, ""power_in_W"": null, ""rate_in_C"": 5.0, ""start_soc"": 1.0, ""start_voltage_in_V"": null, ""voltage_in_V"": null}, {""current_in_A"": null, ""end_soc"": 0.4, ""end_voltage_in_V"": null, ""power_in_W"": null, ""rate_in_C"": 4.0, ""start_soc"": 0.6, ""start_voltage_in_V"": null, ""voltage_in_V"": null}, {""current_in_A"": null, ""end_soc"": 0.2, ""end_voltage_in_V"": null, ""power_in_W"": null, ""rate_in_C"": 1.0, ""start_soc"": 0.4, ""start_voltage_in_V"": null, ""voltage_in_V"": null}, {""current_in_A"": null, ""end_soc"": null, ""end_voltage_in_V"": 2.0, ""power_in_W"": null, ""rate_in_C"": 1.0, ""start_soc"": 0.2, ""start_voltage_in_V"": null, ""voltage_in_V"": null}]","[0, 1]",1481,1.0,1481.0,0.0,1.0,3,1.0,5.0,3.0,,3.6,4,1.0,5.0,2.75,,,,
HUST,HUST/HUST_3-1.pkl,50553717,HUST_3-1,cylindrical_18650,graphite,LFP,,1.1,1.0,1.0,0,3.6,2.0,,,,,"[{""current_in_A"": null, ""end_soc"": 0.8, ""end_voltage_in_V"": null, ""power_in_W"": null, ""rate_in_C"": 5.0, ""start_soc"": 0.0, ""start_voltage_in_V"": null, ""voltage_in_V"": null}, {""current_in_A"": null, ""end_soc"": null, ""end_voltage_in_V"": 3.6, ""power_in_W"": null, ""rate_in_C"": 1.0, ""start_soc"": 0.8, ""start_voltage_in_V"": null, ""voltage_in_V"": null}, {""current_in_A"": null, ""end_soc"": 1.0, ""end_voltage_in_V"": null, ""power_in_W"": null, ""rate_in_C"": null, ""start_soc"": null, ""start_voltage_in_V"": 3.6, ""voltage_in_V"": 3.6}]","[{""current_in_A"": null, ""end_soc"": 0.6, ""end_voltage_in_V"": null, ""power_in_W"": null, ""rate_in_C"": 5.0, ""start_soc"": 1.0, ""start_voltage_in_V"": null, ""voltage_in_V"": null}, {""current_in_A"": null, ""end_soc"": 0.4, ""end_voltage_in_V"": null, ""power_in_W"": null, ""rate_in_C"": 4.0, ""start_soc"": 0.6, ""start_voltage_in_V"": null, ""voltage_in_V"": null}, {""current_in_A"": null, ""end_soc"": 0.2, ""end_voltage_in_V"": null, ""power_in_W"": null, ""rate_in_C"": 2.0, ""start_soc"": 0.4, ""start_voltage_in_V"": null, ""voltage_in_V"": null}, {""current_in_A"": null, ""end_soc"": null, ""end_voltage_in_V"": 2.0, ""power_in_W"": null, ""rate_in_C"": 1.0, ""start_soc"": 0.2, ""start_voltage_in_V"": null, ""voltage_in_V"": null}]","[0, 1]",1938,1.0,1938.0,0.0,1.0,3,1.0,5.0,3.0,,3.6,4,1.0,5.0,3.0,,,,
HUST,HUST/HUST_3-2.pkl,55972007,HUST_3-2,cylindrical_18650,graphite,LFP,,1.1,1.0,1.0,0,3.6,2.0,,,,,"[{""current_in_A"": null, ""end_soc"": 0.8, ""end_voltage_in_V"": null, ""power_in_W"": null, ""rate_in_C"": 5.0, ""start_soc"": 0.0, ""start_voltage_in_V"": null, ""voltage_in_V"": null}, {""current_in_A"": null, ""end_soc"": null, ""end_voltage_in_V"": 3.6, ""power_in_W"": null, ""rate_in_C"": 1.0, ""start_soc"": 0.8, ""start_voltage_in_V"": null, ""voltage_in_V"": null}, {""current_in_A"": null, ""end_soc"": 1.0, ""end_voltage_in_V"": null, ""power_in_W"": null, ""rate_in_C"": null, ""start_soc"": null, ""start_voltage_in_V"": 3.6, ""voltage_in_V"": 3.6}]","[{""current_in_A"": null, ""end_soc"": 0.6, ""end_voltage_in_V"": null, ""power_in_W"": null, ""rate_in_C"": 5.0, ""start_soc"": 1.0, ""start_voltage_in_V"": null, ""voltage_in_V"": null}, {""current_in_A"": null, ""end_soc"": 0.4, ""end_voltage_in_V"": null, ""power_in_W"": null, ""rate_in_C"": 4.0, ""start_soc"": 0.6, ""start_voltage_in_V"": null, ""voltage_in_V"": null}, {""current_in_A"": null, ""end_soc"": 0.2, ""end_voltage_in_V"": null, ""power_in_W"": null, ""rate_in_C"": 3.0, ""start_soc"": 0.4, ""start_voltage_in_V"": null, ""voltage_in_V"": null}, {""current_in_A"": null, ""end_soc"": null, ""end_voltage_in_V"": 2.0, ""power_in_W"": null, ""rate_in_C"": 1.0, ""start_soc"": 0.2, ""start_voltage_in_V"": null, ""voltage_in_V"": null}]","[0, 1]",2283,1.0,2283.0,0.0,1.0,3,1.0,5.0,3.0,,3.6,4,1.0,5.0,3.25,,,,
HUST,HUST/HUST_3-3.pkl,39463476,HUST_3-3,cylindrical_18650,graphite,LFP,,1.1,1.0,1.0,0,3.6,2.0,,,,,"[{""current_in_A"": null, ""end_soc"": 0.8, ""end_voltage_in_V"": null, ""power_in_W"": null, ""rate_in_C"": 5.0, ""start_soc"": 0.0, ""start_voltage_in_V"": null, ""voltage_in_V"": null}, {""current_in_A"": null, ""end_soc"": null, ""end_voltage_in_V"": 3.6, ""power_in_W"": null, ""rate_in_C"": 1.0, ""start_soc"": 0.8, ""start_voltage_in_V"": null, ""voltage_in_V"": null}, {""current_in_A"": null, ""end_soc"": 1.0, ""end_voltage_in_V"": null, ""power_in_W"": null, ""rate_in_C"": null, ""start_soc"": null, ""start_voltage_in_V"": 3.6, ""voltage_in_V"": 3.6}]","[{""current_in_A"": null, ""end_soc"": 0.6, ""end_voltage_in_V"": null, ""power_in_W"": null, ""rate_in_C"": 5.0, ""start_soc"": 1.0, ""start_voltage_in_V"": null, ""voltage_in_V"": null}, {""current_in_A"": null, ""end_soc"": 0.4, ""end_voltage_in_V"": null, ""power_in_W"": null, ""rate_in_C"": 4.0, ""start_soc"": 0.6, ""start_voltage_in_V"": null, ""voltage_in_V"": null}, {""current_in_A"": null, ""end_soc"": 0.2, ""end_voltage_in_V"": null, ""power_in_W"": null, ""rate_in_C"": 4.0, ""start_soc"": 0.4, ""start_voltage_in_V"": null, ""voltage_in_V"": null}, {""current_in_A"": null, ""end_soc"": null, ""end_voltage_in_V"": 2.0, ""power_in_W"": null, ""rate_in_C"": 1.0, ""start_soc"": 0.2, ""start_voltage_in_V"": null, ""voltage_in_V"": null}]","[0, 1]",1649,1.0,1649.0,0.0,1.0,3,1.0,5.0,3.0,,3.6,4,1.0,5.0,3.5,,,,
HUST,HUST/HUST_3-4.pkl,40636059,HUST_3-4,cylindrical_18650,graphite,LFP,,1.1,1.0,1.0,0,3.6,2.0,,,,,"[{""current_in_A"": null, ""end_soc"": 0.8, ""end_voltage_in_V"": null, ""power_in_W"": null, ""rate_in_C"": 5.0, ""start_soc"": 0.0, ""start_voltage_in_V"": null, ""voltage_in_V"": null}, {""current_in_A"": null, ""end_soc"": null, ""end_voltage_in_V"": 3.6, ""power_in_W"": null, ""rate_in_C"": 1.0, ""start_soc"": 0.8, ""start_voltage_in_V"": null, ""voltage_in_V"": null}, {""current_in_A"": null, ""end_soc"": 1.0, ""end_voltage_in_V"": null, ""power_in_W"": null, ""rate_in_C"": null, ""start_soc"": null, ""start_voltage_in_V"": 3.6, ""voltage_in_V"": 3.6}]","[{""current_in_A"": null, ""end_soc"": 0.6, ""end_voltage_in_V"": null, ""power_in_W"": null, ""rate_in_C"": 5.0, ""start_soc"": 1.0, ""start_voltage_in_V"": null, ""voltage_in_V"": null}, {""current_in_A"": null, ""end_soc"": 0.4, ""end_voltage_in_V"": null, ""power_in_W"": null, ""rate_in_C"": 4.0, ""start_soc"": 0.6, ""start_voltage_in_V"": null, ""voltage_in_V"": null}, {""current_in_A"": null, ""end_soc"": 0.2, ""end_voltage_in_V"": null, ""power_in_W"": null, ""rate_in_C"": 5.0, ""start_soc"": 0.4, ""start_voltage_in_V"": null, ""voltage_in_V"": null}, {""current_in_A"": null, ""end_soc"": null, ""end_voltage_in_V"": 2.0, ""power_in_W"": null, ""rate_in_C"": 1.0, ""start_soc"": 0.2, ""start_voltage_in_V"": null, ""voltage_in_V"": null}]","[0, 1]",1766,1.0,1766.0,0.0,1.0,3,1.0,5.0,3.0,,3.6,4,1.0,5.0,3.75,,,,
HUST,HUST/HUST_3-5.pkl,79207082,HUST_3-5,cylindrical_18650,graphite,LFP,,1.1,1.0,1.0,0,3.6,2.0,,,,,"[{""current_in_A"": null, ""end_soc"": 0.8, ""end_voltage_in_V"": null, ""power_in_W"": null, ""rate_in_C"": 5.0, ""start_soc"": 0.0, ""start_voltage_in_V"": null, ""voltage_in_V"": null}, {""current_in_A"": null, ""end_soc"": null, ""end_voltage_in_V"": 3.6, ""power_in_W"": null, ""rate_in_C"": 1.0, ""start_soc"": 0.8, ""start_voltage_in_V"": null, ""voltage_in_V"": null}, {""current_in_A"": null, ""end_soc"": 1.0, ""end_voltage_in_V"": null, ""power_in_W"": null, ""rate_in_C"": null, ""start_soc"": null, ""start_voltage_in_V"": 3.6, ""voltage_in_V"": 3.6}]","[{""current_in_A"": null, ""end_soc"": 0.6, ""end_voltage_in_V"": null, ""power_in_W"": null, ""rate_in_C"": 5.0, ""start_soc"": 1.0, ""start_voltage_in_V"": null, ""voltage_in_V"": null}, {""current_in_A"": null, ""end_soc"": 0.4, ""end_voltage_in_V"": null, ""power_in_W"": null, ""rate_in_C"": 5.0, ""start_soc"": 0.6, ""start_voltage_in_V"": null, ""voltage_in_V"": null}, {""current_in_A"": null, ""end_soc"": 0.2, ""end_voltage_in_V"": null, ""power_in_W"": null, ""rate_in_C"": 1.0, ""start_soc"": 0.4, ""start_voltage_in_V"": null, ""voltage_in_V"": null}, {""current_in_A"": null, ""end_soc"": null, ""end_voltage_in_V"": 2.0, ""power_in_W"": null, ""rate_in_C"": 1.0, ""start_soc"": 0.2, ""start_voltage_in_V"": null, ""voltage_in_V"": null}]","[0, 1]",2657,1.0,2657.0,0.0,1.0,3,1.0,5.0,3.0,,3.6,4,1.0,5.0,3.0,,,,
HUST,HUST/HUST_3-6.pkl,63107918,HUST_3-6,cylindrical_18650,graphite,LFP,,1.1,1.0,1.0,0,3.6,2.0,,,,,"[{""current_in_A"": null, ""end_soc"": 0.8, ""end_voltage_in_V"": null, ""power_in_W"": null, ""rate_in_C"": 5.0, ""start_soc"": 0.0, ""start_voltage_in_V"": null, ""voltage_in_V"": null}, {""current_in_A"": null, ""end_soc"": null, ""end_voltage_in_V"": 3.6, ""power_in_W"": null, ""rate_in_C"": 1.0, ""start_soc"": 0.8, ""start_voltage_in_V"": null, ""voltage_in_V"": null}, {""current_in_A"": null, ""end_soc"": 1.0, ""end_voltage_in_V"": null, ""power_in_W"": null, ""rate_in_C"": null, ""start_soc"": null, ""start_voltage_in_V"": 3.6, ""voltage_in_V"": 3.6}]","[{""current_in_A"": null, ""end_soc"": 0.6, ""end_voltage_in_V"": null, ""power_in_W"": null, ""rate_in_C"": 5.0, ""start_soc"": 1.0, ""start_voltage_in_V"": null, ""voltage_in_V"": null}, {""current_in_A"": null, ""end_soc"": 0.4, ""end_voltage_in_V"": null, ""power_in_W"": null, ""rate_in_C"": 5.0, ""start_soc"": 0.6, ""start_voltage_in_V"": null, ""voltage_in_V"": null}, {""current_in_A"": null, ""end_soc"": 0.2, ""end_voltage_in_V"": null, ""power_in_W"": null, ""rate_in_C"": 2.0, ""start_soc"": 0.4, ""start_voltage_in_V"": null, ""voltage_in_V"": null}, {""current_in_A"": null, ""end_soc"": null, ""end_voltage_in_V"": 2.0, ""power_in_W"": null, ""rate_in_C"": 1.0, ""start_soc"": 0.2, ""start_voltage_in_V"": null, ""voltage_in_V"": null}]","[0, 1]",2491,1.0,2491.0,0.0,1.0,3,1.0,5.0,3.0,,3.6,4,1.0,5.0,3.25,,,,
HUST,HUST/HUST_3-7.pkl,57707630,HUST_3-7,cylindrical_18650,graphite,LFP,,1.1,1.0,1.0,0,3.6,2.0,,,,,"[{""current_in_A"": null, ""end_soc"": 0.8, ""end_voltage_in_V"": null, ""power_in_W"": null, ""rate_in_C"": 5.0, ""start_soc"": 0.0, ""start_voltage_in_V"": null, ""voltage_in_V"": null}, {""current_in_A"": null, ""end_soc"": null, ""end_voltage_in_V"": 3.6, ""power_in_W"": null, ""rate_in_C"": 1.0, ""start_soc"": 0.8, ""start_voltage_in_V"": null, ""voltage_in_V"": null}, {""current_in_A"": null, ""end_soc"": 1.0, ""end_voltage_in_V"": null, ""power_in_W"": null, ""rate_in_C"": null, ""start_soc"": null, ""start_voltage_in_V"": 3.6, ""voltage_in_V"": 3.6}]","[{""current_in_A"": null, ""end_soc"": 0.6, ""end_voltage_in_V"": null, ""power_in_W"": null, ""rate_in_C"": 5.0, ""start_soc"": 1.0, ""start_voltage_in_V"": null, ""voltage_in_V"": null}, {""current_in_A"": null, ""end_soc"": 0.4, ""end_voltage_in_V"": null, ""power_in_W"": null, ""rate_in_C"": 5.0, ""start_soc"": 0.6, ""start_voltage_in_V"": null, ""voltage_in_V"": null}, {""current_in_A"": null, ""end_soc"": 0.2, ""end_voltage_in_V"": null, ""power_in_W"": null, ""rate_in_C"": 3.0, ""start_soc"": 0.4, ""start_voltage_in_V"": null, ""voltage_in_V"": null}, {""current_in_A"": null, ""end_soc"": null, ""end_voltage_in_V"": 2.0, ""power_in_W"": null, ""rate_in_C"": 1.0, ""start_soc"": 0.2, ""start_voltage_in_V"": null, ""voltage_in_V"": null}]","[0, 1]",2479,1.0,2479.0,0.0,1.0,3,1.0,5.0,3.0,,3.6,4,1.0,5.0,3.5,,,,
HUST,HUST/HUST_3-8.pkl,56036771,HUST_3-8,cylindrical_18650,graphite,LFP,,1.1,1.0,1.0,0,3.6,2.0,,,,,"[{""current_in_A"": null, ""end_soc"": 0.8, ""end_voltage_in_V"": null, ""power_in_W"": null, ""rate_in_C"": 5.0, ""start_soc"": 0.0, ""start_voltage_in_V"": null, ""voltage_in_V"": null}, {""current_in_A"": null, ""end_soc"": null, ""end_voltage_in_V"": 3.6, ""power_in_W"": null, ""rate_in_C"": 1.0, ""start_soc"": 0.8, ""start_voltage_in_V"": null, ""voltage_in_V"": null}, {""current_in_A"": null, ""end_soc"": 1.0, ""end_voltage_in_V"": null, ""power_in_W"": null, ""rate_in_C"": null, ""start_soc"": null, ""start_voltage_in_V"": 3.6, ""voltage_in_V"": 3.6}]","[{""current_in_A"": null, ""end_soc"": 0.6, ""end_voltage_in_V"": null, ""power_in_W"": null, ""rate_in_C"": 5.0, ""start_soc"": 1.0, ""start_voltage_in_V"": null, ""voltage_in_V"": null}, {""current_in_A"": null, ""end_soc"": 0.4, ""end_voltage_in_V"": null, ""power_in_W"": null, ""rate_in_C"": 5.0, ""start_soc"": 0.6, ""start_voltage_in_V"": null, ""voltage_in_V"": null}, {""current_in_A"": null, ""end_soc"": 0.2, ""end_voltage_in_V"": null, ""power_in_W"": null, ""rate_in_C"": 4.0, ""start_soc"": 0.4, ""start_voltage_in_V"": null, ""voltage_in_V"": null}, {""current_in_A"": null, ""end_soc"": null, ""end_voltage_in_V"": 2.0, ""power_in_W"": null, ""rate_in_C"": 1.0, ""start_soc"": 0.2, ""start_voltage_in_V"": null, ""voltage_in_V"": null}]","[0, 1]",2342,1.0,2342.0,0.0,1.0,3,1.0,5.0,3.0,,3.6,4,1.0,5.0,3.75,,,,
HUST,HUST/HUST_4-1.pkl,48800051,HUST_4-1,cylindrical_18650,graphite,LFP,,1.1,1.0,1.0,0,3.6,2.0,,,,,"[{""current_in_A"": null, ""end_soc"": 0.8, ""end_voltage_in_V"": null, ""power_in_W"": null, ""rate_in_C"": 5.0, ""start_soc"": 0.0, ""start_voltage_in_V"": null, ""voltage_in_V"": null}, {""current_in_A"": null, ""end_soc"": null, ""end_voltage_in_V"": 3.6, ""power_in_W"": null, ""rate_in_C"": 1.0, ""start_soc"": 0.8, ""start_voltage_in_V"": null, ""voltage_in_V"": null}, {""current_in_A"": null, ""end_soc"": 1.0, ""end_voltage_in_V"": null, ""power_in_W"": null, ""rate_in_C"": null, ""start_soc"": null, ""start_voltage_in_V"": 3.6, ""voltage_in_V"": 3.6}]","[{""current_in_A"": null, ""end_soc"": 0.6, ""end_voltage_in_V"": null, ""power_in_W"": null, ""rate_in_C"": 5.0, ""start_soc"": 1.0, ""start_voltage_in_V"": null, ""voltage_in_V"": null}, {""current_in_A"": null, ""end_soc"": 0.4, ""end_voltage_in_V"": null, ""power_in_W"": null, ""rate_in_C"": 5.0, ""start_soc"": 0.6, ""start_voltage_in_V"": null, ""voltage_in_V"": null}, {""current_in_A"": null, ""end_soc"": 0.2, ""end_voltage_in_V"": null, ""power_in_W"": null, ""rate_in_C"": 5.0, ""start_soc"": 0.4, ""start_voltage_in_V"": null, ""voltage_in_V"": null}, {""current_in_A"": null, ""end_soc"": null, ""end_voltage_in_V"": 2.0, ""power_in_W"": null, ""rate_in_C"": 1.0, ""start_soc"": 0.2, ""start_voltage_in_V"": null, ""voltage_in_V"": null}]","[0, 1]",2217,1.0,2217.0,0.0,1.0,3,1.0,5.0,3.0,,3.6,4,1.0,5.0,4.0,,,,
HUST,HUST/HUST_4-2.pkl,63718161,HUST_4-2,cylindrical_18650,graphite,LFP,,1.1,1.0,1.0,0,3.6,2.0,,,,,"[{""current_in_A"": null, ""end_soc"": 0.8, ""end_voltage_in_V"": null, ""power_in_W"": null, ""rate_in_C"": 5.0, ""start_soc"": 0.0, ""start_voltage_in_V"": null, ""voltage_in_V"": null}, {""current_in_A"": null, ""end_soc"": null, ""end_voltage_in_V"": 3.6, ""power_in_W"": null, ""rate_in_C"": 1.0, ""start_soc"": 0.8, ""start_voltage_in_V"": null, ""voltage_in_V"": null}, {""current_in_A"": null, ""end_soc"": 1.0, ""end_voltage_in_V"": null, ""power_in_W"": null, ""rate_in_C"": null, ""start_soc"": null, ""start_voltage_in_V"": 3.6, ""voltage_in_V"": 3.6}]","[{""current_in_A"": null, ""end_soc"": 0.6, ""end_voltage_in_V"": null, ""power_in_W"": null, ""rate_in_C"": 4.0, ""start_soc"": 1.0, ""start_voltage_in_V"": null, ""voltage_in_V"": null}, {""current_in_A"": null, ""end_soc"": 0.4, ""end_voltage_in_V"": null, ""power_in_W"": null, ""rate_in_C"": 1.0, ""start_soc"": 0.6, ""start_voltage_in_V"": null, ""voltage_in_V"": null}, {""current_in_A"": null, ""end_soc"": 0.2, ""end_voltage_in_V"": null, ""power_in_W"": null, ""rate_in_C"": 1.0, ""start_soc"": 0.4, ""start_voltage_in_V"": null, ""voltage_in_V"": null}, {""current_in_A"": null, ""end_soc"": null, ""end_voltage_in_V"": 2.0, ""power_in_W"": null, ""rate_in_C"": 1.0, ""start_soc"": 0.2, ""start_voltage_in_V"": null, ""voltage_in_V"": null}]","[0, 1]",1782,1.0,1782.0,0.0,1.0,3,1.0,5.0,3.0,,3.6,4,1.0,4.0,1.75,,,,
HUST,HUST/HUST_4-3.pkl,36588660,HUST_4-3,cylindrical_18650,graphite,LFP,,1.1,1.0,1.0,0,3.6,2.0,,,,,"[{""current_in_A"": null, ""end_soc"": 0.8, ""end_voltage_in_V"": null, ""power_in_W"": null, ""rate_in_C"": 5.0, ""start_soc"": 0.0, ""start_voltage_in_V"": null, ""voltage_in_V"": null}, {""current_in_A"": null, ""end_soc"": null, ""end_voltage_in_V"": 3.6, ""power_in_W"": null, ""rate_in_C"": 1.0, ""start_soc"": 0.8, ""start_voltage_in_V"": null, ""voltage_in_V"": null}, {""current_in_A"": null, ""end_soc"": 1.0, ""end_voltage_in_V"": null, ""power_in_W"": null, ""rate_in_C"": null, ""start_soc"": null, ""start_voltage_in_V"": 3.6, ""voltage_in_V"": 3.6}]","[{""current_in_A"": null, ""end_soc"": 0.6, ""end_voltage_in_V"": null, ""power_in_W"": null, ""rate_in_C"": 4.0, ""start_soc"": 1.0, ""start_voltage_in_V"": null, ""voltage_in_V"": null}, {""current_in_A"": null, ""end_soc"": 0.4, ""end_voltage_in_V"": null, ""power_in_W"": null, ""rate_in_C"": 1.0, ""start_soc"": 0.6, ""start_voltage_in_V"": null, ""voltage_in_V"": null}, {""current_in_A"": null, ""end_soc"": 0.2, ""end_voltage_in_V"": null, ""power_in_W"": null, ""rate_in_C"": 2.0, ""start_soc"": 0.4, ""start_voltage_in_V"": null, ""voltage_in_V"": null}, {""current_in_A"": null, ""end_soc"": null, ""end_voltage_in_V"": 2.0, ""power_in_W"": null, ""rate_in_C"": 1.0, ""start_soc"": 0.2, ""start_voltage_in_V"": null, ""voltage_in_V"": null}]","[0, 1]",1142,1.0,1142.0,0.0,1.0,3,1.0,5.0,3.0,,3.6,4,1.0,4.0,2.0,,,,
HUST,HUST/HUST_4-4.pkl,45501324,HUST_4-4,cylindrical_18650,graphite,LFP,,1.1,1.0,1.0,0,3.6,2.0,,,,,"[{""current_in_A"": null, ""end_soc"": 0.8, ""end_voltage_in_V"": null, ""power_in_W"": null, ""rate_in_C"": 5.0, ""start_soc"": 0.0, ""start_voltage_in_V"": null, ""voltage_in_V"": null}, {""current_in_A"": null, ""end_soc"": null, ""end_voltage_in_V"": 3.6, ""power_in_W"": null, ""rate_in_C"": 1.0, ""start_soc"": 0.8, ""start_voltage_in_V"": null, ""voltage_in_V"": null}, {""current_in_A"": null, ""end_soc"": 1.0, ""end_voltage_in_V"": null, ""power_in_W"": null, ""rate_in_C"": null, ""start_soc"": null, ""start_voltage_in_V"": 3.6, ""voltage_in_V"": 3.6}]","[{""current_in_A"": null, ""end_soc"": 0.6, ""end_voltage_in_V"": null, ""power_in_W"": null, ""rate_in_C"": 4.0, ""start_soc"": 1.0, ""start_voltage_in_V"": null, ""voltage_in_V"": null}, {""current_in_A"": null, ""end_soc"": 0.4, ""end_voltage_in_V"": null, ""power_in_W"": null, ""rate_in_C"": 1.0, ""start_soc"": 0.6, ""start_voltage_in_V"": null, ""voltage_in_V"": null}, {""current_in_A"": null, ""end_soc"": 0.2, ""end_voltage_in_V"": null, ""power_in_W"": null, ""rate_in_C"": 3.0, ""start_soc"": 0.4, ""start_voltage_in_V"": null, ""voltage_in_V"": null}, {""current_in_A"": null, ""end_soc"": null, ""end_voltage_in_V"": 2.0, ""power_in_W"": null, ""rate_in_C"": 1.0, ""start_soc"": 0.2, ""start_voltage_in_V"": null, ""voltage_in_V"": null}]","[0, 1]",1491,1.0,1491.0,0.0,1.0,3,1.0,5.0,3.0,,3.6,4,1.0,4.0,2.25,,,,
HUST,HUST/HUST_4-5.pkl,47352021,HUST_4-5,cylindrical_18650,graphite,LFP,,1.1,1.0,1.0,0,3.6,2.0,,,,,"[{""current_in_A"": null, ""end_soc"": 0.8, ""end_voltage_in_V"": null, ""power_in_W"": null, ""rate_in_C"": 5.0, ""start_soc"": 0.0, ""start_voltage_in_V"": null, ""voltage_in_V"": null}, {""current_in_A"": null, ""end_soc"": null, ""end_voltage_in_V"": 3.6, ""power_in_W"": null, ""rate_in_C"": 1.0, ""start_soc"": 0.8, ""start_voltage_in_V"": null, ""voltage_in_V"": null}, {""current_in_A"": null, ""end_soc"": 1.0, ""end_voltage_in_V"": null, ""power_in_W"": null, ""rate_in_C"": null, ""start_soc"": null, ""start_voltage_in_V"": 3.6, ""voltage_in_V"": 3.6}]","[{""current_in_A"": null, ""end_soc"": 0.6, ""end_voltage_in_V"": null, ""power_in_W"": null, ""rate_in_C"": 4.0, ""start_soc"": 1.0, ""start_voltage_in_V"": null, ""voltage_in_V"": null}, {""current_in_A"": null, ""end_soc"": 0.4, ""end_voltage_in_V"": null, ""power_in_W"": null, ""rate_in_C"": 1.0, ""start_soc"": 0.6, ""start_voltage_in_V"": null, ""voltage_in_V"": null}, {""current_in_A"": null, ""end_soc"": 0.2, ""end_voltage_in_V"": null, ""power_in_W"": null, ""rate_in_C"": 4.0, ""start_soc"": 0.4, ""start_voltage_in_V"": null, ""voltage_in_V"": null}, {""current_in_A"": null, ""end_soc"": null, ""end_voltage_in_V"": 2.0, ""power_in_W"": null, ""rate_in_C"": 1.0, ""start_soc"": 0.2, ""start_voltage_in_V"": null, ""voltage_in_V"": null}]","[0, 1]",1561,1.0,1561.0,0.0,1.0,3,1.0,5.0,3.0,,3.6,4,1.0,4.0,2.5,,,,
HUST,HUST/HUST_4-6.pkl,39825321,HUST_4-6,cylindrical_18650,graphite,LFP,,1.1,1.0,1.0,0,3.6,2.0,,,,,"[{""current_in_A"": null, ""end_soc"": 0.8, ""end_voltage_in_V"": null, ""power_in_W"": null, ""rate_in_C"": 5.0, ""start_soc"": 0.0, ""start_voltage_in_V"": null, ""voltage_in_V"": null}, {""current_in_A"": null, ""end_soc"": null, ""end_voltage_in_V"": 3.6, ""power_in_W"": null, ""rate_in_C"": 1.0, ""start_soc"": 0.8, ""start_voltage_in_V"": null, ""voltage_in_V"": null}, {""current_in_A"": null, ""end_soc"": 1.0, ""end_voltage_in_V"": null, ""power_in_W"": null, ""rate_in_C"": null, ""start_soc"": null, ""start_voltage_in_V"": 3.6, ""voltage_in_V"": 3.6}]","[{""current_in_A"": null, ""end_soc"": 0.6, ""end_voltage_in_V"": null, ""power_in_W"": null, ""rate_in_C"": 4.0, ""start_soc"": 1.0, ""start_voltage_in_V"": null, ""voltage_in_V"": null}, {""current_in_A"": null, ""end_soc"": 0.4, ""end_voltage_in_V"": null, ""power_in_W"": null, ""rate_in_C"": 1.0, ""start_soc"": 0.6, ""start_voltage_in_V"": null, ""voltage_in_V"": null}, {""current_in_A"": null, ""end_soc"": 0.2, ""end_voltage_in_V"": null, ""power_in_W"": null, ""rate_in_C"": 5.0, ""start_soc"": 0.4, ""start_voltage_in_V"": null, ""voltage_in_V"": null}, {""current_in_A"": null, ""end_soc"": null, ""end_voltage_in_V"": 2.0, ""power_in_W"": null, ""rate_in_C"": 1.0, ""start_soc"": 0.2, ""start_voltage_in_V"": null, ""voltage_in_V"": null}]","[0, 1]",1380,1.0,1380.0,0.0,1.0,3,1.0,5.0,3.0,,3.6,4,1.0,5.0,2.75,,,,
HUST,HUST/HUST_4-7.pkl,75238208,HUST_4-7,cylindrical_18650,graphite,LFP,,1.1,1.0,1.0,0,3.6,2.0,,,,,"[{""current_in_A"": null, ""end_soc"": 0.8, ""end_voltage_in_V"": null, ""power_in_W"": null, ""rate_in_C"": 5.0, ""start_soc"": 0.0, ""start_voltage_in_V"": null, ""voltage_in_V"": null}, {""current_in_A"": null, ""end_soc"": null, ""end_voltage_in_V"": 3.6, ""power_in_W"": null, ""rate_in_C"": 1.0, ""start_soc"": 0.8, ""start_voltage_in_V"": null, ""voltage_in_V"": null}, {""current_in_A"": null, ""end_soc"": 1.0, ""end_voltage_in_V"": null, ""power_in_W"": null, ""rate_in_C"": null, ""start_soc"": null, ""start_voltage_in_V"": 3.6, ""voltage_in_V"": 3.6}]","[{""current_in_A"": null, ""end_soc"": 0.6, ""end_voltage_in_V"": null, ""power_in_W"": null, ""rate_in_C"": 4.0, ""start_soc"": 1.0, ""start_voltage_in_V"": null, ""voltage_in_V"": null}, {""current_in_A"": null, ""end_soc"": 0.4, ""end_voltage_in_V"": null, ""power_in_W"": null, ""rate_in_C"": 2.0, ""start_soc"": 0.6, ""start_voltage_in_V"": null, ""voltage_in_V"": null}, {""current_in_A"": null, ""end_soc"": 0.2, ""end_voltage_in_V"": null, ""power_in_W"": null, ""rate_in_C"": 1.0, ""start_soc"": 0.4, ""start_voltage_in_V"": null, ""voltage_in_V"": null}, {""current_in_A"": null, ""end_soc"": null, ""end_voltage_in_V"": 2.0, ""power_in_W"": null, ""rate_in_C"": 1.0, ""start_soc"": 0.2, ""start_voltage_in_V"": null, ""voltage_in_V"": null}]","[0, 1]",2216,1.0,2216.0,0.0,1.0,3,1.0,5.0,3.0,,3.6,4,1.0,4.0,2.0,,,,
HUST,HUST/HUST_4-8.pkl,50166663,HUST_4-8,cylindrical_18650,graphite,LFP,,1.1,1.0,1.0,0,3.6,2.0,,,,,"[{""current_in_A"": null, ""end_soc"": 0.8, ""end_voltage_in_V"": null, ""power_in_W"": null, ""rate_in_C"": 5.0, ""start_soc"": 0.0, ""start_voltage_in_V"": null, ""voltage_in_V"": null}, {""current_in_A"": null, ""end_soc"": null, ""end_voltage_in_V"": 3.6, ""power_in_W"": null, ""rate_in_C"": 1.0, ""start_soc"": 0.8, ""start_voltage_in_V"": null, ""voltage_in_V"": null}, {""current_in_A"": null, ""end_soc"": 1.0, ""end_voltage_in_V"": null, ""power_in_W"": null, ""rate_in_C"": null, ""start_soc"": null, ""start_voltage_in_V"": 3.6, ""voltage_in_V"": 3.6}]","[{""current_in_A"": null, ""end_soc"": 0.6, ""end_voltage_in_V"": null, ""power_in_W"": null, ""rate_in_C"": 4.0, ""start_soc"": 1.0, ""start_voltage_in_V"": null, ""voltage_in_V"": null}, {""current_in_A"": null, ""end_soc"": 0.4, ""end_voltage_in_V"": null, ""power_in_W"": null, ""rate_in_C"": 2.0, ""start_soc"": 0.6, ""start_voltage_in_V"": null, ""voltage_in_V"": null}, {""current_in_A"": null, ""end_soc"": 0.2, ""end_voltage_in_V"": null, ""power_in_W"": null, ""rate_in_C"": 2.0, ""start_soc"": 0.4, ""start_voltage_in_V"": null, ""voltage_in_V"": null}, {""current_in_A"": null, ""end_soc"": null, ""end_voltage_in_V"": 2.0, ""power_in_W"": null, ""rate_in_C"": 1.0, ""start_soc"": 0.2, ""start_voltage_in_V"": null, ""voltage_in_V"": null}]","[0, 1]",1706,1.0,1706.0,0.0,1.0,3,1.0,5.0,3.0,,3.6,4,1.0,4.0,2.25,,,,
HUST,HUST/HUST_5-1.pkl,71326502,HUST_5-1,cylindrical_18650,graphite,LFP,,1.1,1.0,1.0,0,3.6,2.0,,,,,"[{""current_in_A"": null, ""end_soc"": 0.8, ""end_voltage_in_V"": null, ""power_in_W"": null, ""rate_in_C"": 5.0, ""start_soc"": 0.0, ""start_voltage_in_V"": null, ""voltage_in_V"": null}, {""current_in_A"": null, ""end_soc"": null, ""end_voltage_in_V"": 3.6, ""power_in_W"": null, ""rate_in_C"": 1.0, ""start_soc"": 0.8, ""start_voltage_in_V"": null, ""voltage_in_V"": null}, {""current_in_A"": null, ""end_soc"": 1.0, ""end_voltage_in_V"": null, ""power_in_W"": null, ""rate_in_C"": null, ""start_soc"": null, ""start_voltage_in_V"": 3.6, ""voltage_in_V"": 3.6}]","[{""current_in_A"": null, ""end_soc"": 0.6, ""end_voltage_in_V"": null, ""power_in_W"": null, ""rate_in_C"": 4.0, ""start_soc"": 1.0, ""start_voltage_in_V"": null, ""voltage_in_V"": null}, {""current_in_A"": null, ""end_soc"": 0.4, ""end_voltage_in_V"": null, ""power_in_W"": null, ""rate_in_C"": 2.0, ""start_soc"": 0.6, ""start_voltage_in_V"": null, ""voltage_in_V"": null}, {""current_in_A"": null, ""end_soc"": 0.2, ""end_voltage_in_V"": null, ""power_in_W"": null, ""rate_in_C"": 3.0, ""start_soc"": 0.4, ""start_voltage_in_V"": null, ""voltage_in_V"": null}, {""current_in_A"": null, ""end_soc"": null, ""end_voltage_in_V"": 2.0, ""power_in_W"": null, ""rate_in_C"": 1.0, ""start_soc"": 0.2, ""start_voltage_in_V"": null, ""voltage_in_V"": null}]","[0, 1]",2507,1.0,2507.0,0.0,1.0,3,1.0,5.0,3.0,,3.6,4,1.0,4.0,2.5,,,,
HUST,HUST/HUST_5-2.pkl,52114038,HUST_5-2,cylindrical_18650,graphite,LFP,,1.1,1.0,1.0,0,3.6,2.0,,,,,"[{""current_in_A"": null, ""end_soc"": 0.8, ""end_voltage_in_V"": null, ""power_in_W"": null, ""rate_in_C"": 5.0, ""start_soc"": 0.0, ""start_voltage_in_V"": null, ""voltage_in_V"": null}, {""current_in_A"": null, ""end_soc"": null, ""end_voltage_in_V"": 3.6, ""power_in_W"": null, ""rate_in_C"": 1.0, ""start_soc"": 0.8, ""start_voltage_in_V"": null, ""voltage_in_V"": null}, {""current_in_A"": null, ""end_soc"": 1.0, ""end_voltage_in_V"": null, ""power_in_W"": null, ""rate_in_C"": null, ""start_soc"": null, ""start_voltage_in_V"": 3.6, ""voltage_in_V"": 3.6}]","[{""current_in_A"": null, ""end_soc"": 0.6, ""end_voltage_in_V"": null, ""power_in_W"": null, ""rate_in_C"": 4.0, ""start_soc"": 1.0, ""start_voltage_in_V"": null, ""voltage_in_V"": null}, {""current_in_A"": null, ""end_soc"": 0.4, ""end_voltage_in_V"": null, ""power_in_W"": null, ""rate_in_C"": 2.0, ""start_soc"": 0.6, ""start_voltage_in_V"": null, ""voltage_in_V"": null}, {""current_in_A"": null, ""end_soc"": 0.2, ""end_voltage_in_V"": null, ""power_in_W"": null, ""rate_in_C"": 4.0, ""start_soc"": 0.4, ""start_voltage_in_V"": null, ""voltage_in_V"": null}, {""current_in_A"": null, ""end_soc"": null, ""end_voltage_in_V"": 2.0, ""power_in_W"": null, ""rate_in_C"": 1.0, ""start_soc"": 0.2, ""start_voltage_in_V"": null, ""voltage_in_V"": null}]","[0, 1]",1926,1.0,1926.0,0.0,1.0,3,1.0,5.0,3.0,,3.6,4,1.0,4.0,2.75,,,,
HUST,HUST/HUST_5-3.pkl,72880514,HUST_5-3,cylindrical_18650,graphite,LFP,,1.1,1.0,1.0,0,3.6,2.0,,,,,"[{""current_in_A"": null, ""end_soc"": 0.8, ""end_voltage_in_V"": null, ""power_in_W"": null, ""rate_in_C"": 5.0, ""start_soc"": 0.0, ""start_voltage_in_V"": null, ""voltage_in_V"": null}, {""current_in_A"": null, ""end_soc"": null, ""end_voltage_in_V"": 3.6, ""power_in_W"": null, ""rate_in_C"": 1.0, ""start_soc"": 0.8, ""start_voltage_in_V"": null, ""voltage_in_V"": null}, {""current_in_A"": null, ""end_soc"": 1.0, ""end_voltage_in_V"": null, ""power_in_W"": null, ""rate_in_C"": null, ""start_soc"": null, ""start_voltage_in_V"": 3.6, ""voltage_in_V"": 3.6}]","[{""current_in_A"": null, ""end_soc"": 0.6, ""end_voltage_in_V"": null, ""power_in_W"": null, ""rate_in_C"": 4.0, ""start_soc"": 1.0, ""start_voltage_in_V"": null, ""voltage_in_V"": null}, {""current_in_A"": null, ""end_soc"": 0.4, ""end_voltage_in_V"": null, ""power_in_W"": null, ""rate_in_C"": 2.0, ""start_soc"": 0.6, ""start_voltage_in_V"": null, ""voltage_in_V"": null}, {""current_in_A"": null, ""end_soc"": 0.2, ""end_voltage_in_V"": null, ""power_in_W"": null, ""rate_in_C"": 5.0, ""start_soc"": 0.4, ""start_voltage_in_V"": null, ""voltage_in_V"": null}, {""current_in_A"": null, ""end_soc"": null, ""end_voltage_in_V"": 2.0, ""power_in_W"": null, ""rate_in_C"": 1.0, ""start_soc"": 0.2, ""start_voltage_in_V"": null, ""voltage_in_V"": null}]","[0, 1]",2689,1.0,2689.0,0.0,1.0,3,1.0,5.0,3.0,,3.6,4,1.0,5.0,3.0,,,,
HUST,HUST/HUST_5-4.pkl,62489670,HUST_5-4,cylindrical_18650,graphite,LFP,,1.1,1.0,1.0,0,3.6,2.0,,,,,"[{""current_in_A"": null, ""end_soc"": 0.8, ""end_voltage_in_V"": null, ""power_in_W"": null, ""rate_in_C"": 5.0, ""start_soc"": 0.0, ""start_voltage_in_V"": null, ""voltage_in_V"": null}, {""current_in_A"": null, ""end_soc"": null, ""end_voltage_in_V"": 3.6, ""power_in_W"": null, ""rate_in_C"": 1.0, ""start_soc"": 0.8, ""start_voltage_in_V"": null, ""voltage_in_V"": null}, {""current_in_A"": null, ""end_soc"": 1.0, ""end_voltage_in_V"": null, ""power_in_W"": null, ""rate_in_C"": null, ""start_soc"": null, ""start_voltage_in_V"": 3.6, ""voltage_in_V"": 3.6}]","[{""current_in_A"": null, ""end_soc"": 0.6, ""end_voltage_in_V"": null, ""power_in_W"": null, ""rate_in_C"": 4.0, ""start_soc"": 1.0, ""start_voltage_in_V"": null, ""voltage_in_V"": null}, {""current_in_A"": null, ""end_soc"": 0.4, ""end_voltage_in_V"": null, ""power_in_W"": null, ""rate_in_C"": 3.0, ""start_soc"": 0.6, ""start_voltage_in_V"": null, ""voltage_in_V"": null}, {""current_in_A"": null, ""end_soc"": 0.2, ""end_voltage_in_V"": null, ""power_in_W"": null, ""rate_in_C"": 1.0, ""start_soc"": 0.4, ""start_voltage_in_V"": null, ""voltage_in_V"": null}, {""current_in_A"": null, ""end_soc"": null, ""end_voltage_in_V"": 2.0, ""power_in_W"": null, ""rate_in_C"": 1.0, ""start_soc"": 0.2, ""start_voltage_in_V"": null, ""voltage_in_V"": null}]","[0, 1]",1962,1.0,1962.0,0.0,1.0,3,1.0,5.0,3.0,,3.6,4,1.0,4.0,2.25,,,,
HUST,HUST/HUST_5-5.pkl,44649087,HUST_5-5,cylindrical_18650,graphite,LFP,,1.1,1.0,1.0,0,3.6,2.0,,,,,"[{""current_in_A"": null, ""end_soc"": 0.8, ""end_voltage_in_V"": null, ""power_in_W"": null, ""rate_in_C"": 5.0, ""start_soc"": 0.0, ""start_voltage_in_V"": null, ""voltage_in_V"": null}, {""current_in_A"": null, ""end_soc"": null, ""end_voltage_in_V"": 3.6, ""power_in_W"": null, ""rate_in_C"": 1.0, ""start_soc"": 0.8, ""start_voltage_in_V"": null, ""voltage_in_V"": null}, {""current_in_A"": null, ""end_soc"": 1.0, ""end_voltage_in_V"": null, ""power_in_W"": null, ""rate_in_C"": null, ""start_soc"": null, ""start_voltage_in_V"": 3.6, ""voltage_in_V"": 3.6}]","[{""current_in_A"": null, ""end_soc"": 0.6, ""end_voltage_in_V"": null, ""power_in_W"": null, ""rate_in_C"": 4.0, ""start_soc"": 1.0, ""start_voltage_in_V"": null, ""voltage_in_V"": null}, {""current_in_A"": null, ""end_soc"": 0.4, ""end_voltage_in_V"": null, ""power_in_W"": null, ""rate_in_C"": 3.0, ""start_soc"": 0.6, ""start_voltage_in_V"": null, ""voltage_in_V"": null}, {""current_in_A"": null, ""end_soc"": 0.2, ""end_voltage_in_V"": null, ""power_in_W"": null, ""rate_in_C"": 2.0, ""start_soc"": 0.4, ""start_voltage_in_V"": null, ""voltage_in_V"": null}, {""current_in_A"": null, ""end_soc"": null, ""end_voltage_in_V"": 2.0, ""power_in_W"": null, ""rate_in_C"": 1.0, ""start_soc"": 0.2, ""start_voltage_in_V"": null, ""voltage_in_V"": null}]","[0, 1]",1583,1.0,1583.0,0.0,1.0,3,1.0,5.0,3.0,,3.6,4,1.0,4.0,2.5,,,,
HUST,HUST/HUST_5-6.pkl,66977504,HUST_5-6,cylindrical_18650,graphite,LFP,,1.1,1.0,1.0,0,3.6,2.0,,,,,"[{""current_in_A"": null, ""end_soc"": 0.8, ""end_voltage_in_V"": null, ""power_in_W"": null, ""rate_in_C"": 5.0, ""start_soc"": 0.0, ""start_voltage_in_V"": null, ""voltage_in_V"": null}, {""current_in_A"": null, ""end_soc"": null, ""end_voltage_in_V"": 3.6, ""power_in_W"": null, ""rate_in_C"": 1.0, ""start_soc"": 0.8, ""start_voltage_in_V"": null, ""voltage_in_V"": null}, {""current_in_A"": null, ""end_soc"": 1.0, ""end_voltage_in_V"": null, ""power_in_W"": null, ""rate_in_C"": null, ""start_soc"": null, ""start_voltage_in_V"": 3.6, ""voltage_in_V"": 3.6}]","[{""current_in_A"": null, ""end_soc"": 0.6, ""end_voltage_in_V"": null, ""power_in_W"": null, ""rate_in_C"": 4.0, ""start_soc"": 1.0, ""start_voltage_in_V"": null, ""voltage_in_V"": null}, {""current_in_A"": null, ""end_soc"": 0.4, ""end_voltage_in_V"": null, ""power_in_W"": null, ""rate_in_C"": 3.0, ""start_soc"": 0.6, ""start_voltage_in_V"": null, ""voltage_in_V"": null}, {""current_in_A"": null, ""end_soc"": 0.2, ""end_voltage_in_V"": null, ""power_in_W"": null, ""rate_in_C"": 3.0, ""start_soc"": 0.4, ""start_voltage_in_V"": null, ""voltage_in_V"": null}, {""current_in_A"": null, ""end_soc"": null, ""end_voltage_in_V"": 2.0, ""power_in_W"": null, ""rate_in_C"": 1.0, ""start_soc"": 0.2, ""start_voltage_in_V"": null, ""voltage_in_V"": null}]","[0, 1]",2460,1.0,2460.0,0.0,1.0,3,1.0,5.0,3.0,,3.6,4,1.0,4.0,2.75,,,,
HUST,HUST/HUST_5-7.pkl,37373793,HUST_5-7,cylindrical_18650,graphite,LFP,,1.1,1.0,1.0,0,3.6,2.0,,,,,"[{""current_in_A"": null, ""end_soc"": 0.8, ""end_voltage_in_V"": null, ""power_in_W"": null, ""rate_in_C"": 5.0, ""start_soc"": 0.0, ""start_voltage_in_V"": null, ""voltage_in_V"": null}, {""current_in_A"": null, ""end_soc"": null, ""end_voltage_in_V"": 3.6, ""power_in_W"": null, ""rate_in_C"": 1.0, ""start_soc"": 0.8, ""start_voltage_in_V"": null, ""voltage_in_V"": null}, {""current_in_A"": null, ""end_soc"": 1.0, ""end_voltage_in_V"": null, ""power_in_W"": null, ""rate_in_C"": null, ""start_soc"": null, ""start_voltage_in_V"": 3.6, ""voltage_in_V"": 3.6}]","[{""current_in_A"": null, ""end_soc"": 0.6, ""end_voltage_in_V"": null, ""power_in_W"": null, ""rate_in_C"": 4.0, ""start_soc"": 1.0, ""start_voltage_in_V"": null, ""voltage_in_V"": null}, {""current_in_A"": null, ""end_soc"": 0.4, ""end_voltage_in_V"": null, ""power_in_W"": null, ""rate_in_C"": 3.0, ""start_soc"": 0.6, ""start_voltage_in_V"": null, ""voltage_in_V"": null}, {""current_in_A"": null, ""end_soc"": 0.2, ""end_voltage_in_V"": null, ""power_in_W"": null, ""rate_in_C"": 4.0, ""start_soc"": 0.4, ""start_voltage_in_V"": null, ""voltage_in_V"": null}, {""current_in_A"": null, ""end_soc"": null, ""end_voltage_in_V"": 2.0, ""power_in_W"": null, ""rate_in_C"": 1.0, ""start_soc"": 0.2, ""start_voltage_in_V"": null, ""voltage_in_V"": null}]","[0, 1]",1448,1.0,1448.0,0.0,1.0,3,1.0,5.0,3.0,,3.6,4,1.0,4.0,3.0,,,,
HUST,HUST/HUST_6-1.pkl,49129404,HUST_6-1,cylindrical_18650,graphite,LFP,,1.1,1.0,1.0,0,3.6,2.0,,,,,"[{""current_in_A"": null, ""end_soc"": 0.8, ""end_voltage_in_V"": null, ""power_in_W"": null, ""rate_in_C"": 5.0, ""start_soc"": 0.0, ""start_voltage_in_V"": null, ""voltage_in_V"": null}, {""current_in_A"": null, ""end_soc"": null, ""end_voltage_in_V"": 3.6, ""power_in_W"": null, ""rate_in_C"": 1.0, ""start_soc"": 0.8, ""start_voltage_in_V"": null, ""voltage_in_V"": null}, {""current_in_A"": null, ""end_soc"": 1.0, ""end_voltage_in_V"": null, ""power_in_W"": null, ""rate_in_C"": null, ""start_soc"": null, ""start_voltage_in_V"": 3.6, ""voltage_in_V"": 3.6}]","[{""current_in_A"": null, ""end_soc"": 0.6, ""end_voltage_in_V"": null, ""power_in_W"": null, ""rate_in_C"": 4.0, ""start_soc"": 1.0, ""start_voltage_in_V"": null, ""voltage_in_V"": null}, {""current_in_A"": null, ""end_soc"": 0.4, ""end_voltage_in_V"": null, ""power_in_W"": null, ""rate_in_C"": 4.0, ""start_soc"": 0.6, ""start_voltage_in_V"": null, ""voltage_in_V"": null}, {""current_in_A"": null, ""end_soc"": 0.2, ""end_voltage_in_V"": null, ""power_in_W"": null, ""rate_in_C"": 1.0, ""start_soc"": 0.4, ""start_voltage_in_V"": null, ""voltage_in_V"": null}, {""current_in_A"": null, ""end_soc"": null, ""end_voltage_in_V"": 2.0, ""power_in_W"": null, ""rate_in_C"": 1.0, ""start_soc"": 0.2, ""start_voltage_in_V"": null, ""voltage_in_V"": null}]","[0, 1]",1609,1.0,1609.0,0.0,1.0,3,1.0,5.0,3.0,,3.6,4,1.0,4.0,2.5,,,,
HUST,HUST/HUST_6-2.pkl,53038464,HUST_6-2,cylindrical_18650,graphite,LFP,,1.1,1.0,1.0,0,3.6,2.0,,,,,"[{""current_in_A"": null, ""end_soc"": 0.8, ""end_voltage_in_V"": null, ""power_in_W"": null, ""rate_in_C"": 5.0, ""start_soc"": 0.0, ""start_voltage_in_V"": null, ""voltage_in_V"": null}, {""current_in_A"": null, ""end_soc"": null, ""end_voltage_in_V"": 3.6, ""power_in_W"": null, ""rate_in_C"": 1.0, ""start_soc"": 0.8, ""start_voltage_in_V"": null, ""voltage_in_V"": null}, {""current_in_A"": null, ""end_soc"": 1.0, ""end_voltage_in_V"": null, ""power_in_W"": null, ""rate_in_C"": null, ""start_soc"": null, ""start_voltage_in_V"": 3.6, ""voltage_in_V"": 3.6}]","[{""current_in_A"": null, ""end_soc"": 0.6, ""end_voltage_in_V"": null, ""power_in_W"": null, ""rate_in_C"": 4.0, ""start_soc"": 1.0, ""start_voltage_in_V"": null, ""voltage_in_V"": null}, {""current_in_A"": null, ""end_soc"": 0.4, ""end_voltage_in_V"": null, ""power_in_W"": null, ""rate_in_C"": 4.0, ""start_soc"": 0.6, ""start_voltage_in_V"": null, ""voltage_in_V"": null}, {""current_in_A"": null, ""end_soc"": 0.2, ""end_voltage_in_V"": null, ""power_in_W"": null, ""rate_in_C"": 2.0, ""start_soc"": 0.4, ""start_voltage_in_V"": null, ""voltage_in_V"": null}, {""current_in_A"": null, ""end_soc"": null, ""end_voltage_in_V"": 2.0, ""power_in_W"": null, ""rate_in_C"": 1.0, ""start_soc"": 0.2, ""start_voltage_in_V"": null, ""voltage_in_V"": null}]","[0, 1]",1908,1.0,1908.0,0.0,1.0,3,1.0,5.0,3.0,,3.6,4,1.0,4.0,2.75,,,,
HUST,HUST/HUST_6-3.pkl,46739535,HUST_6-3,cylindrical_18650,graphite,LFP,,1.1,1.0,1.0,0,3.6,2.0,,,,,"[{""current_in_A"": null, ""end_soc"": 0.8, ""end_voltage_in_V"": null, ""power_in_W"": null, ""rate_in_C"": 5.0, ""start_soc"": 0.0, ""start_voltage_in_V"": null, ""voltage_in_V"": null}, {""current_in_A"": null, ""end_soc"": null, ""end_voltage_in_V"": 3.6, ""power_in_W"": null, ""rate_in_C"": 1.0, ""start_soc"": 0.8, ""start_voltage_in_V"": null, ""voltage_in_V"": null}, {""current_in_A"": null, ""end_soc"": 1.0, ""end_voltage_in_V"": null, ""power_in_W"": null, ""rate_in_C"": null, ""start_soc"": null, ""start_voltage_in_V"": 3.6, ""voltage_in_V"": 3.6}]","[{""current_in_A"": null, ""end_soc"": 0.6, ""end_voltage_in_V"": null, ""power_in_W"": null, ""rate_in_C"": 4.0, ""start_soc"": 1.0, ""start_voltage_in_V"": null, ""voltage_in_V"": null}, {""current_in_A"": null, ""end_soc"": 0.4, ""end_voltage_in_V"": null, ""power_in_W"": null, ""rate_in_C"": 4.0, ""start_soc"": 0.6, ""start_voltage_in_V"": null, ""voltage_in_V"": null}, {""current_in_A"": null, ""end_soc"": 0.2, ""end_voltage_in_V"": null, ""power_in_W"": null, ""rate_in_C"": 3.0, ""start_soc"": 0.4, ""start_voltage_in_V"": null, ""voltage_in_V"": null}, {""current_in_A"": null, ""end_soc"": null, ""end_voltage_in_V"": 2.0, ""power_in_W"": null, ""rate_in_C"": 1.0, ""start_soc"": 0.2, ""start_voltage_in_V"": null, ""voltage_in_V"": null}]","[0, 1]",1804,1.0,1804.0,0.0,1.0,3,1.0,5.0,3.0,,3.6,4,1.0,4.0,3.0,,,,
HUST,HUST/HUST_6-4.pkl,42769941,HUST_6-4,cylindrical_18650,graphite,LFP,,1.1,1.0,1.0,0,3.6,2.0,,,,,"[{""current_in_A"": null, ""end_soc"": 0.8, ""end_voltage_in_V"": null, ""power_in_W"": null, ""rate_in_C"": 5.0, ""start_soc"": 0.0, ""start_voltage_in_V"": null, ""voltage_in_V"": null}, {""current_in_A"": null, ""end_soc"": null, ""end_voltage_in_V"": 3.6, ""power_in_W"": null, ""rate_in_C"": 1.0, ""start_soc"": 0.8, ""start_voltage_in_V"": null, ""voltage_in_V"": null}, {""current_in_A"": null, ""end_soc"": 1.0, ""end_voltage_in_V"": null, ""power_in_W"": null, ""rate_in_C"": null, ""start_soc"": null, ""start_voltage_in_V"": 3.6, ""voltage_in_V"": 3.6}]","[{""current_in_A"": null, ""end_soc"": 0.6, ""end_voltage_in_V"": null, ""power_in_W"": null, ""rate_in_C"": 4.0, ""start_soc"": 1.0, ""start_voltage_in_V"": null, ""voltage_in_V"": null}, {""current_in_A"": null, ""end_soc"": 0.4, ""end_voltage_in_V"": null, ""power_in_W"": null, ""rate_in_C"": 4.0, ""start_soc"": 0.6, ""start_voltage_in_V"": null, ""voltage_in_V"": null}, {""current_in_A"": null, ""end_soc"": 0.2, ""end_voltage_in_V"": null, ""power_in_W"": null, ""rate_in_C"": 4.0, ""start_soc"": 0.4, ""start_voltage_in_V"": null, ""voltage_in_V"": null}, {""current_in_A"": null, ""end_soc"": null, ""end_voltage_in_V"": 2.0, ""power_in_W"": null, ""rate_in_C"": 1.0, ""start_soc"": 0.2, ""start_voltage_in_V"": null, ""voltage_in_V"": null}]","[0, 1]",1717,1.0,1717.0,0.0,1.0,3,1.0,5.0,3.0,,3.6,4,1.0,4.0,3.25,,,,
HUST,HUST/HUST_6-5.pkl,55260827,HUST_6-5,cylindrical_18650,graphite,LFP,,1.1,1.0,1.0,0,3.6,2.0,,,,,"[{""current_in_A"": null, ""end_soc"": 0.8, ""end_voltage_in_V"": null, ""power_in_W"": null, ""rate_in_C"": 5.0, ""start_soc"": 0.0, ""start_voltage_in_V"": null, ""voltage_in_V"": null}, {""current_in_A"": null, ""end_soc"": null, ""end_voltage_in_V"": 3.6, ""power_in_W"": null, ""rate_in_C"": 1.0, ""start_soc"": 0.8, ""start_voltage_in_V"": null, ""voltage_in_V"": null}, {""current_in_A"": null, ""end_soc"": 1.0, ""end_voltage_in_V"": null, ""power_in_W"": null, ""rate_in_C"": null, ""start_soc"": null, ""start_voltage_in_V"": 3.6, ""voltage_in_V"": 3.6}]","[{""current_in_A"": null, ""end_soc"": 0.6, ""end_voltage_in_V"": null, ""power_in_W"": null, ""rate_in_C"": 4.0, ""start_soc"": 1.0, ""start_voltage_in_V"": null, ""voltage_in_V"": null}, {""current_in_A"": null, ""end_soc"": 0.4, ""end_voltage_in_V"": null, ""power_in_W"": null, ""rate_in_C"": 4.0, ""start_soc"": 0.6, ""start_voltage_in_V"": null, ""voltage_in_V"": null}, {""current_in_A"": null, ""end_soc"": 0.2, ""end_voltage_in_V"": null, ""power_in_W"": null, ""rate_in_C"": 5.0, ""start_soc"": 0.4, ""start_voltage_in_V"": null, ""voltage_in_V"": null}, {""current_in_A"": null, ""end_soc"": null, ""end_voltage_in_V"": 2.0, ""power_in_W"": null, ""rate_in_C"": 1.0, ""start_soc"": 0.2, ""start_voltage_in_V"": null, ""voltage_in_V"": null}]","[0, 1]",2178,1.0,2178.0,0.0,1.0,3,1.0,5.0,3.0,,3.6,4,1.0,5.0,3.5,,,,
HUST,HUST/HUST_6-6.pkl,75415895,HUST_6-6,cylindrical_18650,graphite,LFP,,1.1,1.0,1.0,0,3.6,2.0,,,,,"[{""current_in_A"": null, ""end_soc"": 0.8, ""end_voltage_in_V"": null, ""power_in_W"": null, ""rate_in_C"": 5.0, ""start_soc"": 0.0, ""start_voltage_in_V"": null, ""voltage_in_V"": null}, {""current_in_A"": null, ""end_soc"": null, ""end_voltage_in_V"": 3.6, ""power_in_W"": null, ""rate_in_C"": 1.0, ""start_soc"": 0.8, ""start_voltage_in_V"": null, ""voltage_in_V"": null}, {""current_in_A"": null, ""end_soc"": 1.0, ""end_voltage_in_V"": null, ""power_in_W"": null, ""rate_in_C"": null, ""start_soc"": null, ""start_voltage_in_V"": 3.6, ""voltage_in_V"": 3.6}]","[{""current_in_A"": null, ""end_soc"": 0.6, ""end_voltage_in_V"": null, ""power_in_W"": null, ""rate_in_C"": 4.0, ""start_soc"": 1.0, ""start_voltage_in_V"": null, ""voltage_in_V"": null}, {""current_in_A"": null, ""end_soc"": 0.4, ""end_voltage_in_V"": null, ""power_in_W"": null, ""rate_in_C"": 5.0, ""start_soc"": 0.6, ""start_voltage_in_V"": null, ""voltage_in_V"": null}, {""current_in_A"": null, ""end_soc"": 0.2, ""end_voltage_in_V"": null, ""power_in_W"": null, ""rate_in_C"": 1.0, ""start_soc"": 0.4, ""start_voltage_in_V"": null, ""voltage_in_V"": null}, {""current_in_A"": null, ""end_soc"": null, ""end_voltage_in_V"": 2.0, ""power_in_W"": null, ""rate_in_C"": 1.0, ""start_soc"": 0.2, ""start_voltage_in_V"": null, ""voltage_in_V"": null}]","[0, 1]",2468,1.0,2468.0,0.0,1.0,3,1.0,5.0,3.0,,3.6,4,1.0,5.0,2.75,,,,
HUST,HUST/HUST_6-8.pkl,61269686,HUST_6-8,cylindrical_18650,graphite,LFP,,1.1,1.0,1.0,0,3.6,2.0,,,,,"[{""current_in_A"": null, ""end_soc"": 0.8, ""end_voltage_in_V"": null, ""power_in_W"": null, ""rate_in_C"": 5.0, ""start_soc"": 0.0, ""start_voltage_in_V"": null, ""voltage_in_V"": null}, {""current_in_A"": null, ""end_soc"": null, ""end_voltage_in_V"": 3.6, ""power_in_W"": null, ""rate_in_C"": 1.0, ""start_soc"": 0.8, ""start_voltage_in_V"": null, ""voltage_in_V"": null}, {""current_in_A"": null, ""end_soc"": 1.0, ""end_voltage_in_V"": null, ""power_in_W"": null, ""rate_in_C"": null, ""start_soc"": null, ""start_voltage_in_V"": 3.6, ""voltage_in_V"": 3.6}]","[{""current_in_A"": null, ""end_soc"": 0.6, ""end_voltage_in_V"": null, ""power_in_W"": null, ""rate_in_C"": 4.0, ""start_soc"": 1.0, ""start_voltage_in_V"": null, ""voltage_in_V"": null}, {""current_in_A"": null, ""end_soc"": 0.4, ""end_voltage_in_V"": null, ""power_in_W"": null, ""rate_in_C"": 5.0, ""start_soc"": 0.6, ""start_voltage_in_V"": null, ""voltage_in_V"": null}, {""current_in_A"": null, ""end_soc"": 0.2, ""end_voltage_in_V"": null, ""power_in_W"": null, ""rate_in_C"": 3.0, ""start_soc"": 0.4, ""start_voltage_in_V"": null, ""voltage_in_V"": null}, {""current_in_A"": null, ""end_soc"": null, ""end_voltage_in_V"": 2.0, ""power_in_W"": null, ""rate_in_C"": 1.0, ""start_soc"": 0.2, ""start_voltage_in_V"": null, ""voltage_in_V"": null}]","[0, 1]",2450,1.0,2450.0,0.0,1.0,3,1.0,5.0,3.0,,3.6,4,1.0,5.0,3.25,,,,
HUST,HUST/HUST_7-1.pkl,40087617,HUST_7-1,cylindrical_18650,graphite,LFP,,1.1,1.0,1.0,0,3.6,2.0,,,,,"[{""current_in_A"": null, ""end_soc"": 0.8, ""end_voltage_in_V"": null, ""power_in_W"": null, ""rate_in_C"": 5.0, ""start_soc"": 0.0, ""start_voltage_in_V"": null, ""voltage_in_V"": null}, {""current_in_A"": null, ""end_soc"": null, ""end_voltage_in_V"": 3.6, ""power_in_W"": null, ""rate_in_C"": 1.0, ""start_soc"": 0.8, ""start_voltage_in_V"": null, ""voltage_in_V"": null}, {""current_in_A"": null, ""end_soc"": 1.0, ""end_voltage_in_V"": null, ""power_in_W"": null, ""rate_in_C"": null, ""start_soc"": null, ""start_voltage_in_V"": 3.6, ""voltage_in_V"": 3.6}]","[{""current_in_A"": null, ""end_soc"": 0.6, ""end_voltage_in_V"": null, ""power_in_W"": null, ""rate_in_C"": 4.0, ""start_soc"": 1.0, ""start_voltage_in_V"": null, ""voltage_in_V"": null}, {""current_in_A"": null, ""end_soc"": 0.4, ""end_voltage_in_V"": null, ""power_in_W"": null, ""rate_in_C"": 5.0, ""start_soc"": 0.6, ""start_voltage_in_V"": null, ""voltage_in_V"": null}, {""current_in_A"": null, ""end_soc"": 0.2, ""end_voltage_in_V"": null, ""power_in_W"": null, ""rate_in_C"": 4.0, ""start_soc"": 0.4, ""start_voltage_in_V"": null, ""voltage_in_V"": null}, {""current_in_A"": null, ""end_soc"": null, ""end_voltage_in_V"": 2.0, ""power_in_W"": null, ""rate_in_C"": 1.0, ""start_soc"": 0.2, ""start_voltage_in_V"": null, ""voltage_in_V"": null}]","[0, 1]",1690,1.0,1690.0,0.0,1.0,3,1.0,5.0,3.0,,3.6,4,1.0,5.0,3.5,,,,
HUST,HUST/HUST_7-2.pkl,47248595,HUST_7-2,cylindrical_18650,graphite,LFP,,1.1,1.0,1.0,0,3.6,2.0,,,,,"[{""current_in_A"": null, ""end_soc"": 0.8, ""end_voltage_in_V"": null, ""power_in_W"": null, ""rate_in_C"": 5.0, ""start_soc"": 0.0, ""start_voltage_in_V"": null, ""voltage_in_V"": null}, {""current_in_A"": null, ""end_soc"": null, ""end_voltage_in_V"": 3.6, ""power_in_W"": null, ""rate_in_C"": 1.0, ""start_soc"": 0.8, ""start_voltage_in_V"": null, ""voltage_in_V"": null}, {""current_in_A"": null, ""end_soc"": 1.0, ""end_voltage_in_V"": null, ""power_in_W"": null, ""rate_in_C"": null, ""start_soc"": null, ""start_voltage_in_V"": 3.6, ""voltage_in_V"": 3.6}]","[{""current_in_A"": null, ""end_soc"": 0.6, ""end_voltage_in_V"": null, ""power_in_W"": null, ""rate_in_C"": 4.0, ""start_soc"": 1.0, ""start_voltage_in_V"": null, ""voltage_in_V"": null}, {""current_in_A"": null, ""end_soc"": 0.4, ""end_voltage_in_V"": null, ""power_in_W"": null, ""rate_in_C"": 5.0, ""start_soc"": 0.6, ""start_voltage_in_V"": null, ""voltage_in_V"": null}, {""current_in_A"": null, ""end_soc"": 0.2, ""end_voltage_in_V"": null, ""power_in_W"": null, ""rate_in_C"": 5.0, ""start_soc"": 0.4, ""start_voltage_in_V"": null, ""voltage_in_V"": null}, {""current_in_A"": null, ""end_soc"": null, ""end_voltage_in_V"": 2.0, ""power_in_W"": null, ""rate_in_C"": 1.0, ""start_soc"": 0.2, ""start_voltage_in_V"": null, ""voltage_in_V"": null}]","[0, 1]",2030,1.0,2030.0,0.0,1.0,3,1.0,5.0,3.0,,3.6,4,1.0,5.0,3.75,,,,
HUST,HUST/HUST_7-3.pkl,47539113,HUST_7-3,cylindrical_18650,graphite,LFP,,1.1,1.0,1.0,0,3.6,2.0,,,,,"[{""current_in_A"": null, ""end_soc"": 0.8, ""end_voltage_in_V"": null, ""power_in_W"": null, ""rate_in_C"": 5.0, ""start_soc"": 0.0, ""start_voltage_in_V"": null, ""voltage_in_V"": null}, {""current_in_A"": null, ""end_soc"": null, ""end_voltage_in_V"": 3.6, ""power_in_W"": null, ""rate_in_C"": 1.0, ""start_soc"": 0.8, ""start_voltage_in_V"": null, ""voltage_in_V"": null}, {""current_in_A"": null, ""end_soc"": 1.0, ""end_voltage_in_V"": null, ""power_in_W"": null, ""rate_in_C"": null, ""start_soc"": null, ""start_voltage_in_V"": 3.6, ""voltage_in_V"": 3.6}]","[{""current_in_A"": null, ""end_soc"": 0.6, ""end_voltage_in_V"": null, ""power_in_W"": null, ""rate_in_C"": 3.0, ""start_soc"": 1.0, ""start_voltage_in_V"": null, ""voltage_in_V"": null}, {""current_in_A"": null, ""end_soc"": 0.4, ""end_voltage_in_V"": null, ""power_in_W"": null, ""rate_in_C"": 1.0, ""start_soc"": 0.6, ""start_voltage_in_V"": null, ""voltage_in_V"": null}, {""current_in_A"": null, ""end_soc"": 0.2, ""end_voltage_in_V"": null, ""power_in_W"": null, ""rate_in_C"": 1.0, ""start_soc"": 0.4, ""start_voltage_in_V"": null, ""voltage_in_V"": null}, {""current_in_A"": null, ""end_soc"": null, ""end_voltage_in_V"": 2.0, ""power_in_W"": null, ""rate_in_C"": 1.0, ""start_soc"": 0.2, ""start_voltage_in_V"": null, ""voltage_in_V"": null}]","[0, 1]",1295,1.0,1295.0,0.0,1.0,3,1.0,5.0,3.0,,3.6,4,1.0,3.0,1.5,,,,
HUST,HUST/HUST_7-4.pkl,46461210,HUST_7-4,cylindrical_18650,graphite,LFP,,1.1,1.0,1.0,0,3.6,2.0,,,,,"[{""current_in_A"": null, ""end_soc"": 0.8, ""end_voltage_in_V"": null, ""power_in_W"": null, ""rate_in_C"": 5.0, ""start_soc"": 0.0, ""start_voltage_in_V"": null, ""voltage_in_V"": null}, {""current_in_A"": null, ""end_soc"": null, ""end_voltage_in_V"": 3.6, ""power_in_W"": null, ""rate_in_C"": 1.0, ""start_soc"": 0.8, ""start_voltage_in_V"": null, ""voltage_in_V"": null}, {""current_in_A"": null, ""end_soc"": 1.0, ""end_voltage_in_V"": null, ""power_in_W"": null, ""rate_in_C"": null, ""start_soc"": null, ""start_voltage_in_V"": 3.6, ""voltage_in_V"": 3.6}]","[{""current_in_A"": null, ""end_soc"": 0.6, ""end_voltage_in_V"": null, ""power_in_W"": null, ""rate_in_C"": 3.0, ""start_soc"": 1.0, ""start_voltage_in_V"": null, ""voltage_in_V"": null}, {""current_in_A"": null, ""end_soc"": 0.4, ""end_voltage_in_V"": null, ""power_in_W"": null, ""rate_in_C"": 1.0, ""start_soc"": 0.6, ""start_voltage_in_V"": null, ""voltage_in_V"": null}, {""current_in_A"": null, ""end_soc"": 0.2, ""end_voltage_in_V"": null, ""power_in_W"": null, ""rate_in_C"": 2.0, ""start_soc"": 0.4, ""start_voltage_in_V"": null, ""voltage_in_V"": null}, {""current_in_A"": null, ""end_soc"": null, ""end_voltage_in_V"": 2.0, ""power_in_W"": null, ""rate_in_C"": 1.0, ""start_soc"": 0.2, ""start_voltage_in_V"": null, ""voltage_in_V"": null}]","[0, 1]",1393,1.0,1393.0,0.0,1.0,3,1.0,5.0,3.0,,3.6,4,1.0,3.0,1.75,,,,
HUST,HUST/HUST_7-5.pkl,60193502,HUST_7-5,cylindrical_18650,graphite,LFP,,1.1,1.0,1.0,0,3.6,2.0,,,,,"[{""current_in_A"": null, ""end_soc"": 0.8, ""end_voltage_in_V"": null, ""power_in_W"": null, ""rate_in_C"": 5.0, ""start_soc"": 0.0, ""start_voltage_in_V"": null, ""voltage_in_V"": null}, {""current_in_A"": null, ""end_soc"": null, ""end_voltage_in_V"": 3.6, ""power_in_W"": null, ""rate_in_C"": 1.0, ""start_soc"": 0.8, ""start_voltage_in_V"": null, ""voltage_in_V"": null}, {""current_in_A"": null, ""end_soc"": 1.0, ""end_voltage_in_V"": null, ""power_in_W"": null, ""rate_in_C"": null, ""start_soc"": null, ""start_voltage_in_V"": 3.6, ""voltage_in_V"": 3.6}]","[{""current_in_A"": null, ""end_soc"": 0.6, ""end_voltage_in_V"": null, ""power_in_W"": null, ""rate_in_C"": 3.0, ""start_soc"": 1.0, ""start_voltage_in_V"": null, ""voltage_in_V"": null}, {""current_in_A"": null, ""end_soc"": 0.4, ""end_voltage_in_V"": null, ""power_in_W"": null, ""rate_in_C"": 1.0, ""start_soc"": 0.6, ""start_voltage_in_V"": null, ""voltage_in_V"": null}, {""current_in_A"": null, ""end_soc"": 0.2, ""end_voltage_in_V"": null, ""power_in_W"": null, ""rate_in_C"": 3.0, ""start_soc"": 0.4, ""start_voltage_in_V"": null, ""voltage_in_V"": null}, {""current_in_A"": null, ""end_soc"": null, ""end_voltage_in_V"": 2.0, ""power_in_W"": null, ""rate_in_C"": 1.0, ""start_soc"": 0.2, ""start_voltage_in_V"": null, ""voltage_in_V"": null}]","[0, 1]",1873,3.0,1875.0,0.0,1.0,3,1.0,5.0,3.0,,3.6,4,1.0,3.0,2.0,,,,
HUST,HUST/HUST_7-6.pkl,44191374,HUST_7-6,cylindrical_18650,graphite,LFP,,1.1,1.0,1.0,0,3.6,2.0,,,,,"[{""current_in_A"": null, ""end_soc"": 0.8, ""end_voltage_in_V"": null, ""power_in_W"": null, ""rate_in_C"": 5.0, ""start_soc"": 0.0, ""start_voltage_in_V"": null, ""voltage_in_V"": null}, {""current_in_A"": null, ""end_soc"": null, ""end_voltage_in_V"": 3.6, ""power_in_W"": null, ""rate_in_C"": 1.0, ""start_soc"": 0.8, ""start_voltage_in_V"": null, ""voltage_in_V"": null}, {""current_in_A"": null, ""end_soc"": 1.0, ""end_voltage_in_V"": null, ""power_in_W"": null, ""rate_in_C"": null, ""start_soc"": null, ""start_voltage_in_V"": 3.6, ""voltage_in_V"": 3.6}]","[{""current_in_A"": null, ""end_soc"": 0.6, ""end_voltage_in_V"": null, ""power_in_W"": null, ""rate_in_C"": 3.0, ""start_soc"": 1.0, ""start_voltage_in_V"": null, ""voltage_in_V"": null}, {""current_in_A"": null, ""end_soc"": 0.4, ""end_voltage_in_V"": null, ""power_in_W"": null, ""rate_in_C"": 1.0, ""start_soc"": 0.6, ""start_voltage_in_V"": null, ""voltage_in_V"": null}, {""current_in_A"": null, ""end_soc"": 0.2, ""end_voltage_in_V"": null, ""power_in_W"": null, ""rate_in_C"": 4.0, ""start_soc"": 0.4, ""start_voltage_in_V"": null, ""voltage_in_V"": null}, {""current_in_A"": null, ""end_soc"": null, ""end_voltage_in_V"": 2.0, ""power_in_W"": null, ""rate_in_C"": 1.0, ""start_soc"": 0.2, ""start_voltage_in_V"": null, ""voltage_in_V"": null}]","[0, 1]",1419,1.0,1419.0,0.0,1.0,3,1.0,5.0,3.0,,3.6,4,1.0,4.0,2.25,,,,
HUST,HUST/HUST_7-7.pkl,51211167,HUST_7-7,cylindrical_18650,graphite,LFP,,1.1,1.0,1.0,0,3.6,2.0,,,,,"[{""current_in_A"": null, ""end_soc"": 0.8, ""end_voltage_in_V"": null, ""power_in_W"": null, ""rate_in_C"": 5.0, ""start_soc"": 0.0, ""start_voltage_in_V"": null, ""voltage_in_V"": null}, {""current_in_A"": null, ""end_soc"": null, ""end_voltage_in_V"": 3.6, ""power_in_W"": null, ""rate_in_C"": 1.0, ""start_soc"": 0.8, ""start_voltage_in_V"": null, ""voltage_in_V"": null}, {""current_in_A"": null, ""end_soc"": 1.0, ""end_voltage_in_V"": null, ""power_in_W"": null, ""rate_in_C"": null, ""start_soc"": null, ""start_voltage_in_V"": 3.6, ""voltage_in_V"": 3.6}]","[{""current_in_A"": null, ""end_soc"": 0.6, ""end_voltage_in_V"": null, ""power_in_W"": null, ""rate_in_C"": 3.0, ""start_soc"": 1.0, ""start_voltage_in_V"": null, ""voltage_in_V"": null}, {""current_in_A"": null, ""end_soc"": 0.4, ""end_voltage_in_V"": null, ""power_in_W"": null, ""rate_in_C"": 1.0, ""start_soc"": 0.6, ""start_voltage_in_V"": null, ""voltage_in_V"": null}, {""current_in_A"": null, ""end_soc"": 0.2, ""end_voltage_in_V"": null, ""power_in_W"": null, ""rate_in_C"": 5.0, ""start_soc"": 0.4, ""start_voltage_in_V"": null, ""voltage_in_V"": null}, {""current_in_A"": null, ""end_soc"": null, ""end_voltage_in_V"": 2.0, ""power_in_W"": null, ""rate_in_C"": 1.0, ""start_soc"": 0.2, ""start_voltage_in_V"": null, ""voltage_in_V"": null}]","[0, 1]",1685,1.0,1685.0,0.0,1.0,3,1.0,5.0,3.0,,3.6,4,1.0,5.0,2.5,,,,
HUST,HUST/HUST_7-8.pkl,65908158,HUST_7-8,cylindrical_18650,graphite,LFP,,1.1,1.0,1.0,0,3.6,2.0,,,,,"[{""current_in_A"": null, ""end_soc"": 0.8, ""end_voltage_in_V"": null, ""power_in_W"": null, ""rate_in_C"": 5.0, ""start_soc"": 0.0, ""start_voltage_in_V"": null, ""voltage_in_V"": null}, {""current_in_A"": null, ""end_soc"": null, ""end_voltage_in_V"": 3.6, ""power_in_W"": null, ""rate_in_C"": 1.0, ""start_soc"": 0.8, ""start_voltage_in_V"": null, ""voltage_in_V"": null}, {""current_in_A"": null, ""end_soc"": 1.0, ""end_voltage_in_V"": null, ""power_in_W"": null, ""rate_in_C"": null, ""start_soc"": null, ""start_voltage_in_V"": 3.6, ""voltage_in_V"": 3.6}]","[{""current_in_A"": null, ""end_soc"": 0.6, ""end_voltage_in_V"": null, ""power_in_W"": null, ""rate_in_C"": 3.0, ""start_soc"": 1.0, ""start_voltage_in_V"": null, ""voltage_in_V"": null}, {""current_in_A"": null, ""end_soc"": 0.4, ""end_voltage_in_V"": null, ""power_in_W"": null, ""rate_in_C"": 2.0, ""start_soc"": 0.6, ""start_voltage_in_V"": null, ""voltage_in_V"": null}, {""current_in_A"": null, ""end_soc"": 0.2, ""end_voltage_in_V"": null, ""power_in_W"": null, ""rate_in_C"": 1.0, ""start_soc"": 0.4, ""start_voltage_in_V"": null, ""voltage_in_V"": null}, {""current_in_A"": null, ""end_soc"": null, ""end_voltage_in_V"": 2.0, ""power_in_W"": null, ""rate_in_C"": 1.0, ""start_soc"": 0.2, ""start_voltage_in_V"": null, ""voltage_in_V"": null}]","[0, 1]",1938,1.0,1938.0,0.0,1.0,3,1.0,5.0,3.0,,3.6,4,1.0,3.0,1.75,,,,
HUST,HUST/HUST_8-1.pkl,39272019,HUST_8-1,cylindrical_18650,graphite,LFP,,1.1,1.0,1.0,0,3.6,2.0,,,,,"[{""current_in_A"": null, ""end_soc"": 0.8, ""end_voltage_in_V"": null, ""power_in_W"": null, ""rate_in_C"": 5.0, ""start_soc"": 0.0, ""start_voltage_in_V"": null, ""voltage_in_V"": null}, {""current_in_A"": null, ""end_soc"": null, ""end_voltage_in_V"": 3.6, ""power_in_W"": null, ""rate_in_C"": 1.0, ""start_soc"": 0.8, ""start_voltage_in_V"": null, ""voltage_in_V"": null}, {""current_in_A"": null, ""end_soc"": 1.0, ""end_voltage_in_V"": null, ""power_in_W"": null, ""rate_in_C"": null, ""start_soc"": null, ""start_voltage_in_V"": 3.6, ""voltage_in_V"": 3.6}]","[{""current_in_A"": null, ""end_soc"": 0.6, ""end_voltage_in_V"": null, ""power_in_W"": null, ""rate_in_C"": 3.0, ""start_soc"": 1.0, ""start_voltage_in_V"": null, ""voltage_in_V"": null}, {""current_in_A"": null, ""end_soc"": 0.4, ""end_voltage_in_V"": null, ""power_in_W"": null, ""rate_in_C"": 2.0, ""start_soc"": 0.6, ""start_voltage_in_V"": null, ""voltage_in_V"": null}, {""current_in_A"": null, ""end_soc"": 0.2, ""end_voltage_in_V"": null, ""power_in_W"": null, ""rate_in_C"": 2.0, ""start_soc"": 0.4, ""start_voltage_in_V"": null, ""voltage_in_V"": null}, {""current_in_A"": null, ""end_soc"": null, ""end_voltage_in_V"": 2.0, ""power_in_W"": null, ""rate_in_C"": 1.0, ""start_soc"": 0.2, ""start_voltage_in_V"": null, ""voltage_in_V"": null}]","[0, 1]",1308,1.0,1308.0,0.0,1.0,3,1.0,5.0,3.0,,3.6,4,1.0,3.0,2.0,,,,
HUST,HUST/HUST_8-2.pkl,59683130,HUST_8-2,cylindrical_18650,graphite,LFP,,1.1,1.0,1.0,0,3.6,2.0,,,,,"[{""current_in_A"": null, ""end_soc"": 0.8, ""end_voltage_in_V"": null, ""power_in_W"": null, ""rate_in_C"": 5.0, ""start_soc"": 0.0, ""start_voltage_in_V"": null, ""voltage_in_V"": null}, {""current_in_A"": null, ""end_soc"": null, ""end_voltage_in_V"": 3.6, ""power_in_W"": null, ""rate_in_C"": 1.0, ""start_soc"": 0.8, ""start_voltage_in_V"": null, ""voltage_in_V"": null}, {""current_in_A"": null, ""end_soc"": 1.0, ""end_voltage_in_V"": null, ""power_in_W"": null, ""rate_in_C"": null, ""start_soc"": null, ""start_voltage_in_V"": 3.6, ""voltage_in_V"": 3.6}]","[{""current_in_A"": null, ""end_soc"": 0.6, ""end_voltage_in_V"": null, ""power_in_W"": null, ""rate_in_C"": 3.0, ""start_soc"": 1.0, ""start_voltage_in_V"": null, ""voltage_in_V"": null}, {""current_in_A"": null, ""end_soc"": 0.4, ""end_voltage_in_V"": null, ""power_in_W"": null, ""rate_in_C"": 2.0, ""start_soc"": 0.6, ""start_voltage_in_V"": null, ""voltage_in_V"": null}, {""current_in_A"": null, ""end_soc"": 0.2, ""end_voltage_in_V"": null, ""power_in_W"": null, ""rate_in_C"": 3.0, ""start_soc"": 0.4, ""start_voltage_in_V"": null, ""voltage_in_V"": null}, {""current_in_A"": null, ""end_soc"": null, ""end_voltage_in_V"": 2.0, ""power_in_W"": null, ""rate_in_C"": 1.0, ""start_soc"": 0.2, ""start_voltage_in_V"": null, ""voltage_in_V"": null}]","[0, 1]",2041,1.0,2041.0,0.0,1.0,3,1.0,5.0,3.0,,3.6,4,1.0,3.0,2.25,,,,
HUST,HUST/HUST_8-3.pkl,64188296,HUST_8-3,cylindrical_18650,graphite,LFP,,1.1,1.0,1.0,0,3.6,2.0,,,,,"[{""current_in_A"": null, ""end_soc"": 0.8, ""end_voltage_in_V"": null, ""power_in_W"": null, ""rate_in_C"": 5.0, ""start_soc"": 0.0, ""start_voltage_in_V"": null, ""voltage_in_V"": null}, {""current_in_A"": null, ""end_soc"": null, ""end_voltage_in_V"": 3.6, ""power_in_W"": null, ""rate_in_C"": 1.0, ""start_soc"": 0.8, ""start_voltage_in_V"": null, ""voltage_in_V"": null}, {""current_in_A"": null, ""end_soc"": 1.0, ""end_voltage_in_V"": null, ""power_in_W"": null, ""rate_in_C"": null, ""start_soc"": null, ""start_voltage_in_V"": 3.6, ""voltage_in_V"": 3.6}]","[{""current_in_A"": null, ""end_soc"": 0.6, ""end_voltage_in_V"": null, ""power_in_W"": null, ""rate_in_C"": 3.0, ""start_soc"": 1.0, ""start_voltage_in_V"": null, ""voltage_in_V"": null}, {""current_in_A"": null, ""end_soc"": 0.4, ""end_voltage_in_V"": null, ""power_in_W"": null, ""rate_in_C"": 2.0, ""start_soc"": 0.6, ""start_voltage_in_V"": null, ""voltage_in_V"": null}, {""current_in_A"": null, ""end_soc"": 0.2, ""end_voltage_in_V"": null, ""power_in_W"": null, ""rate_in_C"": 4.0, ""start_soc"": 0.4, ""start_voltage_in_V"": null, ""voltage_in_V"": null}, {""current_in_A"": null, ""end_soc"": null, ""end_voltage_in_V"": 2.0, ""power_in_W"": null, ""rate_in_C"": 1.0, ""start_soc"": 0.2, ""start_voltage_in_V"": null, ""voltage_in_V"": null}]","[0, 1]",2290,1.0,2290.0,0.0,1.0,3,1.0,5.0,3.0,,3.6,4,1.0,4.0,2.5,,,,
HUST,HUST/HUST_8-4.pkl,51716580,HUST_8-4,cylindrical_18650,graphite,LFP,,1.1,1.0,1.0,0,3.6,2.0,,,,,"[{""current_in_A"": null, ""end_soc"": 0.8, ""end_voltage_in_V"": null, ""power_in_W"": null, ""rate_in_C"": 5.0, ""start_soc"": 0.0, ""start_voltage_in_V"": null, ""voltage_in_V"": null}, {""current_in_A"": null, ""end_soc"": null, ""end_voltage_in_V"": 3.6, ""power_in_W"": null, ""rate_in_C"": 1.0, ""start_soc"": 0.8, ""start_voltage_in_V"": null, ""voltage_in_V"": null}, {""current_in_A"": null, ""end_soc"": 1.0, ""end_voltage_in_V"": null, ""power_in_W"": null, ""rate_in_C"": null, ""start_soc"": null, ""start_voltage_in_V"": 3.6, ""voltage_in_V"": 3.6}]","[{""current_in_A"": null, ""end_soc"": 0.6, ""end_voltage_in_V"": null, ""power_in_W"": null, ""rate_in_C"": 3.0, ""start_soc"": 1.0, ""start_voltage_in_V"": null, ""voltage_in_V"": null}, {""current_in_A"": null, ""end_soc"": 0.4, ""end_voltage_in_V"": null, ""power_in_W"": null, ""rate_in_C"": 2.0, ""start_soc"": 0.6, ""start_voltage_in_V"": null, ""voltage_in_V"": null}, {""current_in_A"": null, ""end_soc"": 0.2, ""end_voltage_in_V"": null, ""power_in_W"": null, ""rate_in_C"": 5.0, ""start_soc"": 0.4, ""start_voltage_in_V"": null, ""voltage_in_V"": null}, {""current_in_A"": null, ""end_soc"": null, ""end_voltage_in_V"": 2.0, ""power_in_W"": null, ""rate_in_C"": 1.0, ""start_soc"": 0.2, ""start_voltage_in_V"": null, ""voltage_in_V"": null}]","[0, 1]",1885,1.0,1885.0,0.0,1.0,3,1.0,5.0,3.0,,3.6,4,1.0,5.0,2.75,,,,
HUST,HUST/HUST_8-5.pkl,43614663,HUST_8-5,cylindrical_18650,graphite,LFP,,1.1,1.0,1.0,0,3.6,2.0,,,,,"[{""current_in_A"": null, ""end_soc"": 0.8, ""end_voltage_in_V"": null, ""power_in_W"": null, ""rate_in_C"": 5.0, ""start_soc"": 0.0, ""start_voltage_in_V"": null, ""voltage_in_V"": null}, {""current_in_A"": null, ""end_soc"": null, ""end_voltage_in_V"": 3.6, ""power_in_W"": null, ""rate_in_C"": 1.0, ""start_soc"": 0.8, ""start_voltage_in_V"": null, ""voltage_in_V"": null}, {""current_in_A"": null, ""end_soc"": 1.0, ""end_voltage_in_V"": null, ""power_in_W"": null, ""rate_in_C"": null, ""start_soc"": null, ""start_voltage_in_V"": 3.6, ""voltage_in_V"": 3.6}]","[{""current_in_A"": null, ""end_soc"": 0.6, ""end_voltage_in_V"": null, ""power_in_W"": null, ""rate_in_C"": 3.0, ""start_soc"": 1.0, ""start_voltage_in_V"": null, ""voltage_in_V"": null}, {""current_in_A"": null, ""end_soc"": 0.4, ""end_voltage_in_V"": null, ""power_in_W"": null, ""rate_in_C"": 3.0, ""start_soc"": 0.6, ""start_voltage_in_V"": null, ""voltage_in_V"": null}, {""current_in_A"": null, ""end_soc"": 0.2, ""end_voltage_in_V"": null, ""power_in_W"": null, ""rate_in_C"": 1.0, ""start_soc"": 0.4, ""start_voltage_in_V"": null, ""voltage_in_V"": null}, {""current_in_A"": null, ""end_soc"": null, ""end_voltage_in_V"": 2.0, ""power_in_W"": null, ""rate_in_C"": 1.0, ""start_soc"": 0.2, ""start_voltage_in_V"": null, ""voltage_in_V"": null}]","[0, 1]",1348,1.0,1348.0,0.0,1.0,3,1.0,5.0,3.0,,3.6,4,1.0,3.0,2.0,,,,
HUST,HUST/HUST_8-6.pkl,71337347,HUST_8-6,cylindrical_18650,graphite,LFP,,1.1,1.0,1.0,0,3.6,2.0,,,,,"[{""current_in_A"": null, ""end_soc"": 0.8, ""end_voltage_in_V"": null, ""power_in_W"": null, ""rate_in_C"": 5.0, ""start_soc"": 0.0, ""start_voltage_in_V"": null, ""voltage_in_V"": null}, {""current_in_A"": null, ""end_soc"": null, ""end_voltage_in_V"": 3.6, ""power_in_W"": null, ""rate_in_C"": 1.0, ""start_soc"": 0.8, ""start_voltage_in_V"": null, ""voltage_in_V"": null}, {""current_in_A"": null, ""end_soc"": 1.0, ""end_voltage_in_V"": null, ""power_in_W"": null, ""rate_in_C"": null, ""start_soc"": null, ""start_voltage_in_V"": 3.6, ""voltage_in_V"": 3.6}]","[{""current_in_A"": null, ""end_soc"": 0.6, ""end_voltage_in_V"": null, ""power_in_W"": null, ""rate_in_C"": 3.0, ""start_soc"": 1.0, ""start_voltage_in_V"": null, ""voltage_in_V"": null}, {""current_in_A"": null, ""end_soc"": 0.4, ""end_voltage_in_V"": null, ""power_in_W"": null, ""rate_in_C"": 3.0, ""start_soc"": 0.6, ""start_voltage_in_V"": null, ""voltage_in_V"": null}, {""current_in_A"": null, ""end_soc"": 0.2, ""end_voltage_in_V"": null, ""power_in_W"": null, ""rate_in_C"": 2.0, ""start_soc"": 0.4, ""start_voltage_in_V"": null, ""voltage_in_V"": null}, {""current_in_A"": null, ""end_soc"": null, ""end_voltage_in_V"": 2.0, ""power_in_W"": null, ""rate_in_C"": 1.0, ""start_soc"": 0.2, ""start_voltage_in_V"": null, ""voltage_in_V"": null}]","[0, 1]",2365,1.0,2365.0,0.0,1.0,3,1.0,5.0,3.0,,3.6,4,1.0,3.0,2.25,,,,
HUST,HUST/HUST_8-7.pkl,57416345,HUST_8-7,cylindrical_18650,graphite,LFP,,1.1,1.0,1.0,0,3.6,2.0,,,,,"[{""current_in_A"": null, ""end_soc"": 0.8, ""end_voltage_in_V"": null, ""power_in_W"": null, ""rate_in_C"": 5.0, ""start_soc"": 0.0, ""start_voltage_in_V"": null, ""voltage_in_V"": null}, {""current_in_A"": null, ""end_soc"": null, ""end_voltage_in_V"": 3.6, ""power_in_W"": null, ""rate_in_C"": 1.0, ""start_soc"": 0.8, ""start_voltage_in_V"": null, ""voltage_in_V"": null}, {""current_in_A"": null, ""end_soc"": 1.0, ""end_voltage_in_V"": null, ""power_in_W"": null, ""rate_in_C"": null, ""start_soc"": null, ""start_voltage_in_V"": 3.6, ""voltage_in_V"": 3.6}]","[{""current_in_A"": null, ""end_soc"": 0.6, ""end_voltage_in_V"": null, ""power_in_W"": null, ""rate_in_C"": 3.0, ""start_soc"": 1.0, ""start_voltage_in_V"": null, ""voltage_in_V"": null}, {""current_in_A"": null, ""end_soc"": 0.4, ""end_voltage_in_V"": null, ""power_in_W"": null, ""rate_in_C"": 3.0, ""start_soc"": 0.6, ""start_voltage_in_V"": null, ""voltage_in_V"": null}, {""current_in_A"": null, ""end_soc"": 0.2, ""end_voltage_in_V"": null, ""power_in_W"": null, ""rate_in_C"": 3.0, ""start_soc"": 0.4, ""start_voltage_in_V"": null, ""voltage_in_V"": null}, {""current_in_A"": null, ""end_soc"": null, ""end_voltage_in_V"": 2.0, ""power_in_W"": null, ""rate_in_C"": 1.0, ""start_soc"": 0.2, ""start_voltage_in_V"": null, ""voltage_in_V"": null}]","[0, 1]",2047,1.0,2047.0,0.0,1.0,3,1.0,5.0,3.0,,3.6,4,1.0,3.0,2.5,,,,
HUST,HUST/HUST_8-8.pkl,45694761,HUST_8-8,cylindrical_18650,graphite,LFP,,1.1,1.0,1.0,0,3.6,2.0,,,,,"[{""current_in_A"": null, ""end_soc"": 0.8, ""end_voltage_in_V"": null, ""power_in_W"": null, ""rate_in_C"": 5.0, ""start_soc"": 0.0, ""start_voltage_in_V"": null, ""voltage_in_V"": null}, {""current_in_A"": null, ""end_soc"": null, ""end_voltage_in_V"": 3.6, ""power_in_W"": null, ""rate_in_C"": 1.0, ""start_soc"": 0.8, ""start_voltage_in_V"": null, ""voltage_in_V"": null}, {""current_in_A"": null, ""end_soc"": 1.0, ""end_voltage_in_V"": null, ""power_in_W"": null, ""rate_in_C"": null, ""start_soc"": null, ""start_voltage_in_V"": 3.6, ""voltage_in_V"": 3.6}]","[{""current_in_A"": null, ""end_soc"": 0.6, ""end_voltage_in_V"": null, ""power_in_W"": null, ""rate_in_C"": 3.0, ""start_soc"": 1.0, ""start_voltage_in_V"": null, ""voltage_in_V"": null}, {""current_in_A"": null, ""end_soc"": 0.4, ""end_voltage_in_V"": null, ""power_in_W"": null, ""rate_in_C"": 3.0, ""start_soc"": 0.6, ""start_voltage_in_V"": null, ""voltage_in_V"": null}, {""current_in_A"": null, ""end_soc"": 0.2, ""end_voltage_in_V"": null, ""power_in_W"": null, ""rate_in_C"": 4.0, ""start_soc"": 0.4, ""start_voltage_in_V"": null, ""voltage_in_V"": null}, {""current_in_A"": null, ""end_soc"": null, ""end_voltage_in_V"": 2.0, ""power_in_W"": null, ""rate_in_C"": 1.0, ""start_soc"": 0.2, ""start_voltage_in_V"": null, ""voltage_in_V"": null}]","[0, 1]",1679,1.0,1679.0,0.0,1.0,3,1.0,5.0,3.0,,3.6,4,1.0,4.0,2.75,,,,
HUST,HUST/HUST_9-1.pkl,53792090,HUST_9-1,cylindrical_18650,graphite,LFP,,1.1,1.0,1.0,0,3.6,2.0,,,,,"[{""current_in_A"": null, ""end_soc"": 0.8, ""end_voltage_in_V"": null, ""power_in_W"": null, ""rate_in_C"": 5.0, ""start_soc"": 0.0, ""start_voltage_in_V"": null, ""voltage_in_V"": null}, {""current_in_A"": null, ""end_soc"": null, ""end_voltage_in_V"": 3.6, ""power_in_W"": null, ""rate_in_C"": 1.0, ""start_soc"": 0.8, ""start_voltage_in_V"": null, ""voltage_in_V"": null}, {""current_in_A"": null, ""end_soc"": 1.0, ""end_voltage_in_V"": null, ""power_in_W"": null, ""rate_in_C"": null, ""start_soc"": null, ""start_voltage_in_V"": 3.6, ""voltage_in_V"": 3.6}]","[{""current_in_A"": null, ""end_soc"": 0.6, ""end_voltage_in_V"": null, ""power_in_W"": null, ""rate_in_C"": 3.0, ""start_soc"": 1.0, ""start_voltage_in_V"": null, ""voltage_in_V"": null}, {""current_in_A"": null, ""end_soc"": 0.4, ""end_voltage_in_V"": null, ""power_in_W"": null, ""rate_in_C"": 3.0, ""start_soc"": 0.6, ""start_voltage_in_V"": null, ""voltage_in_V"": null}, {""current_in_A"": null, ""end_soc"": 0.2, ""end_voltage_in_V"": null, ""power_in_W"": null, ""rate_in_C"": 5.0, ""start_soc"": 0.4, ""start_voltage_in_V"": null, ""voltage_in_V"": null}, {""current_in_A"": null, ""end_soc"": null, ""end_voltage_in_V"": 2.0, ""power_in_W"": null, ""rate_in_C"": 1.0, ""start_soc"": 0.2, ""start_voltage_in_V"": null, ""voltage_in_V"": null}]","[0, 1]",2057,1.0,2057.0,0.0,1.0,3,1.0,5.0,3.0,,3.6,4,1.0,5.0,3.0,,,,
HUST,HUST/HUST_9-2.pkl,67928309,HUST_9-2,cylindrical_18650,graphite,LFP,,1.1,1.0,1.0,0,3.6,2.0,,,,,"[{""current_in_A"": null, ""end_soc"": 0.8, ""end_voltage_in_V"": null, ""power_in_W"": null, ""rate_in_C"": 5.0, ""start_soc"": 0.0, ""start_voltage_in_V"": null, ""voltage_in_V"": null}, {""current_in_A"": null, ""end_soc"": null, ""end_voltage_in_V"": 3.6, ""power_in_W"": null, ""rate_in_C"": 1.0, ""start_soc"": 0.8, ""start_voltage_in_V"": null, ""voltage_in_V"": null}, {""current_in_A"": null, ""end_soc"": 1.0, ""end_voltage_in_V"": null, ""power_in_W"": null, ""rate_in_C"": null, ""start_soc"": null, ""start_voltage_in_V"": 3.6, ""voltage_in_V"": 3.6}]","[{""current_in_A"": null, ""end_soc"": 0.6, ""end_voltage_in_V"": null, ""power_in_W"": null, ""rate_in_C"": 3.0, ""start_soc"": 1.0, ""start_voltage_in_V"": null, ""voltage_in_V"": null}, {""current_in_A"": null, ""end_soc"": 0.4, ""end_voltage_in_V"": null, ""power_in_W"": null, ""rate_in_C"": 4.0, ""start_soc"": 0.6, ""start_voltage_in_V"": null, ""voltage_in_V"": null}, {""current_in_A"": null, ""end_soc"": 0.2, ""end_voltage_in_V"": null, ""power_in_W"": null, ""rate_in_C"": 1.0, ""start_soc"": 0.4, ""start_voltage_in_V"": null, ""voltage_in_V"": null}, {""current_in_A"": null, ""end_soc"": null, ""end_voltage_in_V"": 2.0, ""power_in_W"": null, ""rate_in_C"": 1.0, ""start_soc"": 0.2, ""start_voltage_in_V"": null, ""voltage_in_V"": null}]","[0, 1]",2143,1.0,2143.0,0.0,1.0,3,1.0,5.0,3.0,,3.6,4,1.0,4.0,2.25,,,,
HUST,HUST/HUST_9-3.pkl,53802393,HUST_9-3,cylindrical_18650,graphite,LFP,,1.1,1.0,1.0,0,3.6,2.0,,,,,"[{""current_in_A"": null, ""end_soc"": 0.8, ""end_voltage_in_V"": null, ""power_in_W"": null, ""rate_in_C"": 5.0, ""start_soc"": 0.0, ""start_voltage_in_V"": null, ""voltage_in_V"": null}, {""current_in_A"": null, ""end_soc"": null, ""end_voltage_in_V"": 3.6, ""power_in_W"": null, ""rate_in_C"": 1.0, ""start_soc"": 0.8, ""start_voltage_in_V"": null, ""voltage_in_V"": null}, {""current_in_A"": null, ""end_soc"": 1.0, ""end_voltage_in_V"": null, ""power_in_W"": null, ""rate_in_C"": null, ""start_soc"": null, ""start_voltage_in_V"": 3.6, ""voltage_in_V"": 3.6}]","[{""current_in_A"": null, ""end_soc"": 0.6, ""end_voltage_in_V"": null, ""power_in_W"": null, ""rate_in_C"": 3.0, ""start_soc"": 1.0, ""start_voltage_in_V"": null, ""voltage_in_V"": null}, {""current_in_A"": null, ""end_soc"": 0.4, ""end_voltage_in_V"": null, ""power_in_W"": null, ""rate_in_C"": 4.0, ""start_soc"": 0.6, ""start_voltage_in_V"": null, ""voltage_in_V"": null}, {""current_in_A"": null, ""end_soc"": 0.2, ""end_voltage_in_V"": null, ""power_in_W"": null, ""rate_in_C"": 2.0, ""start_soc"": 0.4, ""start_voltage_in_V"": null, ""voltage_in_V"": null}, {""current_in_A"": null, ""end_soc"": null, ""end_voltage_in_V"": 2.0, ""power_in_W"": null, ""rate_in_C"": 1.0, ""start_soc"": 0.2, ""start_voltage_in_V"": null, ""voltage_in_V"": null}]","[0, 1]",1905,1.0,1905.0,0.0,1.0,3,1.0,5.0,3.0,,3.6,4,1.0,4.0,2.5,,,,
HUST,HUST/HUST_9-4.pkl,53031489,HUST_9-4,cylindrical_18650,graphite,LFP,,1.1,1.0,1.0,0,3.6,2.0,,,,,"[{""current_in_A"": null, ""end_soc"": 0.8, ""end_voltage_in_V"": null, ""power_in_W"": null, ""rate_in_C"": 5.0, ""start_soc"": 0.0, ""start_voltage_in_V"": null, ""voltage_in_V"": null}, {""current_in_A"": null, ""end_soc"": null, ""end_voltage_in_V"": 3.6, ""power_in_W"": null, ""rate_in_C"": 1.0, ""start_soc"": 0.8, ""start_voltage_in_V"": null, ""voltage_in_V"": null}, {""current_in_A"": null, ""end_soc"": 1.0, ""end_voltage_in_V"": null, ""power_in_W"": null, ""rate_in_C"": null, ""start_soc"": null, ""start_voltage_in_V"": 3.6, ""voltage_in_V"": 3.6}]","[{""current_in_A"": null, ""end_soc"": 0.6, ""end_voltage_in_V"": null, ""power_in_W"": null, ""rate_in_C"": 3.0, ""start_soc"": 1.0, ""start_voltage_in_V"": null, ""voltage_in_V"": null}, {""current_in_A"": null, ""end_soc"": 0.4, ""end_voltage_in_V"": null, ""power_in_W"": null, ""rate_in_C"": 4.0, ""start_soc"": 0.6, ""start_voltage_in_V"": null, ""voltage_in_V"": null}, {""current_in_A"": null, ""end_soc"": 0.2, ""end_voltage_in_V"": null, ""power_in_W"": null, ""rate_in_C"": 3.0, ""start_soc"": 0.4, ""start_voltage_in_V"": null, ""voltage_in_V"": null}, {""current_in_A"": null, ""end_soc"": null, ""end_voltage_in_V"": 2.0, ""power_in_W"": null, ""rate_in_C"": 1.0, ""start_soc"": 0.2, ""start_voltage_in_V"": null, ""voltage_in_V"": null}]","[0, 1]",1975,1.0,1975.0,0.0,1.0,3,1.0,5.0,3.0,,3.6,4,1.0,4.0,2.75,,,,
HUST,HUST/HUST_9-5.pkl,55943702,HUST_9-5,cylindrical_18650,graphite,LFP,,1.1,1.0,1.0,0,3.6,2.0,,,,,"[{""current_in_A"": null, ""end_soc"": 0.8, ""end_voltage_in_V"": null, ""power_in_W"": null, ""rate_in_C"": 5.0, ""start_soc"": 0.0, ""start_voltage_in_V"": null, ""voltage_in_V"": null}, {""current_in_A"": null, ""end_soc"": null, ""end_voltage_in_V"": 3.6, ""power_in_W"": null, ""rate_in_C"": 1.0, ""start_soc"": 0.8, ""start_voltage_in_V"": null, ""voltage_in_V"": null}, {""current_in_A"": null, ""end_soc"": 1.0, ""end_voltage_in_V"": null, ""power_in_W"": null, ""rate_in_C"": null, ""start_soc"": null, ""start_voltage_in_V"": 3.6, ""voltage_in_V"": 3.6}]","[{""current_in_A"": null, ""end_soc"": 0.6, ""end_voltage_in_V"": null, ""power_in_W"": null, ""rate_in_C"": 3.0, ""start_soc"": 1.0, ""start_voltage_in_V"": null, ""voltage_in_V"": null}, {""current_in_A"": null, ""end_soc"": 0.4, ""end_voltage_in_V"": null, ""power_in_W"": null, ""rate_in_C"": 4.0, ""start_soc"": 0.6, ""start_voltage_in_V"": null, ""voltage_in_V"": null}, {""current_in_A"": null, ""end_soc"": 0.2, ""end_voltage_in_V"": null, ""power_in_W"": null, ""rate_in_C"": 4.0, ""start_soc"": 0.4, ""start_voltage_in_V"": null, ""voltage_in_V"": null}, {""current_in_A"": null, ""end_soc"": null, ""end_voltage_in_V"": 2.0, ""power_in_W"": null, ""rate_in_C"": 1.0, ""start_soc"": 0.2, ""start_voltage_in_V"": null, ""voltage_in_V"": null}]","[0, 1]",2168,1.0,2168.0,0.0,1.0,3,1.0,5.0,3.0,,3.6,4,1.0,4.0,3.0,,,,
HUST,HUST/HUST_9-6.pkl,43904004,HUST_9-6,cylindrical_18650,graphite,LFP,,1.1,1.0,1.0,0,3.6,2.0,,,,,"[{""current_in_A"": null, ""end_soc"": 0.8, ""end_voltage_in_V"": null, ""power_in_W"": null, ""rate_in_C"": 5.0, ""start_soc"": 0.0, ""start_voltage_in_V"": null, ""voltage_in_V"": null}, {""current_in_A"": null, ""end_soc"": null, ""end_voltage_in_V"": 3.6, ""power_in_W"": null, ""rate_in_C"": 1.0, ""start_soc"": 0.8, ""start_voltage_in_V"": null, ""voltage_in_V"": null}, {""current_in_A"": null, ""end_soc"": 1.0, ""end_voltage_in_V"": null, ""power_in_W"": null, ""rate_in_C"": null, ""start_soc"": null, ""start_voltage_in_V"": 3.6, ""voltage_in_V"": 3.6}]","[{""current_in_A"": null, ""end_soc"": 0.6, ""end_voltage_in_V"": null, ""power_in_W"": null, ""rate_in_C"": 3.0, ""start_soc"": 1.0, ""start_voltage_in_V"": null, ""voltage_in_V"": null}, {""current_in_A"": null, ""end_soc"": 0.4, ""end_voltage_in_V"": null, ""power_in_W"": null, ""rate_in_C"": 4.0, ""start_soc"": 0.6, ""start_voltage_in_V"": null, ""voltage_in_V"": null}, {""current_in_A"": null, ""end_soc"": 0.2, ""end_voltage_in_V"": null, ""power_in_W"": null, ""rate_in_C"": 5.0, ""start_soc"": 0.4, ""start_voltage_in_V"": null, ""voltage_in_V"": null}, {""current_in_A"": null, ""end_soc"": null, ""end_voltage_in_V"": 2.0, ""power_in_W"": null, ""rate_in_C"": 1.0, ""start_soc"": 0.2, ""start_voltage_in_V"": null, ""voltage_in_V"": null}]","[0, 1]",1742,1.0,1742.0,0.0,1.0,3,1.0,5.0,3.0,,3.6,4,1.0,5.0,3.25,,,,
HUST,HUST/HUST_9-7.pkl,61986455,HUST_9-7,cylindrical_18650,graphite,LFP,,1.1,1.0,1.0,0,3.6,2.0,,,,,"[{""current_in_A"": null, ""end_soc"": 0.8, ""end_voltage_in_V"": null, ""power_in_W"": null, ""rate_in_C"": 5.0, ""start_soc"": 0.0, ""start_voltage_in_V"": null, ""voltage_in_V"": null}, {""current_in_A"": null, ""end_soc"": null, ""end_voltage_in_V"": 3.6, ""power_in_W"": null, ""rate_in_C"": 1.0, ""start_soc"": 0.8, ""start_voltage_in_V"": null, ""voltage_in_V"": null}, {""current_in_A"": null, ""end_soc"": 1.0, ""end_voltage_in_V"": null, ""power_in_W"": null, ""rate_in_C"": null, ""start_soc"": null, ""start_voltage_in_V"": 3.6, ""voltage_in_V"": 3.6}]","[{""current_in_A"": null, ""end_soc"": 0.6, ""end_voltage_in_V"": null, ""power_in_W"": null, ""rate_in_C"": 3.0, ""start_soc"": 1.0, ""start_voltage_in_V"": null, ""voltage_in_V"": null}, {""current_in_A"": null, ""end_soc"": 0.4, ""end_voltage_in_V"": null, ""power_in_W"": null, ""rate_in_C"": 5.0, ""start_soc"": 0.6, ""start_voltage_in_V"": null, ""voltage_in_V"": null}, {""current_in_A"": null, ""end_soc"": 0.2, ""end_voltage_in_V"": null, ""power_in_W"": null, ""rate_in_C"": 1.0, ""start_soc"": 0.4, ""start_voltage_in_V"": null, ""voltage_in_V"": null}, {""current_in_A"": null, ""end_soc"": null, ""end_voltage_in_V"": 2.0, ""power_in_W"": null, ""rate_in_C"": 1.0, ""start_soc"": 0.2, ""start_voltage_in_V"": null, ""voltage_in_V"": null}]","[0, 1]",2012,1.0,2012.0,0.0,1.0,3,1.0,5.0,3.0,,3.6,4,1.0,5.0,2.5,,,,
HUST,HUST/HUST_9-8.pkl,62986175,HUST_9-8,cylindrical_18650,graphite,LFP,,1.1,1.0,1.0,0,3.6,2.0,,,,,"[{""current_in_A"": null, ""end_soc"": 0.8, ""end_voltage_in_V"": null, ""power_in_W"": null, ""rate_in_C"": 5.0, ""start_soc"": 0.0, ""start_voltage_in_V"": null, ""voltage_in_V"": null}, {""current_in_A"": null, ""end_soc"": null, ""end_voltage_in_V"": 3.6, ""power_in_W"": null, ""rate_in_C"": 1.0, ""start_soc"": 0.8, ""start_voltage_in_V"": null, ""voltage_in_V"": null}, {""current_in_A"": null, ""end_soc"": 1.0, ""end_voltage_in_V"": null, ""power_in_W"": null, ""rate_in_C"": null, ""start_soc"": null, ""start_voltage_in_V"": 3.6, ""voltage_in_V"": 3.6}]","[{""current_in_A"": null, ""end_soc"": 0.6, ""end_voltage_in_V"": null, ""power_in_W"": null, ""rate_in_C"": 3.0, ""start_soc"": 1.0, ""start_voltage_in_V"": null, ""voltage_in_V"": null}, {""current_in_A"": null, ""end_soc"": 0.4, ""end_voltage_in_V"": null, ""power_in_W"": null, ""rate_in_C"": 5.0, ""start_soc"": 0.6, ""start_voltage_in_V"": null, ""voltage_in_V"": null}, {""current_in_A"": null, ""end_soc"": 0.2, ""end_voltage_in_V"": null, ""power_in_W"": null, ""rate_in_C"": 2.0, ""start_soc"": 0.4, ""start_voltage_in_V"": null, ""voltage_in_V"": null}, {""current_in_A"": null, ""end_soc"": null, ""end_voltage_in_V"": 2.0, ""power_in_W"": null, ""rate_in_C"": 1.0, ""start_soc"": 0.2, ""start_voltage_in_V"": null, ""voltage_in_V"": null}]","[0, 1]",2308,1.0,2308.0,0.0,1.0,3,1.0,5.0,3.0,,3.6,4,1.0,5.0,2.75,,,,
ISU_ILCC,ISU_ILCC/ISU-ILCC_G10C1.pkl,94739754,ISU-ILCC_G10C1, 502030-size Li-polymer,graphite,NMC,,0.25,1.0,1.0,0,4.2,3.0,,,,,"[{""current_in_A"": null, ""end_soc"": 1.0, ""end_voltage_in_V"": null, ""power_in_W"": null, ""rate_in_C"": 2.5, ""start_soc"": 0.4596232222222223, ""start_voltage_in_V"": null, ""voltage_in_V"": null}]","[{""current_in_A"": null, ""end_soc"": 0.46661722222222224, ""end_voltage_in_V"": null, ""power_in_W"": null, ""rate_in_C"": 0.5, ""start_soc"": 1.0, ""start_voltage_in_V"": null, ""voltage_in_V"": null}]","[0.4596232222222223, 1]",2035,1.0,2035.0,0.4596232222222223,1.0,1,2.5,2.5,2.5,,,1,0.5,0.5,0.5,,,,
ISU_ILCC,ISU_ILCC/ISU-ILCC_G10C2.pkl,113105839,ISU-ILCC_G10C2, 502030-size Li-polymer,graphite,NMC,,0.25,1.0,1.0,0,4.2,3.0,,,,,"[{""current_in_A"": null, ""end_soc"": 1.0, ""end_voltage_in_V"": null, ""power_in_W"": null, ""rate_in_C"": 2.5, ""start_soc"": 0.45424066666666674, ""start_voltage_in_V"": null, ""voltage_in_V"": null}]","[{""current_in_A"": null, ""end_soc"": 0.456476, ""end_voltage_in_V"": null, ""power_in_W"": null, ""rate_in_C"": 0.5, ""start_soc"": 1.0, ""start_voltage_in_V"": null, ""voltage_in_V"": null}]","[0.45424066666666674, 1]",2358,1.0,2358.0,0.45424066666666674,1.0,1,2.5,2.5,2.5,,,1,0.5,0.5,0.5,,,,
ISU_ILCC,ISU_ILCC/ISU-ILCC_G10C3.pkl,94719377,ISU-ILCC_G10C3, 502030-size Li-polymer,graphite,NMC,,0.25,1.0,1.0,0,4.2,3.0,,,,,"[{""current_in_A"": null, ""end_soc"": 1.0, ""end_voltage_in_V"": null, ""power_in_W"": null, ""rate_in_C"": 2.5, ""start_soc"": 0.44299355555555553, ""start_voltage_in_V"": null, ""voltage_in_V"": null}]","[{""current_in_A"": null, ""end_soc"": 0.4479062222222222, ""end_voltage_in_V"": null, ""power_in_W"": null, ""rate_in_C"": 0.5, ""start_soc"": 1.0, ""start_voltage_in_V"": null, ""voltage_in_V"": null}]","[0.44299355555555553, 1]",1952,1.0,1952.0,0.44299355555555553,1.0,1,2.5,2.5,2.5,,,1,0.5,0.5,0.5,,,,
ISU_ILCC,ISU_ILCC/ISU-ILCC_G10C4.pkl,175145500,ISU-ILCC_G10C4, 502030-size Li-polymer,graphite,NMC,,0.25,1.0,1.0,0,4.2,3.0,,,,,"[{""current_in_A"": null, ""end_soc"": 1.0, ""end_voltage_in_V"": null, ""power_in_W"": null, ""rate_in_C"": 2.5, ""start_soc"": 0.473996, ""start_voltage_in_V"": null, ""voltage_in_V"": null}]","[{""current_in_A"": null, ""end_soc"": 0.4798958888888889, ""end_voltage_in_V"": null, ""power_in_W"": null, ""rate_in_C"": 0.5, ""start_soc"": 1.0, ""start_voltage_in_V"": null, ""voltage_in_V"": null}]","[0.473996, 1]",3912,1.0,3912.0,0.473996,1.0,1,2.5,2.5,2.5,,,1,0.5,0.5,0.5,,,,
ISU_ILCC,ISU_ILCC/ISU-ILCC_G12C1.pkl,107294985,ISU-ILCC_G12C1, 502030-size Li-polymer,graphite,NMC,,0.25,1.0,1.0,0,4.2,3.0,,,,,"[{""current_in_A"": null, ""end_soc"": 1.0, ""end_voltage_in_V"": null, ""power_in_W"": null, ""rate_in_C"": 3.0, ""start_soc"": 0.6590386666666667, ""start_voltage_in_V"": null, ""voltage_in_V"": null}]","[{""current_in_A"": null, ""end_soc"": 0.6630073333333333, ""end_voltage_in_V"": null, ""power_in_W"": null, ""rate_in_C"": 0.5, ""start_soc"": 1.0, ""start_voltage_in_V"": null, ""voltage_in_V"": null}]","[0.6590386666666667, 1]",3281,1.0,3281.0,0.6590386666666667,1.0,1,3.0,3.0,3.0,,,1,0.5,0.5,0.5,,,,
ISU_ILCC,ISU_ILCC/ISU-ILCC_G12C2.pkl,53034188,ISU-ILCC_G12C2, 502030-size Li-polymer,graphite,NMC,,0.25,1.0,1.0,0,4.2,3.0,,,,,"[{""current_in_A"": null, ""end_soc"": 1.0, ""end_voltage_in_V"": null, ""power_in_W"": null, ""rate_in_C"": 3.0, ""start_soc"": 0.6610036666666667, ""start_voltage_in_V"": null, ""voltage_in_V"": null}]","[{""current_in_A"": null, ""end_soc"": 0.6649069999999999, ""end_voltage_in_V"": null, ""power_in_W"": null, ""rate_in_C"": 0.5, ""start_soc"": 1.0, ""start_voltage_in_V"": null, ""voltage_in_V"": null}]","[0.6610036666666667, 1]",1518,1.0,1518.0,0.6610036666666667,1.0,1,3.0,3.0,3.0,,,1,0.5,0.5,0.5,,,,
ISU_ILCC,ISU_ILCC/ISU-ILCC_G12C3.pkl,95550037,ISU-ILCC_G12C3, 502030-size Li-polymer,graphite,NMC,,0.25,1.0,1.0,0,4.2,3.0,,,,,"[{""current_in_A"": null, ""end_soc"": 1.0, ""end_voltage_in_V"": null, ""power_in_W"": null, ""rate_in_C"": 3.0, ""start_soc"": 0.6787155555555555, ""start_voltage_in_V"": null, ""voltage_in_V"": null}]","[{""current_in_A"": null, ""end_soc"": 0.6883314444444444, ""end_voltage_in_V"": null, ""power_in_W"": null, ""rate_in_C"": 0.5, ""start_soc"": 1.0, ""start_voltage_in_V"": null, ""voltage_in_V"": null}]","[0.6787155555555555, 1]",2972,1.0,2972.0,0.6787155555555555,1.0,1,3.0,3.0,3.0,,,1,0.5,0.5,0.5,,,,
ISU_ILCC,ISU_ILCC/ISU-ILCC_G12C4.pkl,158662928,ISU-ILCC_G12C4, 502030-size Li-polymer,graphite,NMC,,0.25,1.0,1.0,0,4.2,3.0,,,,,"[{""current_in_A"": null, ""end_soc"": 1.0, ""end_voltage_in_V"": null, ""power_in_W"": null, ""rate_in_C"": 3.0, ""start_soc"": 0.6681755555555555, ""start_voltage_in_V"": null, ""voltage_in_V"": null}]","[{""current_in_A"": null, ""end_soc"": 0.6732708888888889, ""end_voltage_in_V"": null, ""power_in_W"": null, ""rate_in_C"": 0.5, ""start_soc"": 1.0, ""start_voltage_in_V"": null, ""voltage_in_V"": null}]","[0.6681755555555555, 1]",4920,1.0,4920.0,0.6681755555555555,1.0,1,3.0,3.0,3.0,,,1,0.5,0.5,0.5,,,,
ISU_ILCC,ISU_ILCC/ISU-ILCC_G13C1.pkl,89600896,ISU-ILCC_G13C1, 502030-size Li-polymer,graphite,NMC,,0.25,1.0,1.0,0,4.2,3.0,,,,,"[{""current_in_A"": null, ""end_soc"": 1.0, ""end_voltage_in_V"": null, ""power_in_W"": null, ""rate_in_C"": 3.0, ""start_soc"": 0.4647407777777778, ""start_voltage_in_V"": null, ""voltage_in_V"": null}]","[{""current_in_A"": null, ""end_soc"": 0.4767932222222222, ""end_voltage_in_V"": null, ""power_in_W"": null, ""rate_in_C"": 0.5, ""start_soc"": 1.0, ""start_voltage_in_V"": null, ""voltage_in_V"": null}]","[0.4647407777777778, 1]",1943,1.0,1943.0,0.4647407777777778,1.0,1,3.0,3.0,3.0,,,1,0.5,0.5,0.5,,,,
ISU_ILCC,ISU_ILCC/ISU-ILCC_G13C2.pkl,146939945,ISU-ILCC_G13C2, 502030-size Li-polymer,graphite,NMC,,0.25,1.0,1.0,0,4.2,3.0,,,,,"[{""current_in_A"": null, ""end_soc"": 1.0, ""end_voltage_in_V"": null, ""power_in_W"": null, ""rate_in_C"": 3.0, ""start_soc"": 0.450597, ""start_voltage_in_V"": null, ""voltage_in_V"": null}]","[{""current_in_A"": null, ""end_soc"": 0.4535056666666667, ""end_voltage_in_V"": null, ""power_in_W"": null, ""rate_in_C"": 0.5, ""start_soc"": 1.0, ""start_voltage_in_V"": null, ""voltage_in_V"": null}]","[0.450597, 1]",3107,1.0,3107.0,0.450597,1.0,1,3.0,3.0,3.0,,,1,0.5,0.5,0.5,,,,
ISU_ILCC,ISU_ILCC/ISU-ILCC_G13C3.pkl,89133988,ISU-ILCC_G13C3, 502030-size Li-polymer,graphite,NMC,,0.25,1.0,1.0,0,4.2,3.0,,,,,"[{""current_in_A"": null, ""end_soc"": 1.0, ""end_voltage_in_V"": null, ""power_in_W"": null, ""rate_in_C"": 3.0, ""start_soc"": 0.455773, ""start_voltage_in_V"": null, ""voltage_in_V"": null}]","[{""current_in_A"": null, ""end_soc"": 0.4594406666666666, ""end_voltage_in_V"": null, ""power_in_W"": null, ""rate_in_C"": 0.5, ""start_soc"": 1.0, ""start_voltage_in_V"": null, ""voltage_in_V"": null}]","[0.455773, 1]",1788,1.0,1788.0,0.455773,1.0,1,3.0,3.0,3.0,,,1,0.5,0.5,0.5,,,,
ISU_ILCC,ISU_ILCC/ISU-ILCC_G13C4.pkl,89384079,ISU-ILCC_G13C4, 502030-size Li-polymer,graphite,NMC,,0.25,1.0,1.0,0,4.2,3.0,,,,,"[{""current_in_A"": null, ""end_soc"": 1.0, ""end_voltage_in_V"": null, ""power_in_W"": null, ""rate_in_C"": 3.0, ""start_soc"": 0.45383033333333334, ""start_voltage_in_V"": null, ""voltage_in_V"": null}]","[{""current_in_A"": null, ""end_soc"": 0.46220644444444436, ""end_voltage_in_V"": null, ""power_in_W"": null, ""rate_in_C"": 0.5, ""start_soc"": 1.0, ""start_voltage_in_V"": null, ""voltage_in_V"": null}]","[0.45383033333333334, 1]",1886,1.0,1886.0,0.45383033333333334,1.0,1,3.0,3.0,3.0,,,1,0.5,0.5,0.5,,,,
ISU_ILCC,ISU_ILCC/ISU-ILCC_G14C1.pkl,28766457,ISU-ILCC_G14C1, 502030-size Li-polymer,graphite,NMC,,0.25,1.0,1.0,0,4.2,3.0,,,,,"[{""current_in_A"": null, ""end_soc"": 1.0, ""end_voltage_in_V"": null, ""power_in_W"": null, ""rate_in_C"": 3.0, ""start_soc"": 0.22056944444444448, ""start_voltage_in_V"": null, ""voltage_in_V"": null}]","[{""current_in_A"": null, ""end_soc"": 0.21790833333333326, ""end_voltage_in_V"": null, ""power_in_W"": null, ""rate_in_C"": 0.5, ""start_soc"": 1.0, ""start_voltage_in_V"": null, ""voltage_in_V"": null}]","[0.22056944444444448, 1]",420,1.0,420.0,0.22056944444444448,1.0,1,3.0,3.0,3.0,,,1,0.5,0.5,0.5,,,,
ISU_ILCC,ISU_ILCC/ISU-ILCC_G14C2.pkl,16658241,ISU-ILCC_G14C2, 502030-size Li-polymer,graphite,NMC,,0.25,1.0,1.0,0,4.2,3.0,,,,,"[{""current_in_A"": null, ""end_soc"": 1.0, ""end_voltage_in_V"": null, ""power_in_W"": null, ""rate_in_C"": 3.0, ""start_soc"": 0.228908, ""start_voltage_in_V"": null, ""voltage_in_V"": null}]","[{""current_in_A"": null, ""end_soc"": 0.24064155555555555, ""end_voltage_in_V"": null, ""power_in_W"": null, ""rate_in_C"": 0.5, ""start_soc"": 1.0, ""start_voltage_in_V"": null, ""voltage_in_V"": null}]","[0.228908, 1]",250,1.0,250.0,0.228908,1.0,1,3.0,3.0,3.0,,,1,0.5,0.5,0.5,,,,
ISU_ILCC,ISU_ILCC/ISU-ILCC_G14C3.pkl,11146722,ISU-ILCC_G14C3, 502030-size Li-polymer,graphite,NMC,,0.25,1.0,1.0,0,4.2,3.0,,,,,"[{""current_in_A"": null, ""end_soc"": 1.0, ""end_voltage_in_V"": null, ""power_in_W"": null, ""rate_in_C"": 3.0, ""start_soc"": 0.23695044444444446, ""start_voltage_in_V"": null, ""voltage_in_V"": null}]","[{""current_in_A"": null, ""end_soc"": 0.2533548888888889, ""end_voltage_in_V"": null, ""power_in_W"": null, ""rate_in_C"": 0.5, ""start_soc"": 1.0, ""start_voltage_in_V"": null, ""voltage_in_V"": null}]","[0.23695044444444446, 1]",168,1.0,168.0,0.23695044444444446,1.0,1,3.0,3.0,3.0,,,1,0.5,0.5,0.5,,,,
ISU_ILCC,ISU_ILCC/ISU-ILCC_G14C4.pkl,11130108,ISU-ILCC_G14C4, 502030-size Li-polymer,graphite,NMC,,0.25,1.0,1.0,0,4.2,3.0,,,,,"[{""current_in_A"": null, ""end_soc"": 1.0, ""end_voltage_in_V"": null, ""power_in_W"": null, ""rate_in_C"": 3.0, ""start_soc"": 0.22577366666666676, ""start_voltage_in_V"": null, ""voltage_in_V"": null}]","[{""current_in_A"": null, ""end_soc"": 0.23877522222222214, ""end_voltage_in_V"": null, ""power_in_W"": null, ""rate_in_C"": 0.5, ""start_soc"": 1.0, ""start_voltage_in_V"": null, ""voltage_in_V"": null}]","[0.22577366666666676, 1]",168,1.0,168.0,0.22577366666666676,1.0,1,3.0,3.0,3.0,,,1,0.5,0.5,0.5,,,,
ISU_ILCC,ISU_ILCC/ISU-ILCC_G16C1.pkl,92796222,ISU-ILCC_G16C1, 502030-size Li-polymer,graphite,NMC,,0.25,1.0,1.0,0,4.2,3.0,,,,,"[{""current_in_A"": null, ""end_soc"": 1.0, ""end_voltage_in_V"": null, ""power_in_W"": null, ""rate_in_C"": 0.5, ""start_soc"": 0, ""start_voltage_in_V"": null, ""voltage_in_V"": null}]","[{""current_in_A"": null, ""end_soc"": 1, ""end_voltage_in_V"": null, ""power_in_W"": null, ""rate_in_C"": 0.5, ""start_soc"": 1.0, ""start_voltage_in_V"": null, ""voltage_in_V"": null}]","[0, 1]",745,1.0,745.0,0.0,1.0,1,0.5,0.5,0.5,,,1,0.5,0.5,0.5,,,,
ISU_ILCC,ISU_ILCC/ISU-ILCC_G16C2.pkl,92115792,ISU-ILCC_G16C2, 502030-size Li-polymer,graphite,NMC,,0.25,1.0,1.0,0,4.2,3.0,,,,,"[{""current_in_A"": null, ""end_soc"": 1.0, ""end_voltage_in_V"": null, ""power_in_W"": null, ""rate_in_C"": 0.5, ""start_soc"": 0, ""start_voltage_in_V"": null, ""voltage_in_V"": null}]","[{""current_in_A"": null, ""end_soc"": 1, ""end_voltage_in_V"": null, ""power_in_W"": null, ""rate_in_C"": 0.5, ""start_soc"": 1.0, ""start_voltage_in_V"": null, ""voltage_in_V"": null}]","[0, 1]",679,1.0,679.0,0.0,1.0,1,0.5,0.5,0.5,,,1,0.5,0.5,0.5,,,,
ISU_ILCC,ISU_ILCC/ISU-ILCC_G16C3.pkl,92361198,ISU-ILCC_G16C3, 502030-size Li-polymer,graphite,NMC,,0.25,1.0,1.0,0,4.2,3.0,,,,,"[{""current_in_A"": null, ""end_soc"": 1.0, ""end_voltage_in_V"": null, ""power_in_W"": null, ""rate_in_C"": 0.5, ""start_soc"": 0, ""start_voltage_in_V"": null, ""voltage_in_V"": null}]","[{""current_in_A"": null, ""end_soc"": 1, ""end_voltage_in_V"": null, ""power_in_W"": null, ""rate_in_C"": 0.5, ""start_soc"": 1.0, ""start_voltage_in_V"": null, ""voltage_in_V"": null}]","[0, 1]",698,1.0,698.0,0.0,1.0,1,0.5,0.5,0.5,,,1,0.5,0.5,0.5,,,,
ISU_ILCC,ISU_ILCC/ISU-ILCC_G16C4.pkl,92954704,ISU-ILCC_G16C4, 502030-size Li-polymer,graphite,NMC,,0.25,1.0,1.0,0,4.2,3.0,,,,,"[{""current_in_A"": null, ""end_soc"": 1.0, ""end_voltage_in_V"": null, ""power_in_W"": null, ""rate_in_C"": 0.5, ""start_soc"": 0, ""start_voltage_in_V"": null, ""voltage_in_V"": null}]","[{""current_in_A"": null, ""end_soc"": 1, ""end_voltage_in_V"": null, ""power_in_W"": null, ""rate_in_C"": 0.5, ""start_soc"": 1.0, ""start_voltage_in_V"": null, ""voltage_in_V"": null}]","[0, 1]",723,1.0,723.0,0.0,1.0,1,0.5,0.5,0.5,,,1,0.5,0.5,0.5,,,,
ISU_ILCC,ISU_ILCC/ISU-ILCC_G17C1.pkl,102748535,ISU-ILCC_G17C1, 502030-size Li-polymer,graphite,NMC,,0.25,1.0,1.0,0,4.2,3.0,,,,,"[{""current_in_A"": null, ""end_soc"": 1.0, ""end_voltage_in_V"": null, ""power_in_W"": null, ""rate_in_C"": 1.0, ""start_soc"": 0.2511358888888888, ""start_voltage_in_V"": null, ""voltage_in_V"": null}]","[{""current_in_A"": null, ""end_soc"": 0.25202766666666665, ""end_voltage_in_V"": null, ""power_in_W"": null, ""rate_in_C"": 0.5, ""start_soc"": 1.0, ""start_voltage_in_V"": null, ""voltage_in_V"": null}]","[0.2511358888888888, 1]",1466,1.0,1466.0,0.2511358888888888,1.0,1,1.0,1.0,1.0,,,1,0.5,0.5,0.5,,,,
ISU_ILCC,ISU_ILCC/ISU-ILCC_G17C2.pkl,92363373,ISU-ILCC_G17C2, 502030-size Li-polymer,graphite,NMC,,0.25,1.0,1.0,0,4.2,3.0,,,,,"[{""current_in_A"": null, ""end_soc"": 1.0, ""end_voltage_in_V"": null, ""power_in_W"": null, ""rate_in_C"": 1.0, ""start_soc"": 0.22922855555555555, ""start_voltage_in_V"": null, ""voltage_in_V"": null}]","[{""current_in_A"": null, ""end_soc"": 0.23448599999999997, ""end_voltage_in_V"": null, ""power_in_W"": null, ""rate_in_C"": 0.5, ""start_soc"": 1.0, ""start_voltage_in_V"": null, ""voltage_in_V"": null}]","[0.22922855555555555, 1]",1237,1.0,1237.0,0.22922855555555555,1.0,1,1.0,1.0,1.0,,,1,0.5,0.5,0.5,,,,
ISU_ILCC,ISU_ILCC/ISU-ILCC_G17C3.pkl,101988367,ISU-ILCC_G17C3, 502030-size Li-polymer,graphite,NMC,,0.25,1.0,1.0,0,4.2,3.0,,,,,"[{""current_in_A"": null, ""end_soc"": 1.0, ""end_voltage_in_V"": null, ""power_in_W"": null, ""rate_in_C"": 1.0, ""start_soc"": 0.20938400000000001, ""start_voltage_in_V"": null, ""voltage_in_V"": null}]","[{""current_in_A"": null, ""end_soc"": 0.21455111111111114, ""end_voltage_in_V"": null, ""power_in_W"": null, ""rate_in_C"": 0.5, ""start_soc"": 1.0, ""start_voltage_in_V"": null, ""voltage_in_V"": null}]","[0.20938400000000001, 1]",1304,1.0,1304.0,0.20938400000000001,1.0,1,1.0,1.0,1.0,,,1,0.5,0.5,0.5,,,,
ISU_ILCC,ISU_ILCC/ISU-ILCC_G17C4.pkl,81519789,ISU-ILCC_G17C4, 502030-size Li-polymer,graphite,NMC,,0.25,1.0,1.0,0,4.2,3.0,,,,,"[{""current_in_A"": null, ""end_soc"": 1.0, ""end_voltage_in_V"": null, ""power_in_W"": null, ""rate_in_C"": 1.0, ""start_soc"": 0.22447944444444445, ""start_voltage_in_V"": null, ""voltage_in_V"": null}]","[{""current_in_A"": null, ""end_soc"": 0.2205069999999999, ""end_voltage_in_V"": null, ""power_in_W"": null, ""rate_in_C"": 0.5, ""start_soc"": 1.0, ""start_voltage_in_V"": null, ""voltage_in_V"": null}]","[0.22447944444444445, 1]",1069,1.0,1069.0,0.22447944444444445,1.0,1,1.0,1.0,1.0,,,1,0.5,0.5,0.5,,,,
ISU_ILCC,ISU_ILCC/ISU-ILCC_G18C1.pkl,410726038,ISU-ILCC_G18C1, 502030-size Li-polymer,graphite,NMC,,0.25,1.0,1.0,0,4.2,3.0,,,,,"[{""current_in_A"": null, ""end_soc"": 1.0, ""end_voltage_in_V"": null, ""power_in_W"": null, ""rate_in_C"": 2.5, ""start_soc"": 0.6960565555555556, ""start_voltage_in_V"": null, ""voltage_in_V"": null}]","[{""current_in_A"": null, ""end_soc"": 0.6965777777777777, ""end_voltage_in_V"": null, ""power_in_W"": null, ""rate_in_C"": 0.5, ""start_soc"": 1.0, ""start_voltage_in_V"": null, ""voltage_in_V"": null}]","[0.6960565555555556, 1]",14274,1.0,14274.0,0.6960565555555556,1.0,1,2.5,2.5,2.5,,,1,0.5,0.5,0.5,,,,
ISU_ILCC,ISU_ILCC/ISU-ILCC_G18C2.pkl,129887867,ISU-ILCC_G18C2, 502030-size Li-polymer,graphite,NMC,,0.25,1.0,1.0,0,4.2,3.0,,,,,"[{""current_in_A"": null, ""end_soc"": 1.0, ""end_voltage_in_V"": null, ""power_in_W"": null, ""rate_in_C"": 2.5, ""start_soc"": 0.6799405555555555, ""start_voltage_in_V"": null, ""voltage_in_V"": null}]","[{""current_in_A"": null, ""end_soc"": 0.682355, ""end_voltage_in_V"": null, ""power_in_W"": null, ""rate_in_C"": 0.5, ""start_soc"": 1.0, ""start_voltage_in_V"": null, ""voltage_in_V"": null}]","[0.6799405555555555, 1]",4062,1.0,4062.0,0.6799405555555555,1.0,1,2.5,2.5,2.5,,,1,0.5,0.5,0.5,,,,
ISU_ILCC,ISU_ILCC/ISU-ILCC_G18C3.pkl,129316961,ISU-ILCC_G18C3, 502030-size Li-polymer,graphite,NMC,,0.25,1.0,1.0,0,4.2,3.0,,,,,"[{""current_in_A"": null, ""end_soc"": 1.0, ""end_voltage_in_V"": null, ""power_in_W"": null, ""rate_in_C"": 2.5, ""start_soc"": 0.687019111111111, ""start_voltage_in_V"": null, ""voltage_in_V"": null}]","[{""current_in_A"": null, ""end_soc"": 0.6936962222222223, ""end_voltage_in_V"": null, ""power_in_W"": null, ""rate_in_C"": 0.5, ""start_soc"": 1.0, ""start_voltage_in_V"": null, ""voltage_in_V"": null}]","[0.687019111111111, 1]",4050,1.0,4050.0,0.687019111111111,1.0,1,2.5,2.5,2.5,,,1,0.5,0.5,0.5,,,,
ISU_ILCC,ISU_ILCC/ISU-ILCC_G18C4.pkl,118500264,ISU-ILCC_G18C4, 502030-size Li-polymer,graphite,NMC,,0.25,1.0,1.0,0,4.2,3.0,,,,,"[{""current_in_A"": null, ""end_soc"": 1.0, ""end_voltage_in_V"": null, ""power_in_W"": null, ""rate_in_C"": 2.5, ""start_soc"": 0.6764044444444444, ""start_voltage_in_V"": null, ""voltage_in_V"": null}]","[{""current_in_A"": null, ""end_soc"": 0.6813568888888889, ""end_voltage_in_V"": null, ""power_in_W"": null, ""rate_in_C"": 0.5, ""start_soc"": 1.0, ""start_voltage_in_V"": null, ""voltage_in_V"": null}]","[0.6764044444444444, 1]",3632,1.0,3632.0,0.6764044444444444,1.0,1,2.5,2.5,2.5,,,1,0.5,0.5,0.5,,,,
ISU_ILCC,ISU_ILCC/ISU-ILCC_G19C1.pkl,65478419,ISU-ILCC_G19C1, 502030-size Li-polymer,graphite,NMC,,0.25,1.0,1.0,0,4.2,3.0,,,,,"[{""current_in_A"": null, ""end_soc"": 1.0, ""end_voltage_in_V"": null, ""power_in_W"": null, ""rate_in_C"": 2.5, ""start_soc"": 0.24231755555555556, ""start_voltage_in_V"": null, ""voltage_in_V"": null}]","[{""current_in_A"": null, ""end_soc"": 0.2594817777777778, ""end_voltage_in_V"": null, ""power_in_W"": null, ""rate_in_C"": 0.5, ""start_soc"": 1.0, ""start_voltage_in_V"": null, ""voltage_in_V"": null}]","[0.24231755555555556, 1]",1002,1.0,1002.0,0.24231755555555556,1.0,1,2.5,2.5,2.5,,,1,0.5,0.5,0.5,,,,
ISU_ILCC,ISU_ILCC/ISU-ILCC_G19C2.pkl,54004447,ISU-ILCC_G19C2, 502030-size Li-polymer,graphite,NMC,,0.25,1.0,1.0,0,4.2,3.0,,,,,"[{""current_in_A"": null, ""end_soc"": 1.0, ""end_voltage_in_V"": null, ""power_in_W"": null, ""rate_in_C"": 2.5, ""start_soc"": 0.24225444444444444, ""start_voltage_in_V"": null, ""voltage_in_V"": null}]","[{""current_in_A"": null, ""end_soc"": 0.25649199999999994, ""end_voltage_in_V"": null, ""power_in_W"": null, ""rate_in_C"": 0.5, ""start_soc"": 1.0, ""start_voltage_in_V"": null, ""voltage_in_V"": null}]","[0.24225444444444444, 1]",844,1.0,844.0,0.24225444444444444,1.0,1,2.5,2.5,2.5,,,1,0.5,0.5,0.5,,,,
ISU_ILCC,ISU_ILCC/ISU-ILCC_G19C3.pkl,72397968,ISU-ILCC_G19C3, 502030-size Li-polymer,graphite,NMC,,0.25,1.0,1.0,0,4.2,3.0,,,,,"[{""current_in_A"": null, ""end_soc"": 1.0, ""end_voltage_in_V"": null, ""power_in_W"": null, ""rate_in_C"": 2.5, ""start_soc"": 0.23679255555555556, ""start_voltage_in_V"": null, ""voltage_in_V"": null}]","[{""current_in_A"": null, ""end_soc"": 0.25424066666666667, ""end_voltage_in_V"": null, ""power_in_W"": null, ""rate_in_C"": 0.5, ""start_soc"": 1.0, ""start_voltage_in_V"": null, ""voltage_in_V"": null}]","[0.23679255555555556, 1]",1126,1.0,1126.0,0.23679255555555556,1.0,1,2.5,2.5,2.5,,,1,0.5,0.5,0.5,,,,
ISU_ILCC,ISU_ILCC/ISU-ILCC_G19C4.pkl,29108706,ISU-ILCC_G19C4, 502030-size Li-polymer,graphite,NMC,,0.25,1.0,1.0,0,4.2,3.0,,,,,"[{""current_in_A"": null, ""end_soc"": 1.0, ""end_voltage_in_V"": null, ""power_in_W"": null, ""rate_in_C"": 2.5, ""start_soc"": 0.21938766666666665, ""start_voltage_in_V"": null, ""voltage_in_V"": null}]","[{""current_in_A"": null, ""end_soc"": 0.22505355555555562, ""end_voltage_in_V"": null, ""power_in_W"": null, ""rate_in_C"": 0.5, ""start_soc"": 1.0, ""start_voltage_in_V"": null, ""voltage_in_V"": null}]","[0.21938766666666665, 1]",417,1.0,417.0,0.21938766666666665,1.0,1,2.5,2.5,2.5,,,1,0.5,0.5,0.5,,,,
ISU_ILCC,ISU_ILCC/ISU-ILCC_G1C1.pkl,291777943,ISU-ILCC_G1C1, 502030-size Li-polymer,graphite,NMC,,0.25,1.0,1.0,0,4.2,3.0,,,,,"[{""current_in_A"": null, ""end_soc"": 1.0, ""end_voltage_in_V"": null, ""power_in_W"": null, ""rate_in_C"": 0.5, ""start_soc"": 0.7203303333333333, ""start_voltage_in_V"": null, ""voltage_in_V"": null}]","[{""current_in_A"": null, ""end_soc"": 0.7212394444444444, ""end_voltage_in_V"": null, ""power_in_W"": null, ""rate_in_C"": 0.5, ""start_soc"": 1.0, ""start_voltage_in_V"": null, ""voltage_in_V"": null}]","[0.7203303333333333, 1]",10553,1.0,10553.0,0.7203303333333333,1.0,1,0.5,0.5,0.5,,,1,0.5,0.5,0.5,,,,
ISU_ILCC,ISU_ILCC/ISU-ILCC_G1C2.pkl,345299319,ISU-ILCC_G1C2, 502030-size Li-polymer,graphite,NMC,,0.25,1.0,1.0,0,4.2,3.0,,,,,"[{""current_in_A"": null, ""end_soc"": 1.0, ""end_voltage_in_V"": null, ""power_in_W"": null, ""rate_in_C"": 0.5, ""start_soc"": 0.7055425555555556, ""start_voltage_in_V"": null, ""voltage_in_V"": null}]","[{""current_in_A"": null, ""end_soc"": 0.7040414444444445, ""end_voltage_in_V"": null, ""power_in_W"": null, ""rate_in_C"": 0.5, ""start_soc"": 1.0, ""start_voltage_in_V"": null, ""voltage_in_V"": null}]","[0.7055425555555556, 1]",11400,1.0,11400.0,0.7055425555555556,1.0,1,0.5,0.5,0.5,,,1,0.5,0.5,0.5,,,,
ISU_ILCC,ISU_ILCC/ISU-ILCC_G1C3.pkl,377851232,ISU-ILCC_G1C3, 502030-size Li-polymer,graphite,NMC,,0.25,1.0,1.0,0,4.2,3.0,,,,,"[{""current_in_A"": null, ""end_soc"": 1.0, ""end_voltage_in_V"": null, ""power_in_W"": null, ""rate_in_C"": 0.5, ""start_soc"": 0.705111111111111, ""start_voltage_in_V"": null, ""voltage_in_V"": null}]","[{""current_in_A"": null, ""end_soc"": 0.7110783333333333, ""end_voltage_in_V"": null, ""power_in_W"": null, ""rate_in_C"": 0.5, ""start_soc"": 1.0, ""start_voltage_in_V"": null, ""voltage_in_V"": null}]","[0.705111111111111, 1]",11482,1.0,11482.0,0.705111111111111,1.0,1,0.5,0.5,0.5,,,1,0.5,0.5,0.5,,,,
ISU_ILCC,ISU_ILCC/ISU-ILCC_G1C4.pkl,171677533,ISU-ILCC_G1C4, 502030-size Li-polymer,graphite,NMC,,0.25,1.0,1.0,0,4.2,3.0,,,,,"[{""current_in_A"": null, ""end_soc"": 1.0, ""end_voltage_in_V"": null, ""power_in_W"": null, ""rate_in_C"": 0.5, ""start_soc"": 0.6904467777777777, ""start_voltage_in_V"": null, ""voltage_in_V"": null}]","[{""current_in_A"": null, ""end_soc"": 0.6971656666666666, ""end_voltage_in_V"": null, ""power_in_W"": null, ""rate_in_C"": 0.5, ""start_soc"": 1.0, ""start_voltage_in_V"": null, ""voltage_in_V"": null}]","[0.6904467777777777, 1]",4596,1.0,4596.0,0.6904467777777777,1.0,1,0.5,0.5,0.5,,,1,0.5,0.5,0.5,,,,
ISU_ILCC,ISU_ILCC/ISU-ILCC_G20C1.pkl,44927527,ISU-ILCC_G20C1, 502030-size Li-polymer,graphite,NMC,,0.25,1.0,1.0,0,4.2,3.0,,,,,"[{""current_in_A"": null, ""end_soc"": 1.0, ""end_voltage_in_V"": null, ""power_in_W"": null, ""rate_in_C"": 0.8, ""start_soc"": 0, ""start_voltage_in_V"": null, ""voltage_in_V"": null}]","[{""current_in_A"": null, ""end_soc"": 1, ""end_voltage_in_V"": null, ""power_in_W"": null, ""rate_in_C"": 0.5, ""start_soc"": 1.0, ""start_voltage_in_V"": null, ""voltage_in_V"": null}]","[0, 1]",377,1.0,377.0,0.0,1.0,1,0.8,0.8,0.8,,,1,0.5,0.5,0.5,,,,
ISU_ILCC,ISU_ILCC/ISU-ILCC_G20C2.pkl,50498052,ISU-ILCC_G20C2, 502030-size Li-polymer,graphite,NMC,,0.25,1.0,1.0,0,4.2,3.0,,,,,"[{""current_in_A"": null, ""end_soc"": 1.0, ""end_voltage_in_V"": null, ""power_in_W"": null, ""rate_in_C"": 0.8, ""start_soc"": 0, ""start_voltage_in_V"": null, ""voltage_in_V"": null}]","[{""current_in_A"": null, ""end_soc"": 1, ""end_voltage_in_V"": null, ""power_in_W"": null, ""rate_in_C"": 0.5, ""start_soc"": 1.0, ""start_voltage_in_V"": null, ""voltage_in_V"": null}]","[0, 1]",418,1.0,418.0,0.0,1.0,1,0.8,0.8,0.8,,,1,0.5,0.5,0.5,,,,
ISU_ILCC,ISU_ILCC/ISU-ILCC_G20C3.pkl,84760639,ISU-ILCC_G20C3, 502030-size Li-polymer,graphite,NMC,,0.25,1.0,1.0,0,4.2,3.0,,,,,"[{""current_in_A"": null, ""end_soc"": 1.0, ""end_voltage_in_V"": null, ""power_in_W"": null, ""rate_in_C"": 0.8, ""start_soc"": 0, ""start_voltage_in_V"": null, ""voltage_in_V"": null}]","[{""current_in_A"": null, ""end_soc"": 1, ""end_voltage_in_V"": null, ""power_in_W"": null, ""rate_in_C"": 0.5, ""start_soc"": 1.0, ""start_voltage_in_V"": null, ""voltage_in_V"": null}]","[0, 1]",763,1.0,763.0,0.0,1.0,1,0.8,0.8,0.8,,,1,0.5,0.5,0.5,,,,
ISU_ILCC,ISU_ILCC/ISU-ILCC_G20C4.pkl,83909967,ISU-ILCC_G20C4, 502030-size Li-polymer,graphite,NMC,,0.25,1.0,1.0,0,4.2,3.0,,,,,"[{""current_in_A"": null, ""end_soc"": 1.0, ""end_voltage_in_V"": null, ""power_in_W"": null, ""rate_in_C"": 0.8, ""start_soc"": 0, ""start_voltage_in_V"": null, ""voltage_in_V"": null}]","[{""current_in_A"": null, ""end_soc"": 1, ""end_voltage_in_V"": null, ""power_in_W"": null, ""rate_in_C"": 0.5, ""start_soc"": 1.0, ""start_voltage_in_V"": null, ""voltage_in_V"": null}]","[0, 1]",715,1.0,715.0,0.0,1.0,1,0.8,0.8,0.8,,,1,0.5,0.5,0.5,,,,
ISU_ILCC,ISU_ILCC/ISU-ILCC_G21C1.pkl,62447130,ISU-ILCC_G21C1, 502030-size Li-polymer,graphite,NMC,,0.25,1.0,1.0,0,4.2,3.0,,,,,"[{""current_in_A"": null, ""end_soc"": 1.0, ""end_voltage_in_V"": null, ""power_in_W"": null, ""rate_in_C"": 1.2, ""start_soc"": 0, ""start_voltage_in_V"": null, ""voltage_in_V"": null}]","[{""current_in_A"": null, ""end_soc"": 1, ""end_voltage_in_V"": null, ""power_in_W"": null, ""rate_in_C"": 0.5, ""start_soc"": 1.0, ""start_voltage_in_V"": null, ""voltage_in_V"": null}]","[0, 1]",586,1.0,586.0,0.0,1.0,1,1.2,1.2,1.2,,,1,0.5,0.5,0.5,,,,
ISU_ILCC,ISU_ILCC/ISU-ILCC_G21C2.pkl,96139816,ISU-ILCC_G21C2, 502030-size Li-polymer,graphite,NMC,,0.25,1.0,1.0,0,4.2,3.0,,,,,"[{""current_in_A"": null, ""end_soc"": 1.0, ""end_voltage_in_V"": null, ""power_in_W"": null, ""rate_in_C"": 1.2, ""start_soc"": 0, ""start_voltage_in_V"": null, ""voltage_in_V"": null}]","[{""current_in_A"": null, ""end_soc"": 1, ""end_voltage_in_V"": null, ""power_in_W"": null, ""rate_in_C"": 0.5, ""start_soc"": 1.0, ""start_voltage_in_V"": null, ""voltage_in_V"": null}]","[0, 1]",926,1.0,926.0,0.0,1.0,1,1.2,1.2,1.2,,,1,0.5,0.5,0.5,,,,
ISU_ILCC,ISU_ILCC/ISU-ILCC_G21C3.pkl,73518556,ISU-ILCC_G21C3, 502030-size Li-polymer,graphite,NMC,,0.25,1.0,1.0,0,4.2,3.0,,,,,"[{""current_in_A"": null, ""end_soc"": 1.0, ""end_voltage_in_V"": null, ""power_in_W"": null, ""rate_in_C"": 1.2, ""start_soc"": 0, ""start_voltage_in_V"": null, ""voltage_in_V"": null}]","[{""current_in_A"": null, ""end_soc"": 1, ""end_voltage_in_V"": null, ""power_in_W"": null, ""rate_in_C"": 0.5, ""start_soc"": 1.0, ""start_voltage_in_V"": null, ""voltage_in_V"": null}]","[0, 1]",737,1.0,737.0,0.0,1.0,1,1.2,1.2,1.2,,,1,0.5,0.5,0.5,,,,
ISU_ILCC,ISU_ILCC/ISU-ILCC_G21C4.pkl,67982985,ISU-ILCC_G21C4, 502030-size Li-polymer,graphite,NMC,,0.25,1.0,1.0,0,4.2,3.0,,,,,"[{""current_in_A"": null, ""end_soc"": 1.0, ""end_voltage_in_V"": null, ""power_in_W"": null, ""rate_in_C"": 1.2, ""start_soc"": 0, ""start_voltage_in_V"": null, ""voltage_in_V"": null}]","[{""current_in_A"": null, ""end_soc"": 1, ""end_voltage_in_V"": null, ""power_in_W"": null, ""rate_in_C"": 0.5, ""start_soc"": 1.0, ""start_voltage_in_V"": null, ""voltage_in_V"": null}]","[0, 1]",659,1.0,659.0,0.0,1.0,1,1.2,1.2,1.2,,,1,0.5,0.5,0.5,,,,
ISU_ILCC,ISU_ILCC/ISU-ILCC_G22C1.pkl,62061511,ISU-ILCC_G22C1, 502030-size Li-polymer,graphite,NMC,,0.25,1.0,1.0,0,4.2,3.0,,,,,"[{""current_in_A"": null, ""end_soc"": 1.0, ""end_voltage_in_V"": null, ""power_in_W"": null, ""rate_in_C"": 1.4, ""start_soc"": 0, ""start_voltage_in_V"": null, ""voltage_in_V"": null}]","[{""current_in_A"": null, ""end_soc"": 1, ""end_voltage_in_V"": null, ""power_in_W"": null, ""rate_in_C"": 0.5, ""start_soc"": 1.0, ""start_voltage_in_V"": null, ""voltage_in_V"": null}]","[0, 1]",586,1.0,586.0,0.0,1.0,1,1.4,1.4,1.4,,,1,0.5,0.5,0.5,,,,
ISU_ILCC,ISU_ILCC/ISU-ILCC_G22C2.pkl,50465613,ISU-ILCC_G22C2, 502030-size Li-polymer,graphite,NMC,,0.25,1.0,1.0,0,4.2,3.0,,,,,"[{""current_in_A"": null, ""end_soc"": 1.0, ""end_voltage_in_V"": null, ""power_in_W"": null, ""rate_in_C"": 1.4, ""start_soc"": 0, ""start_voltage_in_V"": null, ""voltage_in_V"": null}]","[{""current_in_A"": null, ""end_soc"": 1, ""end_voltage_in_V"": null, ""power_in_W"": null, ""rate_in_C"": 0.5, ""start_soc"": 1.0, ""start_voltage_in_V"": null, ""voltage_in_V"": null}]","[0, 1]",514,1.0,514.0,0.0,1.0,1,1.4,1.4,1.4,,,1,0.5,0.5,0.5,,,,
ISU_ILCC,ISU_ILCC/ISU-ILCC_G22C3.pkl,67966151,ISU-ILCC_G22C3, 502030-size Li-polymer,graphite,NMC,,0.25,1.0,1.0,0,4.2,3.0,,,,,"[{""current_in_A"": null, ""end_soc"": 1.0, ""end_voltage_in_V"": null, ""power_in_W"": null, ""rate_in_C"": 1.4, ""start_soc"": 0, ""start_voltage_in_V"": null, ""voltage_in_V"": null}]","[{""current_in_A"": null, ""end_soc"": 1, ""end_voltage_in_V"": null, ""power_in_W"": null, ""rate_in_C"": 0.5, ""start_soc"": 1.0, ""start_voltage_in_V"": null, ""voltage_in_V"": null}]","[0, 1]",650,1.0,650.0,0.0,1.0,1,1.4,1.4,1.4,,,1,0.5,0.5,0.5,,,,
ISU_ILCC,ISU_ILCC/ISU-ILCC_G22C4.pkl,56375152,ISU-ILCC_G22C4, 502030-size Li-polymer,graphite,NMC,,0.25,1.0,1.0,0,4.2,3.0,,,,,"[{""current_in_A"": null, ""end_soc"": 1.0, ""end_voltage_in_V"": null, ""power_in_W"": null, ""rate_in_C"": 1.4, ""start_soc"": 0, ""start_voltage_in_V"": null, ""voltage_in_V"": null}]","[{""current_in_A"": null, ""end_soc"": 1, ""end_voltage_in_V"": null, ""power_in_W"": null, ""rate_in_C"": 0.5, ""start_soc"": 1.0, ""start_voltage_in_V"": null, ""voltage_in_V"": null}]","[0, 1]",523,1.0,523.0,0.0,1.0,1,1.4,1.4,1.4,,,1,0.5,0.5,0.5,,,,
ISU_ILCC,ISU_ILCC/ISU-ILCC_G23C1.pkl,68671980,ISU-ILCC_G23C1, 502030-size Li-polymer,graphite,NMC,,0.25,1.0,1.0,0,4.2,3.0,,,,,"[{""current_in_A"": null, ""end_soc"": 1.0, ""end_voltage_in_V"": null, ""power_in_W"": null, ""rate_in_C"": 1.6, ""start_soc"": 0, ""start_voltage_in_V"": null, ""voltage_in_V"": null}]","[{""current_in_A"": null, ""end_soc"": 1, ""end_voltage_in_V"": null, ""power_in_W"": null, ""rate_in_C"": 0.5, ""start_soc"": 1.0, ""start_voltage_in_V"": null, ""voltage_in_V"": null}]","[0, 1]",679,1.0,679.0,0.0,1.0,1,1.6,1.6,1.6,,,1,0.5,0.5,0.5,,,,
ISU_ILCC,ISU_ILCC/ISU-ILCC_G23C2.pkl,74317114,ISU-ILCC_G23C2, 502030-size Li-polymer,graphite,NMC,,0.25,1.0,1.0,0,4.2,3.0,,,,,"[{""current_in_A"": null, ""end_soc"": 1.0, ""end_voltage_in_V"": null, ""power_in_W"": null, ""rate_in_C"": 1.6, ""start_soc"": 0, ""start_voltage_in_V"": null, ""voltage_in_V"": null}]","[{""current_in_A"": null, ""end_soc"": 1, ""end_voltage_in_V"": null, ""power_in_W"": null, ""rate_in_C"": 0.5, ""start_soc"": 1.0, ""start_voltage_in_V"": null, ""voltage_in_V"": null}]","[0, 1]",741,1.0,741.0,0.0,1.0,1,1.6,1.6,1.6,,,1,0.5,0.5,0.5,,,,
ISU_ILCC,ISU_ILCC/ISU-ILCC_G23C3.pkl,62936217,ISU-ILCC_G23C3, 502030-size Li-polymer,graphite,NMC,,0.25,1.0,1.0,0,4.2,3.0,,,,,"[{""current_in_A"": null, ""end_soc"": 1.0, ""end_voltage_in_V"": null, ""power_in_W"": null, ""rate_in_C"": 1.6, ""start_soc"": 0, ""start_voltage_in_V"": null, ""voltage_in_V"": null}]","[{""current_in_A"": null, ""end_soc"": 1, ""end_voltage_in_V"": null, ""power_in_W"": null, ""rate_in_C"": 0.5, ""start_soc"": 1.0, ""start_voltage_in_V"": null, ""voltage_in_V"": null}]","[0, 1]",629,1.0,629.0,0.0,1.0,1,1.6,1.6,1.6,,,1,0.5,0.5,0.5,,,,
ISU_ILCC,ISU_ILCC/ISU-ILCC_G23C4.pkl,73858571,ISU-ILCC_G23C4, 502030-size Li-polymer,graphite,NMC,,0.25,1.0,1.0,0,4.2,3.0,,,,,"[{""current_in_A"": null, ""end_soc"": 1.0, ""end_voltage_in_V"": null, ""power_in_W"": null, ""rate_in_C"": 1.6, ""start_soc"": 0, ""start_voltage_in_V"": null, ""voltage_in_V"": null}]","[{""current_in_A"": null, ""end_soc"": 1, ""end_voltage_in_V"": null, ""power_in_W"": null, ""rate_in_C"": 0.5, ""start_soc"": 1.0, ""start_voltage_in_V"": null, ""voltage_in_V"": null}]","[0, 1]",732,1.0,732.0,0.0,1.0,1,1.6,1.6,1.6,,,1,0.5,0.5,0.5,,,,
ISU_ILCC,ISU_ILCC/ISU-ILCC_G24C1.pkl,62945557,ISU-ILCC_G24C1, 502030-size Li-polymer,graphite,NMC,,0.25,1.0,1.0,0,4.2,3.0,,,,,"[{""current_in_A"": null, ""end_soc"": 1.0, ""end_voltage_in_V"": null, ""power_in_W"": null, ""rate_in_C"": 1.8, ""start_soc"": 0, ""start_voltage_in_V"": null, ""voltage_in_V"": null}]","[{""current_in_A"": null, ""end_soc"": 1, ""end_voltage_in_V"": null, ""power_in_W"": null, ""rate_in_C"": 0.5, ""start_soc"": 1.0, ""start_voltage_in_V"": null, ""voltage_in_V"": null}]","[0, 1]",631,1.0,631.0,0.0,1.0,1,1.8,1.8,1.8,,,1,0.5,0.5,0.5,,,,
ISU_ILCC,ISU_ILCC/ISU-ILCC_G24C2.pkl,74300769,ISU-ILCC_G24C2, 502030-size Li-polymer,graphite,NMC,,0.25,1.0,1.0,0,4.2,3.0,,,,,"[{""current_in_A"": null, ""end_soc"": 1.0, ""end_voltage_in_V"": null, ""power_in_W"": null, ""rate_in_C"": 1.8, ""start_soc"": 0, ""start_voltage_in_V"": null, ""voltage_in_V"": null}]","[{""current_in_A"": null, ""end_soc"": 1, ""end_voltage_in_V"": null, ""power_in_W"": null, ""rate_in_C"": 0.5, ""start_soc"": 1.0, ""start_voltage_in_V"": null, ""voltage_in_V"": null}]","[0, 1]",756,1.0,756.0,0.0,1.0,1,1.8,1.8,1.8,,,1,0.5,0.5,0.5,,,,
ISU_ILCC,ISU_ILCC/ISU-ILCC_G24C3.pkl,56940154,ISU-ILCC_G24C3, 502030-size Li-polymer,graphite,NMC,,0.25,1.0,1.0,0,4.2,3.0,,,,,"[{""current_in_A"": null, ""end_soc"": 1.0, ""end_voltage_in_V"": null, ""power_in_W"": null, ""rate_in_C"": 1.8, ""start_soc"": 0, ""start_voltage_in_V"": null, ""voltage_in_V"": null}]","[{""current_in_A"": null, ""end_soc"": 1, ""end_voltage_in_V"": null, ""power_in_W"": null, ""rate_in_C"": 0.5, ""start_soc"": 1.0, ""start_voltage_in_V"": null, ""voltage_in_V"": null}]","[0, 1]",552,1.0,552.0,0.0,1.0,1,1.8,1.8,1.8,,,1,0.5,0.5,0.5,,,,
ISU_ILCC,ISU_ILCC/ISU-ILCC_G24C4.pkl,63099855,ISU-ILCC_G24C4, 502030-size Li-polymer,graphite,NMC,,0.25,1.0,1.0,0,4.2,3.0,,,,,"[{""current_in_A"": null, ""end_soc"": 1.0, ""end_voltage_in_V"": null, ""power_in_W"": null, ""rate_in_C"": 1.8, ""start_soc"": 0, ""start_voltage_in_V"": null, ""voltage_in_V"": null}]","[{""current_in_A"": null, ""end_soc"": 1, ""end_voltage_in_V"": null, ""power_in_W"": null, ""rate_in_C"": 0.5, ""start_soc"": 1.0, ""start_voltage_in_V"": null, ""voltage_in_V"": null}]","[0, 1]",634,1.0,634.0,0.0,1.0,1,1.8,1.8,1.8,,,1,0.5,0.5,0.5,,,,
ISU_ILCC,ISU_ILCC/ISU-ILCC_G25C1.pkl,73705888,ISU-ILCC_G25C1, 502030-size Li-polymer,graphite,NMC,,0.25,1.0,1.0,0,4.2,3.0,,,,,"[{""current_in_A"": null, ""end_soc"": 1.0, ""end_voltage_in_V"": null, ""power_in_W"": null, ""rate_in_C"": 1.8, ""start_soc"": 0.40066737777777595, ""start_voltage_in_V"": null, ""voltage_in_V"": null}]","[{""current_in_A"": null, ""end_soc"": 0.39865333333333197, ""end_voltage_in_V"": null, ""power_in_W"": null, ""rate_in_C"": 0.6, ""start_soc"": 1.0, ""start_voltage_in_V"": null, ""voltage_in_V"": null}]","[0.40066737777777595, 1]",1523,1.0,1523.0,0.40066737777777595,1.0,1,1.8,1.8,1.8,,,1,0.6,0.6,0.6,,,,
ISU_ILCC,ISU_ILCC/ISU-ILCC_G25C2.pkl,78825255,ISU-ILCC_G25C2, 502030-size Li-polymer,graphite,NMC,,0.25,1.0,1.0,0,4.2,3.0,,,,,"[{""current_in_A"": null, ""end_soc"": 1.0, ""end_voltage_in_V"": null, ""power_in_W"": null, ""rate_in_C"": 1.8, ""start_soc"": 0.42790641777777605, ""start_voltage_in_V"": null, ""voltage_in_V"": null}]","[{""current_in_A"": null, ""end_soc"": 0.428357866666668, ""end_voltage_in_V"": null, ""power_in_W"": null, ""rate_in_C"": 0.6, ""start_soc"": 1.0, ""start_voltage_in_V"": null, ""voltage_in_V"": null}]","[0.42790641777777605, 1]",1589,1.0,1589.0,0.42790641777777605,1.0,1,1.8,1.8,1.8,,,1,0.6,0.6,0.6,,,,
ISU_ILCC,ISU_ILCC/ISU-ILCC_G25C3.pkl,126142722,ISU-ILCC_G25C3, 502030-size Li-polymer,graphite,NMC,,0.25,1.0,1.0,0,4.2,3.0,,,,,"[{""current_in_A"": null, ""end_soc"": 1.0, ""end_voltage_in_V"": null, ""power_in_W"": null, ""rate_in_C"": 1.8, ""start_soc"": 0.40563925333333195, ""start_voltage_in_V"": null, ""voltage_in_V"": null}]","[{""current_in_A"": null, ""end_soc"": 0.405274666666668, ""end_voltage_in_V"": null, ""power_in_W"": null, ""rate_in_C"": 0.6, ""start_soc"": 1.0, ""start_voltage_in_V"": null, ""voltage_in_V"": null}]","[0.40563925333333195, 1]",3037,1.0,3037.0,0.40563925333333195,1.0,1,1.8,1.8,1.8,,,1,0.6,0.6,0.6,,,,
ISU_ILCC,ISU_ILCC/ISU-ILCC_G27C1.pkl,150941019,ISU-ILCC_G27C1, 502030-size Li-polymer,graphite,NMC,,0.25,1.0,1.0,0,4.2,3.0,,,,,"[{""current_in_A"": null, ""end_soc"": 1.0, ""end_voltage_in_V"": null, ""power_in_W"": null, ""rate_in_C"": 0.6, ""start_soc"": 0.39388565333333203, ""start_voltage_in_V"": null, ""voltage_in_V"": null}]","[{""current_in_A"": null, ""end_soc"": 0.37935568888888804, ""end_voltage_in_V"": null, ""power_in_W"": null, ""rate_in_C"": 2.4, ""start_soc"": 1.0, ""start_voltage_in_V"": null, ""voltage_in_V"": null}]","[0.39388565333333203, 1]",8903,1.0,8903.0,0.39388565333333203,1.0,1,0.6,0.6,0.6,,,1,2.4,2.4,2.4,,,,
ISU_ILCC,ISU_ILCC/ISU-ILCC_G27C2.pkl,170411451,ISU-ILCC_G27C2, 502030-size Li-polymer,graphite,NMC,,0.25,1.0,1.0,0,4.2,3.0,,,,,"[{""current_in_A"": null, ""end_soc"": 1.0, ""end_voltage_in_V"": null, ""power_in_W"": null, ""rate_in_C"": 0.6, ""start_soc"": 0.31465407999999995, ""start_voltage_in_V"": null, ""voltage_in_V"": null}]","[{""current_in_A"": null, ""end_soc"": 0.299027688888888, ""end_voltage_in_V"": null, ""power_in_W"": null, ""rate_in_C"": 2.4, ""start_soc"": 1.0, ""start_voltage_in_V"": null, ""voltage_in_V"": null}]","[0.31465407999999995, 1]",10367,1.0,10367.0,0.31465407999999995,1.0,1,0.6,0.6,0.6,,,1,2.4,2.4,2.4,,,,
ISU_ILCC,ISU_ILCC/ISU-ILCC_G27C3.pkl,94094571,ISU-ILCC_G27C3, 502030-size Li-polymer,graphite,NMC,,0.25,1.0,1.0,0,4.2,3.0,,,,,"[{""current_in_A"": null, ""end_soc"": 1.0, ""end_voltage_in_V"": null, ""power_in_W"": null, ""rate_in_C"": 0.6, ""start_soc"": 0.341269404444444, ""start_voltage_in_V"": null, ""voltage_in_V"": null}]","[{""current_in_A"": null, ""end_soc"": 0.328502444444444, ""end_voltage_in_V"": null, ""power_in_W"": null, ""rate_in_C"": 2.4, ""start_soc"": 1.0, ""start_voltage_in_V"": null, ""voltage_in_V"": null}]","[0.341269404444444, 1]",3679,1.0,3679.0,0.341269404444444,1.0,1,0.6,0.6,0.6,,,1,2.4,2.4,2.4,,,,
ISU_ILCC,ISU_ILCC/ISU-ILCC_G27C4.pkl,160573677,ISU-ILCC_G27C4, 502030-size Li-polymer,graphite,NMC,,0.25,1.0,1.0,0,4.2,3.0,,,,,"[{""current_in_A"": null, ""end_soc"": 1.0, ""end_voltage_in_V"": null, ""power_in_W"": null, ""rate_in_C"": 0.6, ""start_soc"": 0.34943089777777603, ""start_voltage_in_V"": null, ""voltage_in_V"": null}]","[{""current_in_A"": null, ""end_soc"": 0.33146675555555605, ""end_voltage_in_V"": null, ""power_in_W"": null, ""rate_in_C"": 2.4, ""start_soc"": 1.0, ""start_voltage_in_V"": null, ""voltage_in_V"": null}]","[0.34943089777777603, 1]",8837,1.0,8837.0,0.34943089777777603,1.0,1,0.6,0.6,0.6,,,1,2.4,2.4,2.4,,,,
ISU_ILCC,ISU_ILCC/ISU-ILCC_G28C1.pkl,66891172,ISU-ILCC_G28C1, 502030-size Li-polymer,graphite,NMC,,0.25,1.0,1.0,0,4.2,3.0,,,,,"[{""current_in_A"": null, ""end_soc"": 1.0, ""end_voltage_in_V"": null, ""power_in_W"": null, ""rate_in_C"": 2.4, ""start_soc"": 0.06273159111111204, ""start_voltage_in_V"": null, ""voltage_in_V"": null}]","[{""current_in_A"": null, ""end_soc"": 0.07528462222222398, ""end_voltage_in_V"": null, ""power_in_W"": null, ""rate_in_C"": 1.6, ""start_soc"": 1.0, ""start_voltage_in_V"": null, ""voltage_in_V"": null}]","[0.06273159111111204, 1]",1693,1.0,1693.0,0.06273159111111204,1.0,1,2.4,2.4,2.4,,,1,1.6,1.6,1.6,,,,
ISU_ILCC,ISU_ILCC/ISU-ILCC_G28C2.pkl,84667408,ISU-ILCC_G28C2, 502030-size Li-polymer,graphite,NMC,,0.25,1.0,1.0,0,4.2,3.0,,,,,"[{""current_in_A"": null, ""end_soc"": 1.0, ""end_voltage_in_V"": null, ""power_in_W"": null, ""rate_in_C"": 2.4, ""start_soc"": 0.04859171555555597, ""start_voltage_in_V"": null, ""voltage_in_V"": null}]","[{""current_in_A"": null, ""end_soc"": 0.06296604444444398, ""end_voltage_in_V"": null, ""power_in_W"": null, ""rate_in_C"": 1.6, ""start_soc"": 1.0, ""start_voltage_in_V"": null, ""voltage_in_V"": null}]","[0.04859171555555597, 1]",2110,1.0,2110.0,0.04859171555555597,1.0,1,2.4,2.4,2.4,,,1,1.6,1.6,1.6,,,,
ISU_ILCC,ISU_ILCC/ISU-ILCC_G28C3.pkl,84679763,ISU-ILCC_G28C3, 502030-size Li-polymer,graphite,NMC,,0.25,1.0,1.0,0,4.2,3.0,,,,,"[{""current_in_A"": null, ""end_soc"": 1.0, ""end_voltage_in_V"": null, ""power_in_W"": null, ""rate_in_C"": 2.4, ""start_soc"": 0.08285596444444399, ""start_voltage_in_V"": null, ""voltage_in_V"": null}]","[{""current_in_A"": null, ""end_soc"": 0.09465697777777604, ""end_voltage_in_V"": null, ""power_in_W"": null, ""rate_in_C"": 1.6, ""start_soc"": 1.0, ""start_voltage_in_V"": null, ""voltage_in_V"": null}]","[0.08285596444444399, 1]",2109,1.0,2109.0,0.08285596444444399,1.0,1,2.4,2.4,2.4,,,1,1.6,1.6,1.6,,,,
ISU_ILCC,ISU_ILCC/ISU-ILCC_G28C4.pkl,57336143,ISU-ILCC_G28C4, 502030-size Li-polymer,graphite,NMC,,0.25,1.0,1.0,0,4.2,3.0,,,,,"[{""current_in_A"": null, ""end_soc"": 1.0, ""end_voltage_in_V"": null, ""power_in_W"": null, ""rate_in_C"": 2.4, ""start_soc"": 0.058508871111112026, ""start_voltage_in_V"": null, ""voltage_in_V"": null}]","[{""current_in_A"": null, ""end_soc"": 0.068889244444444, ""end_voltage_in_V"": null, ""power_in_W"": null, ""rate_in_C"": 1.6, ""start_soc"": 1.0, ""start_voltage_in_V"": null, ""voltage_in_V"": null}]","[0.058508871111112026, 1]",1633,1.0,1633.0,0.058508871111112026,1.0,1,2.4,2.4,2.4,,,1,1.6,1.6,1.6,,,,
ISU_ILCC,ISU_ILCC/ISU-ILCC_G29C1.pkl,81931202,ISU-ILCC_G29C1, 502030-size Li-polymer,graphite,NMC,,0.25,1.0,1.0,0,4.2,3.0,,,,,"[{""current_in_A"": null, ""end_soc"": 1.0, ""end_voltage_in_V"": null, ""power_in_W"": null, ""rate_in_C"": 1.6, ""start_soc"": 0.412819306666668, ""start_voltage_in_V"": null, ""voltage_in_V"": null}]","[{""current_in_A"": null, ""end_soc"": 0.399994044444444, ""end_voltage_in_V"": null, ""power_in_W"": null, ""rate_in_C"": 1.8, ""start_soc"": 1.0, ""start_voltage_in_V"": null, ""voltage_in_V"": null}]","[0.412819306666668, 1]",3117,1.0,3117.0,0.412819306666668,1.0,1,1.6,1.6,1.6,,,1,1.8,1.8,1.8,,,,
ISU_ILCC,ISU_ILCC/ISU-ILCC_G29C2.pkl,141310512,ISU-ILCC_G29C2, 502030-size Li-polymer,graphite,NMC,,0.25,1.0,1.0,0,4.2,3.0,,,,,"[{""current_in_A"": null, ""end_soc"": 1.0, ""end_voltage_in_V"": null, ""power_in_W"": null, ""rate_in_C"": 1.6, ""start_soc"": 0.41004096, ""start_voltage_in_V"": null, ""voltage_in_V"": null}]","[{""current_in_A"": null, ""end_soc"": 0.395165155555556, ""end_voltage_in_V"": null, ""power_in_W"": null, ""rate_in_C"": 1.8, ""start_soc"": 1.0, ""start_voltage_in_V"": null, ""voltage_in_V"": null}]","[0.41004096, 1]",6560,1.0,6560.0,0.41004096,1.0,1,1.6,1.6,1.6,,,1,1.8,1.8,1.8,,,,
ISU_ILCC,ISU_ILCC/ISU-ILCC_G29C3.pkl,107445824,ISU-ILCC_G29C3, 502030-size Li-polymer,graphite,NMC,,0.25,1.0,1.0,0,4.2,3.0,,,,,"[{""current_in_A"": null, ""end_soc"": 1.0, ""end_voltage_in_V"": null, ""power_in_W"": null, ""rate_in_C"": 1.6, ""start_soc"": 0.411769991111112, ""start_voltage_in_V"": null, ""voltage_in_V"": null}]","[{""current_in_A"": null, ""end_soc"": 0.39913422222222406, ""end_voltage_in_V"": null, ""power_in_W"": null, ""rate_in_C"": 1.8, ""start_soc"": 1.0, ""start_voltage_in_V"": null, ""voltage_in_V"": null}]","[0.411769991111112, 1]",4246,1.0,4246.0,0.411769991111112,1.0,1,1.6,1.6,1.6,,,1,1.8,1.8,1.8,,,,
ISU_ILCC,ISU_ILCC/ISU-ILCC_G29C4.pkl,87362154,ISU-ILCC_G29C4, 502030-size Li-polymer,graphite,NMC,,0.25,1.0,1.0,0,4.2,3.0,,,,,"[{""current_in_A"": null, ""end_soc"": 1.0, ""end_voltage_in_V"": null, ""power_in_W"": null, ""rate_in_C"": 1.6, ""start_soc"": 0.421286364444444, ""start_voltage_in_V"": null, ""voltage_in_V"": null}]","[{""current_in_A"": null, ""end_soc"": 0.40727555555555595, ""end_voltage_in_V"": null, ""power_in_W"": null, ""rate_in_C"": 1.8, ""start_soc"": 1.0, ""start_voltage_in_V"": null, ""voltage_in_V"": null}]","[0.421286364444444, 1]",3226,1.0,3226.0,0.421286364444444,1.0,1,1.6,1.6,1.6,,,1,1.8,1.8,1.8,,,,
ISU_ILCC,ISU_ILCC/ISU-ILCC_G2C1.pkl,141354937,ISU-ILCC_G2C1, 502030-size Li-polymer,graphite,NMC,,0.25,1.0,1.0,0,4.2,3.0,,,,,"[{""current_in_A"": null, ""end_soc"": 1.0, ""end_voltage_in_V"": null, ""power_in_W"": null, ""rate_in_C"": 0.5, ""start_soc"": 0.49144055555555555, ""start_voltage_in_V"": null, ""voltage_in_V"": null}]","[{""current_in_A"": null, ""end_soc"": 0.49164144444444446, ""end_voltage_in_V"": null, ""power_in_W"": null, ""rate_in_C"": 0.5, ""start_soc"": 1.0, ""start_voltage_in_V"": null, ""voltage_in_V"": null}]","[0.49144055555555555, 1]",2566,1.0,2566.0,0.49144055555555555,1.0,1,0.5,0.5,0.5,,,1,0.5,0.5,0.5,,,,
ISU_ILCC,ISU_ILCC/ISU-ILCC_G2C2.pkl,156795831,ISU-ILCC_G2C2, 502030-size Li-polymer,graphite,NMC,,0.25,1.0,1.0,0,4.2,3.0,,,,,"[{""current_in_A"": null, ""end_soc"": 1.0, ""end_voltage_in_V"": null, ""power_in_W"": null, ""rate_in_C"": 0.5, ""start_soc"": 0.4470802222222222, ""start_voltage_in_V"": null, ""voltage_in_V"": null}]","[{""current_in_A"": null, ""end_soc"": 0.4515687777777778, ""end_voltage_in_V"": null, ""power_in_W"": null, ""rate_in_C"": 0.5, ""start_soc"": 1.0, ""start_voltage_in_V"": null, ""voltage_in_V"": null}]","[0.4470802222222222, 1]",2610,1.0,2610.0,0.4470802222222222,1.0,1,0.5,0.5,0.5,,,1,0.5,0.5,0.5,,,,
ISU_ILCC,ISU_ILCC/ISU-ILCC_G2C3.pkl,151216772,ISU-ILCC_G2C3, 502030-size Li-polymer,graphite,NMC,,0.25,1.0,1.0,0,4.2,3.0,,,,,"[{""current_in_A"": null, ""end_soc"": 1.0, ""end_voltage_in_V"": null, ""power_in_W"": null, ""rate_in_C"": 0.5, ""start_soc"": 0.4815004444444445, ""start_voltage_in_V"": null, ""voltage_in_V"": null}]","[{""current_in_A"": null, ""end_soc"": 0.48259266666666667, ""end_voltage_in_V"": null, ""power_in_W"": null, ""rate_in_C"": 0.5, ""start_soc"": 1.0, ""start_voltage_in_V"": null, ""voltage_in_V"": null}]","[0.4815004444444445, 1]",2546,1.0,2546.0,0.4815004444444445,1.0,1,0.5,0.5,0.5,,,1,0.5,0.5,0.5,,,,
ISU_ILCC,ISU_ILCC/ISU-ILCC_G2C4.pkl,152037329,ISU-ILCC_G2C4, 502030-size Li-polymer,graphite,NMC,,0.25,1.0,1.0,0,4.2,3.0,,,,,"[{""current_in_A"": null, ""end_soc"": 1.0, ""end_voltage_in_V"": null, ""power_in_W"": null, ""rate_in_C"": 0.5, ""start_soc"": 0.47894488888888886, ""start_voltage_in_V"": null, ""voltage_in_V"": null}]","[{""current_in_A"": null, ""end_soc"": 0.4883464444444444, ""end_voltage_in_V"": null, ""power_in_W"": null, ""rate_in_C"": 0.5, ""start_soc"": 1.0, ""start_voltage_in_V"": null, ""voltage_in_V"": null}]","[0.47894488888888886, 1]",2787,1.0,2787.0,0.47894488888888886,1.0,1,0.5,0.5,0.5,,,1,0.5,0.5,0.5,,,,
ISU_ILCC,ISU_ILCC/ISU-ILCC_G30C1.pkl,77864800,ISU-ILCC_G30C1, 502030-size Li-polymer,graphite,NMC,,0.25,1.0,1.0,0,4.2,3.0,,,,,"[{""current_in_A"": null, ""end_soc"": 1.0, ""end_voltage_in_V"": null, ""power_in_W"": null, ""rate_in_C"": 0.8, ""start_soc"": 0.09645866666666802, ""start_voltage_in_V"": null, ""voltage_in_V"": null}]","[{""current_in_A"": null, ""end_soc"": 0.10063040000000001, ""end_voltage_in_V"": null, ""power_in_W"": null, ""rate_in_C"": 0.8, ""start_soc"": 1.0, ""start_voltage_in_V"": null, ""voltage_in_V"": null}]","[0.09645866666666802, 1]",1452,1.0,1452.0,0.09645866666666802,1.0,1,0.8,0.8,0.8,,,1,0.8,0.8,0.8,,,,
ISU_ILCC,ISU_ILCC/ISU-ILCC_G30C2.pkl,80824504,ISU-ILCC_G30C2, 502030-size Li-polymer,graphite,NMC,,0.25,1.0,1.0,0,4.2,3.0,,,,,"[{""current_in_A"": null, ""end_soc"": 1.0, ""end_voltage_in_V"": null, ""power_in_W"": null, ""rate_in_C"": 0.8, ""start_soc"": 0.14109774222222404, ""start_voltage_in_V"": null, ""voltage_in_V"": null}]","[{""current_in_A"": null, ""end_soc"": 0.14389635555555602, ""end_voltage_in_V"": null, ""power_in_W"": null, ""rate_in_C"": 0.8, ""start_soc"": 1.0, ""start_voltage_in_V"": null, ""voltage_in_V"": null}]","[0.14109774222222404, 1]",1231,1.0,1231.0,0.14109774222222404,1.0,1,0.8,0.8,0.8,,,1,0.8,0.8,0.8,,,,
ISU_ILCC,ISU_ILCC/ISU-ILCC_G30C3.pkl,115045849,ISU-ILCC_G30C3, 502030-size Li-polymer,graphite,NMC,,0.25,1.0,1.0,0,4.2,3.0,,,,,"[{""current_in_A"": null, ""end_soc"": 1.0, ""end_voltage_in_V"": null, ""power_in_W"": null, ""rate_in_C"": 0.8, ""start_soc"": 0.146487111111112, ""start_voltage_in_V"": null, ""voltage_in_V"": null}]","[{""current_in_A"": null, ""end_soc"": 0.14920284444444398, ""end_voltage_in_V"": null, ""power_in_W"": null, ""rate_in_C"": 0.8, ""start_soc"": 1.0, ""start_voltage_in_V"": null, ""voltage_in_V"": null}]","[0.146487111111112, 1]",2002,1.0,2002.0,0.146487111111112,1.0,1,0.8,0.8,0.8,,,1,0.8,0.8,0.8,,,,
ISU_ILCC,ISU_ILCC/ISU-ILCC_G30C4.pkl,59570092,ISU-ILCC_G30C4, 502030-size Li-polymer,graphite,NMC,,0.25,1.0,1.0,0,4.2,3.0,,,,,"[{""current_in_A"": null, ""end_soc"": 1.0, ""end_voltage_in_V"": null, ""power_in_W"": null, ""rate_in_C"": 0.8, ""start_soc"": 0.08978567111111202, ""start_voltage_in_V"": null, ""voltage_in_V"": null}]","[{""current_in_A"": null, ""end_soc"": 0.09276142222222405, ""end_voltage_in_V"": null, ""power_in_W"": null, ""rate_in_C"": 0.8, ""start_soc"": 1.0, ""start_voltage_in_V"": null, ""voltage_in_V"": null}]","[0.08978567111111202, 1]",943,1.0,943.0,0.08978567111111202,1.0,1,0.8,0.8,0.8,,,1,0.8,0.8,0.8,,,,
ISU_ILCC,ISU_ILCC/ISU-ILCC_G31C1.pkl,90490639,ISU-ILCC_G31C1, 502030-size Li-polymer,graphite,NMC,,0.25,1.0,1.0,0,4.2,3.0,,,,,"[{""current_in_A"": null, ""end_soc"": 1.0, ""end_voltage_in_V"": null, ""power_in_W"": null, ""rate_in_C"": 1.2, ""start_soc"": 0.315986773333332, ""start_voltage_in_V"": null, ""voltage_in_V"": null}]","[{""current_in_A"": null, ""end_soc"": 0.31323595555555594, ""end_voltage_in_V"": null, ""power_in_W"": null, ""rate_in_C"": 1.0, ""start_soc"": 1.0, ""start_voltage_in_V"": null, ""voltage_in_V"": null}]","[0.315986773333332, 1]",2395,1.0,2395.0,0.315986773333332,1.0,1,1.2,1.2,1.2,,,1,1.0,1.0,1.0,,,,
ISU_ILCC,ISU_ILCC/ISU-ILCC_G31C2.pkl,83118301,ISU-ILCC_G31C2, 502030-size Li-polymer,graphite,NMC,,0.25,1.0,1.0,0,4.2,3.0,,,,,"[{""current_in_A"": null, ""end_soc"": 1.0, ""end_voltage_in_V"": null, ""power_in_W"": null, ""rate_in_C"": 1.2, ""start_soc"": 0.30004544, ""start_voltage_in_V"": null, ""voltage_in_V"": null}]","[{""current_in_A"": null, ""end_soc"": 0.29771626666666795, ""end_voltage_in_V"": null, ""power_in_W"": null, ""rate_in_C"": 1.0, ""start_soc"": 1.0, ""start_voltage_in_V"": null, ""voltage_in_V"": null}]","[0.30004544, 1]",2618,1.0,2618.0,0.30004544,1.0,1,1.2,1.2,1.2,,,1,1.0,1.0,1.0,,,,
ISU_ILCC,ISU_ILCC/ISU-ILCC_G31C3.pkl,82223120,ISU-ILCC_G31C3, 502030-size Li-polymer,graphite,NMC,,0.25,1.0,1.0,0,4.2,3.0,,,,,"[{""current_in_A"": null, ""end_soc"": 1.0, ""end_voltage_in_V"": null, ""power_in_W"": null, ""rate_in_C"": 1.2, ""start_soc"": 0.30665784888888803, ""start_voltage_in_V"": null, ""voltage_in_V"": null}]","[{""current_in_A"": null, ""end_soc"": 0.30349146666666804, ""end_voltage_in_V"": null, ""power_in_W"": null, ""rate_in_C"": 1.0, ""start_soc"": 1.0, ""start_voltage_in_V"": null, ""voltage_in_V"": null}]","[0.30665784888888803, 1]",2533,1.0,2533.0,0.30665784888888803,1.0,1,1.2,1.2,1.2,,,1,1.0,1.0,1.0,,,,
ISU_ILCC,ISU_ILCC/ISU-ILCC_G31C4.pkl,85255804,ISU-ILCC_G31C4, 502030-size Li-polymer,graphite,NMC,,0.25,1.0,1.0,0,4.2,3.0,,,,,"[{""current_in_A"": null, ""end_soc"": 1.0, ""end_voltage_in_V"": null, ""power_in_W"": null, ""rate_in_C"": 1.2, ""start_soc"": 0.293954062222224, ""start_voltage_in_V"": null, ""voltage_in_V"": null}]","[{""current_in_A"": null, ""end_soc"": 0.292312, ""end_voltage_in_V"": null, ""power_in_W"": null, ""rate_in_C"": 1.0, ""start_soc"": 1.0, ""start_voltage_in_V"": null, ""voltage_in_V"": null}]","[0.293954062222224, 1]",2992,1.0,2992.0,0.293954062222224,1.0,1,1.2,1.2,1.2,,,1,1.0,1.0,1.0,,,,
ISU_ILCC,ISU_ILCC/ISU-ILCC_G32C1.pkl,145397233,ISU-ILCC_G32C1, 502030-size Li-polymer,graphite,NMC,,0.25,1.0,1.0,0,4.2,3.0,,,,,"[{""current_in_A"": null, ""end_soc"": 1.0, ""end_voltage_in_V"": null, ""power_in_W"": null, ""rate_in_C"": 1.0, ""start_soc"": 0.567255608888888, ""start_voltage_in_V"": null, ""voltage_in_V"": null}]","[{""current_in_A"": null, ""end_soc"": 0.5622104, ""end_voltage_in_V"": null, ""power_in_W"": null, ""rate_in_C"": 1.4, ""start_soc"": 1.0, ""start_voltage_in_V"": null, ""voltage_in_V"": null}]","[0.567255608888888, 1]",8273,1.0,8273.0,0.567255608888888,1.0,1,1.0,1.0,1.0,,,1,1.4,1.4,1.4,,,,
ISU_ILCC,ISU_ILCC/ISU-ILCC_G32C2.pkl,111900973,ISU-ILCC_G32C2, 502030-size Li-polymer,graphite,NMC,,0.25,1.0,1.0,0,4.2,3.0,,,,,"[{""current_in_A"": null, ""end_soc"": 1.0, ""end_voltage_in_V"": null, ""power_in_W"": null, ""rate_in_C"": 1.0, ""start_soc"": 0.556309653333332, ""start_voltage_in_V"": null, ""voltage_in_V"": null}]","[{""current_in_A"": null, ""end_soc"": 0.551629244444444, ""end_voltage_in_V"": null, ""power_in_W"": null, ""rate_in_C"": 1.4, ""start_soc"": 1.0, ""start_voltage_in_V"": null, ""voltage_in_V"": null}]","[0.556309653333332, 1]",5857,1.0,5857.0,0.556309653333332,1.0,1,1.0,1.0,1.0,,,1,1.4,1.4,1.4,,,,
ISU_ILCC,ISU_ILCC/ISU-ILCC_G32C3.pkl,133310276,ISU-ILCC_G32C3, 502030-size Li-polymer,graphite,NMC,,0.25,1.0,1.0,0,4.2,3.0,,,,,"[{""current_in_A"": null, ""end_soc"": 1.0, ""end_voltage_in_V"": null, ""power_in_W"": null, ""rate_in_C"": 1.0, ""start_soc"": 0.5489582577777761, ""start_voltage_in_V"": null, ""voltage_in_V"": null}]","[{""current_in_A"": null, ""end_soc"": 0.543574755555556, ""end_voltage_in_V"": null, ""power_in_W"": null, ""rate_in_C"": 1.4, ""start_soc"": 1.0, ""start_voltage_in_V"": null, ""voltage_in_V"": null}]","[0.5489582577777761, 1]",7329,1.0,7329.0,0.5489582577777761,1.0,1,1.0,1.0,1.0,,,1,1.4,1.4,1.4,,,,
ISU_ILCC,ISU_ILCC/ISU-ILCC_G32C4.pkl,116117149,ISU-ILCC_G32C4, 502030-size Li-polymer,graphite,NMC,,0.25,1.0,1.0,0,4.2,3.0,,,,,"[{""current_in_A"": null, ""end_soc"": 1.0, ""end_voltage_in_V"": null, ""power_in_W"": null, ""rate_in_C"": 1.0, ""start_soc"": 0.5730857244444441, ""start_voltage_in_V"": null, ""voltage_in_V"": null}]","[{""current_in_A"": null, ""end_soc"": 0.5695689777777759, ""end_voltage_in_V"": null, ""power_in_W"": null, ""rate_in_C"": 1.4, ""start_soc"": 1.0, ""start_voltage_in_V"": null, ""voltage_in_V"": null}]","[0.5730857244444441, 1]",5794,1.0,5794.0,0.5730857244444441,1.0,1,1.0,1.0,1.0,,,1,1.4,1.4,1.4,,,,
ISU_ILCC,ISU_ILCC/ISU-ILCC_G33C1.pkl,134456856,ISU-ILCC_G33C1, 502030-size Li-polymer,graphite,NMC,,0.25,1.0,1.0,0,4.2,3.0,,,,,"[{""current_in_A"": null, ""end_soc"": 1.0, ""end_voltage_in_V"": null, ""power_in_W"": null, ""rate_in_C"": 2.0, ""start_soc"": 0.523097351111112, ""start_voltage_in_V"": null, ""voltage_in_V"": null}]","[{""current_in_A"": null, ""end_soc"": 0.517194888888888, ""end_voltage_in_V"": null, ""power_in_W"": null, ""rate_in_C"": 1.2, ""start_soc"": 1.0, ""start_voltage_in_V"": null, ""voltage_in_V"": null}]","[0.523097351111112, 1]",6453,1.0,6453.0,0.523097351111112,1.0,1,2.0,2.0,2.0,,,1,1.2,1.2,1.2,,,,
ISU_ILCC,ISU_ILCC/ISU-ILCC_G33C2.pkl,115693906,ISU-ILCC_G33C2, 502030-size Li-polymer,graphite,NMC,,0.25,1.0,1.0,0,4.2,3.0,,,,,"[{""current_in_A"": null, ""end_soc"": 1.0, ""end_voltage_in_V"": null, ""power_in_W"": null, ""rate_in_C"": 2.0, ""start_soc"": 0.531743893333332, ""start_voltage_in_V"": null, ""voltage_in_V"": null}]","[{""current_in_A"": null, ""end_soc"": 0.526606755555556, ""end_voltage_in_V"": null, ""power_in_W"": null, ""rate_in_C"": 1.2, ""start_soc"": 1.0, ""start_voltage_in_V"": null, ""voltage_in_V"": null}]","[0.531743893333332, 1]",5746,1.0,5746.0,0.531743893333332,1.0,1,2.0,2.0,2.0,,,1,1.2,1.2,1.2,,,,
ISU_ILCC,ISU_ILCC/ISU-ILCC_G33C3.pkl,140889226,ISU-ILCC_G33C3, 502030-size Li-polymer,graphite,NMC,,0.25,1.0,1.0,0,4.2,3.0,,,,,"[{""current_in_A"": null, ""end_soc"": 1.0, ""end_voltage_in_V"": null, ""power_in_W"": null, ""rate_in_C"": 2.0, ""start_soc"": 0.6009621333333333, ""start_voltage_in_V"": null, ""voltage_in_V"": null}]","[{""current_in_A"": null, ""end_soc"": 0.599085333333332, ""end_voltage_in_V"": null, ""power_in_W"": null, ""rate_in_C"": 1.2, ""start_soc"": 1.0, ""start_voltage_in_V"": null, ""voltage_in_V"": null}]","[0.6009621333333333, 1]",5985,1.0,5985.0,0.6009621333333333,1.0,1,2.0,2.0,2.0,,,1,1.2,1.2,1.2,,,,
ISU_ILCC,ISU_ILCC/ISU-ILCC_G33C4.pkl,109300423,ISU-ILCC_G33C4, 502030-size Li-polymer,graphite,NMC,,0.25,1.0,1.0,0,4.2,3.0,,,,,"[{""current_in_A"": null, ""end_soc"": 1.0, ""end_voltage_in_V"": null, ""power_in_W"": null, ""rate_in_C"": 2.0, ""start_soc"": 0.502342471111112, ""start_voltage_in_V"": null, ""voltage_in_V"": null}]","[{""current_in_A"": null, ""end_soc"": 0.498805288888888, ""end_voltage_in_V"": null, ""power_in_W"": null, ""rate_in_C"": 1.2, ""start_soc"": 1.0, ""start_voltage_in_V"": null, ""voltage_in_V"": null}]","[0.502342471111112, 1]",5009,1.0,5009.0,0.502342471111112,1.0,1,2.0,2.0,2.0,,,1,1.2,1.2,1.2,,,,
ISU_ILCC,ISU_ILCC/ISU-ILCC_G34C1.pkl,184826297,ISU-ILCC_G34C1, 502030-size Li-polymer,graphite,NMC,,0.25,1.0,1.0,0,4.2,3.0,,,,,"[{""current_in_A"": null, ""end_soc"": 1.0, ""end_voltage_in_V"": null, ""power_in_W"": null, ""rate_in_C"": 2.2, ""start_soc"": 0.6488743466666669, ""start_voltage_in_V"": null, ""voltage_in_V"": null}]","[{""current_in_A"": null, ""end_soc"": 0.6431697555555556, ""end_voltage_in_V"": null, ""power_in_W"": null, ""rate_in_C"": 2.0, ""start_soc"": 1.0, ""start_voltage_in_V"": null, ""voltage_in_V"": null}]","[0.6488743466666669, 1]",13881,1.0,13881.0,0.6488743466666669,1.0,1,2.2,2.2,2.2,,,1,2.0,2.0,2.0,,,,
ISU_ILCC,ISU_ILCC/ISU-ILCC_G34C2.pkl,179433440,ISU-ILCC_G34C2, 502030-size Li-polymer,graphite,NMC,,0.25,1.0,1.0,0,4.2,3.0,,,,,"[{""current_in_A"": null, ""end_soc"": 1.0, ""end_voltage_in_V"": null, ""power_in_W"": null, ""rate_in_C"": 2.2, ""start_soc"": 0.7546867377777776, ""start_voltage_in_V"": null, ""voltage_in_V"": null}]","[{""current_in_A"": null, ""end_soc"": 0.7574498000000001, ""end_voltage_in_V"": null, ""power_in_W"": null, ""rate_in_C"": 2.0, ""start_soc"": 1.0, ""start_voltage_in_V"": null, ""voltage_in_V"": null}]","[0.7546867377777776, 1]",16644,1.0,16644.0,0.7546867377777776,1.0,1,2.2,2.2,2.2,,,1,2.0,2.0,2.0,,,,
ISU_ILCC,ISU_ILCC/ISU-ILCC_G34C3.pkl,165107828,ISU-ILCC_G34C3, 502030-size Li-polymer,graphite,NMC,,0.25,1.0,1.0,0,4.2,3.0,,,,,"[{""current_in_A"": null, ""end_soc"": 1.0, ""end_voltage_in_V"": null, ""power_in_W"": null, ""rate_in_C"": 2.2, ""start_soc"": 0.6885597155555556, ""start_voltage_in_V"": null, ""voltage_in_V"": null}]","[{""current_in_A"": null, ""end_soc"": 0.6852829111111112, ""end_voltage_in_V"": null, ""power_in_W"": null, ""rate_in_C"": 2.0, ""start_soc"": 1.0, ""start_voltage_in_V"": null, ""voltage_in_V"": null}]","[0.6885597155555556, 1]",13646,1.0,13646.0,0.6885597155555556,1.0,1,2.2,2.2,2.2,,,1,2.0,2.0,2.0,,,,
ISU_ILCC,ISU_ILCC/ISU-ILCC_G34C4.pkl,184152203,ISU-ILCC_G34C4, 502030-size Li-polymer,graphite,NMC,,0.25,1.0,1.0,0,4.2,3.0,,,,,"[{""current_in_A"": null, ""end_soc"": 1.0, ""end_voltage_in_V"": null, ""power_in_W"": null, ""rate_in_C"": 2.2, ""start_soc"": 0.6647960533333332, ""start_voltage_in_V"": null, ""voltage_in_V"": null}]","[{""current_in_A"": null, ""end_soc"": 0.6600349555555556, ""end_voltage_in_V"": null, ""power_in_W"": null, ""rate_in_C"": 2.0, ""start_soc"": 1.0, ""start_voltage_in_V"": null, ""voltage_in_V"": null}]","[0.6647960533333332, 1]",16586,1.0,16586.0,0.6647960533333332,1.0,1,2.2,2.2,2.2,,,1,2.0,2.0,2.0,,,,
ISU_ILCC,ISU_ILCC/ISU-ILCC_G35C1.pkl,111942592,ISU-ILCC_G35C1, 502030-size Li-polymer,graphite,NMC,,0.25,1.0,1.0,0,4.2,3.0,,,,,"[{""current_in_A"": null, ""end_soc"": 1.0, ""end_voltage_in_V"": null, ""power_in_W"": null, ""rate_in_C"": 1.825, ""start_soc"": 0, ""start_voltage_in_V"": null, ""voltage_in_V"": null}]","[{""current_in_A"": null, ""end_soc"": 1, ""end_voltage_in_V"": null, ""power_in_W"": null, ""rate_in_C"": 0.5, ""start_soc"": 1.0, ""start_voltage_in_V"": null, ""voltage_in_V"": null}]","[0, 1]",1142,1.0,1142.0,0.0,1.0,1,1.825,1.825,1.825,,,1,0.5,0.5,0.5,,,,
ISU_ILCC,ISU_ILCC/ISU-ILCC_G35C2.pkl,44572913,ISU-ILCC_G35C2, 502030-size Li-polymer,graphite,NMC,,0.25,1.0,1.0,0,4.2,3.0,,,,,"[{""current_in_A"": null, ""end_soc"": 1.0, ""end_voltage_in_V"": null, ""power_in_W"": null, ""rate_in_C"": 1.825, ""start_soc"": 0, ""start_voltage_in_V"": null, ""voltage_in_V"": null}]","[{""current_in_A"": null, ""end_soc"": 1, ""end_voltage_in_V"": null, ""power_in_W"": null, ""rate_in_C"": 0.5, ""start_soc"": 1.0, ""start_voltage_in_V"": null, ""voltage_in_V"": null}]","[0, 1]",431,1.0,431.0,0.0,1.0,1,1.825,1.825,1.825,,,1,0.5,0.5,0.5,,,,
ISU_ILCC,ISU_ILCC/ISU-ILCC_G35C3.pkl,73010934,ISU-ILCC_G35C3, 502030-size Li-polymer,graphite,NMC,,0.25,1.0,1.0,0,4.2,3.0,,,,,"[{""current_in_A"": null, ""end_soc"": 1.0, ""end_voltage_in_V"": null, ""power_in_W"": null, ""rate_in_C"": 1.825, ""start_soc"": 0, ""start_voltage_in_V"": null, ""voltage_in_V"": null}]","[{""current_in_A"": null, ""end_soc"": 1, ""end_voltage_in_V"": null, ""power_in_W"": null, ""rate_in_C"": 0.5, ""start_soc"": 1.0, ""start_voltage_in_V"": null, ""voltage_in_V"": null}]","[0, 1]",761,1.0,761.0,0.0,1.0,1,1.825,1.825,1.825,,,1,0.5,0.5,0.5,,,,
ISU_ILCC,ISU_ILCC/ISU-ILCC_G35C4.pkl,61999392,ISU-ILCC_G35C4, 502030-size Li-polymer,graphite,NMC,,0.25,1.0,1.0,0,4.2,3.0,,,,,"[{""current_in_A"": null, ""end_soc"": 1.0, ""end_voltage_in_V"": null, ""power_in_W"": null, ""rate_in_C"": 1.825, ""start_soc"": 0, ""start_voltage_in_V"": null, ""voltage_in_V"": null}]","[{""current_in_A"": null, ""end_soc"": 1, ""end_voltage_in_V"": null, ""power_in_W"": null, ""rate_in_C"": 0.5, ""start_soc"": 1.0, ""start_voltage_in_V"": null, ""voltage_in_V"": null}]","[0, 1]",656,1.0,656.0,0.0,1.0,1,1.825,1.825,1.825,,,1,0.5,0.5,0.5,,,,
ISU_ILCC,ISU_ILCC/ISU-ILCC_G36C1.pkl,78542944,ISU-ILCC_G36C1, 502030-size Li-polymer,graphite,NMC,,0.25,1.0,1.0,0,4.2,3.0,,,,,"[{""current_in_A"": null, ""end_soc"": 1.0, ""end_voltage_in_V"": null, ""power_in_W"": null, ""rate_in_C"": 2.075, ""start_soc"": 0, ""start_voltage_in_V"": null, ""voltage_in_V"": null}]","[{""current_in_A"": null, ""end_soc"": 1, ""end_voltage_in_V"": null, ""power_in_W"": null, ""rate_in_C"": 0.5, ""start_soc"": 1.0, ""start_voltage_in_V"": null, ""voltage_in_V"": null}]","[0, 1]",827,1.0,827.0,0.0,1.0,1,2.075,2.075,2.075,,,1,0.5,0.5,0.5,,,,
ISU_ILCC,ISU_ILCC/ISU-ILCC_G36C2.pkl,89845047,ISU-ILCC_G36C2, 502030-size Li-polymer,graphite,NMC,,0.25,1.0,1.0,0,4.2,3.0,,,,,"[{""current_in_A"": null, ""end_soc"": 1.0, ""end_voltage_in_V"": null, ""power_in_W"": null, ""rate_in_C"": 2.075, ""start_soc"": 0, ""start_voltage_in_V"": null, ""voltage_in_V"": null}]","[{""current_in_A"": null, ""end_soc"": 1, ""end_voltage_in_V"": null, ""power_in_W"": null, ""rate_in_C"": 0.5, ""start_soc"": 1.0, ""start_voltage_in_V"": null, ""voltage_in_V"": null}]","[0, 1]",971,1.0,971.0,0.0,1.0,1,2.075,2.075,2.075,,,1,0.5,0.5,0.5,,,,
ISU_ILCC,ISU_ILCC/ISU-ILCC_G36C3.pkl,100847451,ISU-ILCC_G36C3, 502030-size Li-polymer,graphite,NMC,,0.25,1.0,1.0,0,4.2,3.0,,,,,"[{""current_in_A"": null, ""end_soc"": 1.0, ""end_voltage_in_V"": null, ""power_in_W"": null, ""rate_in_C"": 2.075, ""start_soc"": 0, ""start_voltage_in_V"": null, ""voltage_in_V"": null}]","[{""current_in_A"": null, ""end_soc"": 1, ""end_voltage_in_V"": null, ""power_in_W"": null, ""rate_in_C"": 0.5, ""start_soc"": 1.0, ""start_voltage_in_V"": null, ""voltage_in_V"": null}]","[0, 1]",1053,1.0,1053.0,0.0,1.0,1,2.075,2.075,2.075,,,1,0.5,0.5,0.5,,,,
ISU_ILCC,ISU_ILCC/ISU-ILCC_G36C4.pkl,39889769,ISU-ILCC_G36C4, 502030-size Li-polymer,graphite,NMC,,0.25,1.0,1.0,0,4.2,3.0,,,,,"[{""current_in_A"": null, ""end_soc"": 1.0, ""end_voltage_in_V"": null, ""power_in_W"": null, ""rate_in_C"": 2.075, ""start_soc"": 0, ""start_voltage_in_V"": null, ""voltage_in_V"": null}]","[{""current_in_A"": null, ""end_soc"": 1, ""end_voltage_in_V"": null, ""power_in_W"": null, ""rate_in_C"": 0.5, ""start_soc"": 1.0, ""start_voltage_in_V"": null, ""voltage_in_V"": null}]","[0, 1]",427,1.0,427.0,0.0,1.0,1,2.075,2.075,2.075,,,1,0.5,0.5,0.5,,,,
ISU_ILCC,ISU_ILCC/ISU-ILCC_G37C1.pkl,109107708,ISU-ILCC_G37C1, 502030-size Li-polymer,graphite,NMC,,0.25,1.0,1.0,0,4.2,3.0,,,,,"[{""current_in_A"": null, ""end_soc"": 1.0, ""end_voltage_in_V"": null, ""power_in_W"": null, ""rate_in_C"": 0.725, ""start_soc"": 0, ""start_voltage_in_V"": null, ""voltage_in_V"": null}]","[{""current_in_A"": null, ""end_soc"": 1, ""end_voltage_in_V"": null, ""power_in_W"": null, ""rate_in_C"": 0.5, ""start_soc"": 1.0, ""start_voltage_in_V"": null, ""voltage_in_V"": null}]","[0, 1]",947,1.0,947.0,0.0,1.0,1,0.725,0.725,0.725,,,1,0.5,0.5,0.5,,,,
ISU_ILCC,ISU_ILCC/ISU-ILCC_G37C2.pkl,92133167,ISU-ILCC_G37C2, 502030-size Li-polymer,graphite,NMC,,0.25,1.0,1.0,0,4.2,3.0,,,,,"[{""current_in_A"": null, ""end_soc"": 1.0, ""end_voltage_in_V"": null, ""power_in_W"": null, ""rate_in_C"": 0.725, ""start_soc"": 0, ""start_voltage_in_V"": null, ""voltage_in_V"": null}]","[{""current_in_A"": null, ""end_soc"": 1, ""end_voltage_in_V"": null, ""power_in_W"": null, ""rate_in_C"": 0.5, ""start_soc"": 1.0, ""start_voltage_in_V"": null, ""voltage_in_V"": null}]","[0, 1]",782,1.0,782.0,0.0,1.0,1,0.725,0.725,0.725,,,1,0.5,0.5,0.5,,,,
ISU_ILCC,ISU_ILCC/ISU-ILCC_G37C3.pkl,87068904,ISU-ILCC_G37C3, 502030-size Li-polymer,graphite,NMC,,0.25,1.0,1.0,0,4.2,3.0,,,,,"[{""current_in_A"": null, ""end_soc"": 1.0, ""end_voltage_in_V"": null, ""power_in_W"": null, ""rate_in_C"": 0.725, ""start_soc"": 0, ""start_voltage_in_V"": null, ""voltage_in_V"": null}]","[{""current_in_A"": null, ""end_soc"": 1, ""end_voltage_in_V"": null, ""power_in_W"": null, ""rate_in_C"": 0.5, ""start_soc"": 1.0, ""start_voltage_in_V"": null, ""voltage_in_V"": null}]","[0, 1]",725,1.0,725.0,0.0,1.0,1,0.725,0.725,0.725,,,1,0.5,0.5,0.5,,,,
ISU_ILCC,ISU_ILCC/ISU-ILCC_G37C4.pkl,70727388,ISU-ILCC_G37C4, 502030-size Li-polymer,graphite,NMC,,0.25,1.0,1.0,0,4.2,3.0,,,,,"[{""current_in_A"": null, ""end_soc"": 1.0, ""end_voltage_in_V"": null, ""power_in_W"": null, ""rate_in_C"": 0.725, ""start_soc"": 0, ""start_voltage_in_V"": null, ""voltage_in_V"": null}]","[{""current_in_A"": null, ""end_soc"": 1, ""end_voltage_in_V"": null, ""power_in_W"": null, ""rate_in_C"": 0.5, ""start_soc"": 1.0, ""start_voltage_in_V"": null, ""voltage_in_V"": null}]","[0, 1]",587,1.0,587.0,0.0,1.0,1,0.725,0.725,0.725,,,1,0.5,0.5,0.5,,,,
ISU_ILCC,ISU_ILCC/ISU-ILCC_G38C1.pkl,68296381,ISU-ILCC_G38C1, 502030-size Li-polymer,graphite,NMC,,0.25,1.0,1.0,0,4.2,3.0,,,,,"[{""current_in_A"": null, ""end_soc"": 1.0, ""end_voltage_in_V"": null, ""power_in_W"": null, ""rate_in_C"": 1.875, ""start_soc"": 0, ""start_voltage_in_V"": null, ""voltage_in_V"": null}]","[{""current_in_A"": null, ""end_soc"": 1, ""end_voltage_in_V"": null, ""power_in_W"": null, ""rate_in_C"": 0.5, ""start_soc"": 1.0, ""start_voltage_in_V"": null, ""voltage_in_V"": null}]","[0, 1]",770,1.0,770.0,0.0,1.0,1,1.875,1.875,1.875,,,1,0.5,0.5,0.5,,,,
ISU_ILCC,ISU_ILCC/ISU-ILCC_G38C2.pkl,56050682,ISU-ILCC_G38C2, 502030-size Li-polymer,graphite,NMC,,0.25,1.0,1.0,0,4.2,3.0,,,,,"[{""current_in_A"": null, ""end_soc"": 1.0, ""end_voltage_in_V"": null, ""power_in_W"": null, ""rate_in_C"": 1.875, ""start_soc"": 0, ""start_voltage_in_V"": null, ""voltage_in_V"": null}]","[{""current_in_A"": null, ""end_soc"": 1, ""end_voltage_in_V"": null, ""power_in_W"": null, ""rate_in_C"": 0.5, ""start_soc"": 1.0, ""start_voltage_in_V"": null, ""voltage_in_V"": null}]","[0, 1]",564,1.0,564.0,0.0,1.0,1,1.875,1.875,1.875,,,1,0.5,0.5,0.5,,,,
ISU_ILCC,ISU_ILCC/ISU-ILCC_G38C3.pkl,82723265,ISU-ILCC_G38C3, 502030-size Li-polymer,graphite,NMC,,0.25,1.0,1.0,0,4.2,3.0,,,,,"[{""current_in_A"": null, ""end_soc"": 1.0, ""end_voltage_in_V"": null, ""power_in_W"": null, ""rate_in_C"": 1.875, ""start_soc"": 0, ""start_voltage_in_V"": null, ""voltage_in_V"": null}]","[{""current_in_A"": null, ""end_soc"": 1, ""end_voltage_in_V"": null, ""power_in_W"": null, ""rate_in_C"": 0.5, ""start_soc"": 1.0, ""start_voltage_in_V"": null, ""voltage_in_V"": null}]","[0, 1]",845,1.0,845.0,0.0,1.0,1,1.875,1.875,1.875,,,1,0.5,0.5,0.5,,,,
ISU_ILCC,ISU_ILCC/ISU-ILCC_G38C4.pkl,101485706,ISU-ILCC_G38C4, 502030-size Li-polymer,graphite,NMC,,0.25,1.0,1.0,0,4.2,3.0,,,,,"[{""current_in_A"": null, ""end_soc"": 1.0, ""end_voltage_in_V"": null, ""power_in_W"": null, ""rate_in_C"": 1.875, ""start_soc"": 0, ""start_voltage_in_V"": null, ""voltage_in_V"": null}]","[{""current_in_A"": null, ""end_soc"": 1, ""end_voltage_in_V"": null, ""power_in_W"": null, ""rate_in_C"": 0.5, ""start_soc"": 1.0, ""start_voltage_in_V"": null, ""voltage_in_V"": null}]","[0, 1]",1135,1.0,1135.0,0.0,1.0,1,1.875,1.875,1.875,,,1,0.5,0.5,0.5,,,,
ISU_ILCC,ISU_ILCC/ISU-ILCC_G39C1.pkl,71974484,ISU-ILCC_G39C1, 502030-size Li-polymer,graphite,NMC,,0.25,1.0,1.0,0,4.2,3.0,,,,,"[{""current_in_A"": null, ""end_soc"": 1.0, ""end_voltage_in_V"": null, ""power_in_W"": null, ""rate_in_C"": 1.475, ""start_soc"": 0, ""start_voltage_in_V"": null, ""voltage_in_V"": null}]","[{""current_in_A"": null, ""end_soc"": 1, ""end_voltage_in_V"": null, ""power_in_W"": null, ""rate_in_C"": 0.5, ""start_soc"": 1.0, ""start_voltage_in_V"": null, ""voltage_in_V"": null}]","[0, 1]",732,1.0,732.0,0.0,1.0,1,1.475,1.475,1.475,,,1,0.5,0.5,0.5,,,,
ISU_ILCC,ISU_ILCC/ISU-ILCC_G39C2.pkl,71927300,ISU-ILCC_G39C2, 502030-size Li-polymer,graphite,NMC,,0.25,1.0,1.0,0,4.2,3.0,,,,,"[{""current_in_A"": null, ""end_soc"": 1.0, ""end_voltage_in_V"": null, ""power_in_W"": null, ""rate_in_C"": 1.475, ""start_soc"": 0, ""start_voltage_in_V"": null, ""voltage_in_V"": null}]","[{""current_in_A"": null, ""end_soc"": 1, ""end_voltage_in_V"": null, ""power_in_W"": null, ""rate_in_C"": 0.5, ""start_soc"": 1.0, ""start_voltage_in_V"": null, ""voltage_in_V"": null}]","[0, 1]",716,1.0,716.0,0.0,1.0,1,1.475,1.475,1.475,,,1,0.5,0.5,0.5,,,,
ISU_ILCC,ISU_ILCC/ISU-ILCC_G39C3.pkl,72327799,ISU-ILCC_G39C3, 502030-size Li-polymer,graphite,NMC,,0.25,1.0,1.0,0,4.2,3.0,,,,,"[{""current_in_A"": null, ""end_soc"": 1.0, ""end_voltage_in_V"": null, ""power_in_W"": null, ""rate_in_C"": 1.475, ""start_soc"": 0, ""start_voltage_in_V"": null, ""voltage_in_V"": null}]","[{""current_in_A"": null, ""end_soc"": 1, ""end_voltage_in_V"": null, ""power_in_W"": null, ""rate_in_C"": 0.5, ""start_soc"": 1.0, ""start_voltage_in_V"": null, ""voltage_in_V"": null}]","[0, 1]",728,1.0,728.0,0.0,1.0,1,1.475,1.475,1.475,,,1,0.5,0.5,0.5,,,,
ISU_ILCC,ISU_ILCC/ISU-ILCC_G39C4.pkl,89159377,ISU-ILCC_G39C4, 502030-size Li-polymer,graphite,NMC,,0.25,1.0,1.0,0,4.2,3.0,,,,,"[{""current_in_A"": null, ""end_soc"": 1.0, ""end_voltage_in_V"": null, ""power_in_W"": null, ""rate_in_C"": 1.475, ""start_soc"": 0, ""start_voltage_in_V"": null, ""voltage_in_V"": null}]","[{""current_in_A"": null, ""end_soc"": 1, ""end_voltage_in_V"": null, ""power_in_W"": null, ""rate_in_C"": 0.5, ""start_soc"": 1.0, ""start_voltage_in_V"": null, ""voltage_in_V"": null}]","[0, 1]",912,1.0,912.0,0.0,1.0,1,1.475,1.475,1.475,,,1,0.5,0.5,0.5,,,,
ISU_ILCC,ISU_ILCC/ISU-ILCC_G3C1.pkl,168846616,ISU-ILCC_G3C1, 502030-size Li-polymer,graphite,NMC,,0.25,1.0,1.0,0,4.2,3.0,,,,,"[{""current_in_A"": null, ""end_soc"": 1.0, ""end_voltage_in_V"": null, ""power_in_W"": null, ""rate_in_C"": 0.5, ""start_soc"": 0.25027177777777776, ""start_voltage_in_V"": null, ""voltage_in_V"": null}]","[{""current_in_A"": null, ""end_soc"": 0.2464681111111111, ""end_voltage_in_V"": null, ""power_in_W"": null, ""rate_in_C"": 0.5, ""start_soc"": 1.0, ""start_voltage_in_V"": null, ""voltage_in_V"": null}]","[0.25027177777777776, 1]",1993,1.0,1993.0,0.25027177777777776,1.0,1,0.5,0.5,0.5,,,1,0.5,0.5,0.5,,,,
ISU_ILCC,ISU_ILCC/ISU-ILCC_G3C2.pkl,101490868,ISU-ILCC_G3C2, 502030-size Li-polymer,graphite,NMC,,0.25,1.0,1.0,0,4.2,3.0,,,,,"[{""current_in_A"": null, ""end_soc"": 1.0, ""end_voltage_in_V"": null, ""power_in_W"": null, ""rate_in_C"": 0.5, ""start_soc"": 0.21693811111111105, ""start_voltage_in_V"": null, ""voltage_in_V"": null}]","[{""current_in_A"": null, ""end_soc"": 0.23318922222222227, ""end_voltage_in_V"": null, ""power_in_W"": null, ""rate_in_C"": 0.5, ""start_soc"": 1.0, ""start_voltage_in_V"": null, ""voltage_in_V"": null}]","[0.21693811111111105, 1]",1155,1.0,1155.0,0.21693811111111105,1.0,1,0.5,0.5,0.5,,,1,0.5,0.5,0.5,,,,
ISU_ILCC,ISU_ILCC/ISU-ILCC_G3C3.pkl,150518355,ISU-ILCC_G3C3, 502030-size Li-polymer,graphite,NMC,,0.25,1.0,1.0,0,4.2,3.0,,,,,"[{""current_in_A"": null, ""end_soc"": 1.0, ""end_voltage_in_V"": null, ""power_in_W"": null, ""rate_in_C"": 0.5, ""start_soc"": 0.2257947777777778, ""start_voltage_in_V"": null, ""voltage_in_V"": null}]","[{""current_in_A"": null, ""end_soc"": 0.23507177777777777, ""end_voltage_in_V"": null, ""power_in_W"": null, ""rate_in_C"": 0.5, ""start_soc"": 1.0, ""start_voltage_in_V"": null, ""voltage_in_V"": null}]","[0.2257947777777778, 1]",1770,1.0,1770.0,0.2257947777777778,1.0,1,0.5,0.5,0.5,,,1,0.5,0.5,0.5,,,,
ISU_ILCC,ISU_ILCC/ISU-ILCC_G3C4.pkl,101669385,ISU-ILCC_G3C4, 502030-size Li-polymer,graphite,NMC,,0.25,1.0,1.0,0,4.2,3.0,,,,,"[{""current_in_A"": null, ""end_soc"": 1.0, ""end_voltage_in_V"": null, ""power_in_W"": null, ""rate_in_C"": 0.5, ""start_soc"": 0.218406, ""start_voltage_in_V"": null, ""voltage_in_V"": null}]","[{""current_in_A"": null, ""end_soc"": 0.22599644444444444, ""end_voltage_in_V"": null, ""power_in_W"": null, ""rate_in_C"": 0.5, ""start_soc"": 1.0, ""start_voltage_in_V"": null, ""voltage_in_V"": null}]","[0.218406, 1]",1164,1.0,1164.0,0.218406,1.0,1,0.5,0.5,0.5,,,1,0.5,0.5,0.5,,,,
ISU_ILCC,ISU_ILCC/ISU-ILCC_G40C1.pkl,217480744,ISU-ILCC_G40C1, 502030-size Li-polymer,graphite,NMC,,0.25,1.0,1.0,0,4.2,3.0,,,,,"[{""current_in_A"": null, ""end_soc"": 1.0, ""end_voltage_in_V"": null, ""power_in_W"": null, ""rate_in_C"": 1.825, ""start_soc"": 0.6031232222222223, ""start_voltage_in_V"": null, ""voltage_in_V"": null}]","[{""current_in_A"": null, ""end_soc"": 0.604929888888889, ""end_voltage_in_V"": null, ""power_in_W"": null, ""rate_in_C"": 1.025, ""start_soc"": 1.0, ""start_voltage_in_V"": null, ""voltage_in_V"": null}]","[0.6031232222222223, 1]",8897,1.0,8897.0,0.6031232222222223,1.0,1,1.825,1.825,1.825,,,1,1.025,1.025,1.025,,,,
ISU_ILCC,ISU_ILCC/ISU-ILCC_G40C2.pkl,191816292,ISU-ILCC_G40C2, 502030-size Li-polymer,graphite,NMC,,0.25,1.0,1.0,0,4.2,3.0,,,,,"[{""current_in_A"": null, ""end_soc"": 1.0, ""end_voltage_in_V"": null, ""power_in_W"": null, ""rate_in_C"": 1.825, ""start_soc"": 0.5897518888888889, ""start_voltage_in_V"": null, ""voltage_in_V"": null}]","[{""current_in_A"": null, ""end_soc"": 0.5879968888888889, ""end_voltage_in_V"": null, ""power_in_W"": null, ""rate_in_C"": 1.025, ""start_soc"": 1.0, ""start_voltage_in_V"": null, ""voltage_in_V"": null}]","[0.5897518888888889, 1]",9335,1.0,9335.0,0.5897518888888889,1.0,1,1.825,1.825,1.825,,,1,1.025,1.025,1.025,,,,
ISU_ILCC,ISU_ILCC/ISU-ILCC_G40C3.pkl,179104834,ISU-ILCC_G40C3, 502030-size Li-polymer,graphite,NMC,,0.25,1.0,1.0,0,4.2,3.0,,,,,"[{""current_in_A"": null, ""end_soc"": 1.0, ""end_voltage_in_V"": null, ""power_in_W"": null, ""rate_in_C"": 1.825, ""start_soc"": 0.715192111111111, ""start_voltage_in_V"": null, ""voltage_in_V"": null}]","[{""current_in_A"": null, ""end_soc"": 0.7528824444444444, ""end_voltage_in_V"": null, ""power_in_W"": null, ""rate_in_C"": 1.025, ""start_soc"": 1.0, ""start_voltage_in_V"": null, ""voltage_in_V"": null}]","[0.715192111111111, 1]",8957,1.0,8957.0,0.715192111111111,1.0,1,1.825,1.825,1.825,,,1,1.025,1.025,1.025,,,,
ISU_ILCC,ISU_ILCC/ISU-ILCC_G40C4.pkl,222632069,ISU-ILCC_G40C4, 502030-size Li-polymer,graphite,NMC,,0.25,1.0,1.0,0,4.2,3.0,,,,,"[{""current_in_A"": null, ""end_soc"": 1.0, ""end_voltage_in_V"": null, ""power_in_W"": null, ""rate_in_C"": 1.825, ""start_soc"": 0.590611, ""start_voltage_in_V"": null, ""voltage_in_V"": null}]","[{""current_in_A"": null, ""end_soc"": 0.58996, ""end_voltage_in_V"": null, ""power_in_W"": null, ""rate_in_C"": 1.025, ""start_soc"": 1.0, ""start_voltage_in_V"": null, ""voltage_in_V"": null}]","[0.590611, 1]",10420,1.0,10420.0,0.590611,1.0,1,1.825,1.825,1.825,,,1,1.025,1.025,1.025,,,,
ISU_ILCC,ISU_ILCC/ISU-ILCC_G41C1.pkl,223177318,ISU-ILCC_G41C1, 502030-size Li-polymer,graphite,NMC,,0.25,1.0,1.0,0,4.2,3.0,,,,,"[{""current_in_A"": null, ""end_soc"": 1.0, ""end_voltage_in_V"": null, ""power_in_W"": null, ""rate_in_C"": 2.075, ""start_soc"": 0.24428455555555562, ""start_voltage_in_V"": null, ""voltage_in_V"": null}]","[{""current_in_A"": null, ""end_soc"": 0.23453177777777778, ""end_voltage_in_V"": null, ""power_in_W"": null, ""rate_in_C"": 1.775, ""start_soc"": 1.0, ""start_voltage_in_V"": null, ""voltage_in_V"": null}]","[0.24428455555555562, 1]",11199,1.0,11199.0,0.24428455555555562,1.0,1,2.075,2.075,2.075,,,1,1.775,1.775,1.775,,,,
ISU_ILCC,ISU_ILCC/ISU-ILCC_G41C2.pkl,140648217,ISU-ILCC_G41C2, 502030-size Li-polymer,graphite,NMC,,0.25,1.0,1.0,0,4.2,3.0,,,,,"[{""current_in_A"": null, ""end_soc"": 1.0, ""end_voltage_in_V"": null, ""power_in_W"": null, ""rate_in_C"": 2.075, ""start_soc"": 0.23646777777777772, ""start_voltage_in_V"": null, ""voltage_in_V"": null}]","[{""current_in_A"": null, ""end_soc"": 0.23788255555555549, ""end_voltage_in_V"": null, ""power_in_W"": null, ""rate_in_C"": 1.775, ""start_soc"": 1.0, ""start_voltage_in_V"": null, ""voltage_in_V"": null}]","[0.23646777777777772, 1]",6628,1.0,6628.0,0.23646777777777772,1.0,1,2.075,2.075,2.075,,,1,1.775,1.775,1.775,,,,
ISU_ILCC,ISU_ILCC/ISU-ILCC_G41C3.pkl,190673958,ISU-ILCC_G41C3, 502030-size Li-polymer,graphite,NMC,,0.25,1.0,1.0,0,4.2,3.0,,,,,"[{""current_in_A"": null, ""end_soc"": 1.0, ""end_voltage_in_V"": null, ""power_in_W"": null, ""rate_in_C"": 2.075, ""start_soc"": 0.23620333333333332, ""start_voltage_in_V"": null, ""voltage_in_V"": null}]","[{""current_in_A"": null, ""end_soc"": 0.23025688888888884, ""end_voltage_in_V"": null, ""power_in_W"": null, ""rate_in_C"": 1.775, ""start_soc"": 1.0, ""start_voltage_in_V"": null, ""voltage_in_V"": null}]","[0.23620333333333332, 1]",8903,1.0,8903.0,0.23620333333333332,1.0,1,2.075,2.075,2.075,,,1,1.775,1.775,1.775,,,,
ISU_ILCC,ISU_ILCC/ISU-ILCC_G41C4.pkl,197131658,ISU-ILCC_G41C4, 502030-size Li-polymer,graphite,NMC,,0.25,1.0,1.0,0,4.2,3.0,,,,,"[{""current_in_A"": null, ""end_soc"": 1.0, ""end_voltage_in_V"": null, ""power_in_W"": null, ""rate_in_C"": 2.075, ""start_soc"": 0.2437745555555556, ""start_voltage_in_V"": null, ""voltage_in_V"": null}]","[{""current_in_A"": null, ""end_soc"": 0.237047, ""end_voltage_in_V"": null, ""power_in_W"": null, ""rate_in_C"": 1.775, ""start_soc"": 1.0, ""start_voltage_in_V"": null, ""voltage_in_V"": null}]","[0.2437745555555556, 1]",10205,1.0,10205.0,0.2437745555555556,1.0,1,2.075,2.075,2.075,,,1,1.775,1.775,1.775,,,,
ISU_ILCC,ISU_ILCC/ISU-ILCC_G42C1.pkl,205699223,ISU-ILCC_G42C1, 502030-size Li-polymer,graphite,NMC,,0.25,1.0,1.0,0,4.2,3.0,,,,,"[{""current_in_A"": null, ""end_soc"": 1.0, ""end_voltage_in_V"": null, ""power_in_W"": null, ""rate_in_C"": 0.725, ""start_soc"": 0.521901, ""start_voltage_in_V"": null, ""voltage_in_V"": null}]","[{""current_in_A"": null, ""end_soc"": 0.5058812222222222, ""end_voltage_in_V"": null, ""power_in_W"": null, ""rate_in_C"": 2.375, ""start_soc"": 1.0, ""start_voltage_in_V"": null, ""voltage_in_V"": null}]","[0.521901, 1]",13957,1.0,13957.0,0.521901,1.0,1,0.725,0.725,0.725,,,1,2.375,2.375,2.375,,,,
ISU_ILCC,ISU_ILCC/ISU-ILCC_G42C2.pkl,210840866,ISU-ILCC_G42C2, 502030-size Li-polymer,graphite,NMC,,0.25,1.0,1.0,0,4.2,3.0,,,,,"[{""current_in_A"": null, ""end_soc"": 1.0, ""end_voltage_in_V"": null, ""power_in_W"": null, ""rate_in_C"": 0.725, ""start_soc"": 0.5361873333333333, ""start_voltage_in_V"": null, ""voltage_in_V"": null}]","[{""current_in_A"": null, ""end_soc"": 0.5092944444444445, ""end_voltage_in_V"": null, ""power_in_W"": null, ""rate_in_C"": 2.375, ""start_soc"": 1.0, ""start_voltage_in_V"": null, ""voltage_in_V"": null}]","[0.5361873333333333, 1]",16285,1.0,16285.0,0.5361873333333333,1.0,1,0.725,0.725,0.725,,,1,2.375,2.375,2.375,,,,
ISU_ILCC,ISU_ILCC/ISU-ILCC_G42C3.pkl,177613202,ISU-ILCC_G42C3, 502030-size Li-polymer,graphite,NMC,,0.25,1.0,1.0,0,4.2,3.0,,,,,"[{""current_in_A"": null, ""end_soc"": 1.0, ""end_voltage_in_V"": null, ""power_in_W"": null, ""rate_in_C"": 0.725, ""start_soc"": 0.5015956666666667, ""start_voltage_in_V"": null, ""voltage_in_V"": null}]","[{""current_in_A"": null, ""end_soc"": 0.4843723333333334, ""end_voltage_in_V"": null, ""power_in_W"": null, ""rate_in_C"": 2.375, ""start_soc"": 1.0, ""start_voltage_in_V"": null, ""voltage_in_V"": null}]","[0.5015956666666667, 1]",13829,1.0,13829.0,0.5015956666666667,1.0,1,0.725,0.725,0.725,,,1,2.375,2.375,2.375,,,,
ISU_ILCC,ISU_ILCC/ISU-ILCC_G43C1.pkl,229704545,ISU-ILCC_G43C1, 502030-size Li-polymer,graphite,NMC,,0.25,1.0,1.0,0,4.2,3.0,,,,,"[{""current_in_A"": null, ""end_soc"": 1.0, ""end_voltage_in_V"": null, ""power_in_W"": null, ""rate_in_C"": 1.875, ""start_soc"": 0.5705651111111111, ""start_voltage_in_V"": null, ""voltage_in_V"": null}]","[{""current_in_A"": null, ""end_soc"": 0.5595783333333333, ""end_voltage_in_V"": null, ""power_in_W"": null, ""rate_in_C"": 2.325, ""start_soc"": 1.0, ""start_voltage_in_V"": null, ""voltage_in_V"": null}]","[0.5705651111111111, 1]",22037,1.0,22037.0,0.5705651111111111,1.0,1,1.875,1.875,1.875,,,1,2.325,2.325,2.325,,,,
ISU_ILCC,ISU_ILCC/ISU-ILCC_G43C2.pkl,174774080,ISU-ILCC_G43C2, 502030-size Li-polymer,graphite,NMC,,0.25,1.0,1.0,0,4.2,3.0,,,,,"[{""current_in_A"": null, ""end_soc"": 1.0, ""end_voltage_in_V"": null, ""power_in_W"": null, ""rate_in_C"": 1.875, ""start_soc"": 0.5704961111111111, ""start_voltage_in_V"": null, ""voltage_in_V"": null}]","[{""current_in_A"": null, ""end_soc"": 0.5690264444444444, ""end_voltage_in_V"": null, ""power_in_W"": null, ""rate_in_C"": 2.325, ""start_soc"": 1.0, ""start_voltage_in_V"": null, ""voltage_in_V"": null}]","[0.5704961111111111, 1]",13894,1.0,13894.0,0.5704961111111111,1.0,1,1.875,1.875,1.875,,,1,2.325,2.325,2.325,,,,
ISU_ILCC,ISU_ILCC/ISU-ILCC_G43C3.pkl,220805774,ISU-ILCC_G43C3, 502030-size Li-polymer,graphite,NMC,,0.25,1.0,1.0,0,4.2,3.0,,,,,"[{""current_in_A"": null, ""end_soc"": 1.0, ""end_voltage_in_V"": null, ""power_in_W"": null, ""rate_in_C"": 1.875, ""start_soc"": 0.5939016666666667, ""start_voltage_in_V"": null, ""voltage_in_V"": null}]","[{""current_in_A"": null, ""end_soc"": 0.5885125555555555, ""end_voltage_in_V"": null, ""power_in_W"": null, ""rate_in_C"": 2.325, ""start_soc"": 1.0, ""start_voltage_in_V"": null, ""voltage_in_V"": null}]","[0.5939016666666667, 1]",16463,1.0,16463.0,0.5939016666666667,1.0,1,1.875,1.875,1.875,,,1,2.325,2.325,2.325,,,,
ISU_ILCC,ISU_ILCC/ISU-ILCC_G43C4.pkl,194258695,ISU-ILCC_G43C4, 502030-size Li-polymer,graphite,NMC,,0.25,1.0,1.0,0,4.2,3.0,,,,,"[{""current_in_A"": null, ""end_soc"": 1.0, ""end_voltage_in_V"": null, ""power_in_W"": null, ""rate_in_C"": 1.875, ""start_soc"": 0.5648784444444443, ""start_voltage_in_V"": null, ""voltage_in_V"": null}]","[{""current_in_A"": null, ""end_soc"": 0.5590017777777778, ""end_voltage_in_V"": null, ""power_in_W"": null, ""rate_in_C"": 2.325, ""start_soc"": 1.0, ""start_voltage_in_V"": null, ""voltage_in_V"": null}]","[0.5648784444444443, 1]",14465,1.0,14465.0,0.5648784444444443,1.0,1,1.875,1.875,1.875,,,1,2.325,2.325,2.325,,,,
ISU_ILCC,ISU_ILCC/ISU-ILCC_G44C1.pkl,98334490,ISU-ILCC_G44C1, 502030-size Li-polymer,graphite,NMC,,0.25,1.0,1.0,0,4.2,3.0,,,,,"[{""current_in_A"": null, ""end_soc"": 1.0, ""end_voltage_in_V"": null, ""power_in_W"": null, ""rate_in_C"": 0.775, ""start_soc"": 0.591472177777776, ""start_voltage_in_V"": null, ""voltage_in_V"": null}]","[{""current_in_A"": null, ""end_soc"": 0.592559688888888, ""end_voltage_in_V"": null, ""power_in_W"": null, ""rate_in_C"": 1.275, ""start_soc"": 1.0, ""start_voltage_in_V"": null, ""voltage_in_V"": null}]","[0.591472177777776, 1]",5108,1.0,5108.0,0.591472177777776,1.0,1,0.775,0.775,0.775,,,1,1.275,1.275,1.275,,,,
ISU_ILCC,ISU_ILCC/ISU-ILCC_G44C2.pkl,154182122,ISU-ILCC_G44C2, 502030-size Li-polymer,graphite,NMC,,0.25,1.0,1.0,0,4.2,3.0,,,,,"[{""current_in_A"": null, ""end_soc"": 1.0, ""end_voltage_in_V"": null, ""power_in_W"": null, ""rate_in_C"": 0.775, ""start_soc"": 0.578147413333332, ""start_voltage_in_V"": null, ""voltage_in_V"": null}]","[{""current_in_A"": null, ""end_soc"": 0.579765777777776, ""end_voltage_in_V"": null, ""power_in_W"": null, ""rate_in_C"": 1.275, ""start_soc"": 1.0, ""start_voltage_in_V"": null, ""voltage_in_V"": null}]","[0.578147413333332, 1]",7742,1.0,7742.0,0.578147413333332,1.0,1,0.775,0.775,0.775,,,1,1.275,1.275,1.275,,,,
ISU_ILCC,ISU_ILCC/ISU-ILCC_G44C3.pkl,159012672,ISU-ILCC_G44C3, 502030-size Li-polymer,graphite,NMC,,0.25,1.0,1.0,0,4.2,3.0,,,,,"[{""current_in_A"": null, ""end_soc"": 1.0, ""end_voltage_in_V"": null, ""power_in_W"": null, ""rate_in_C"": 0.775, ""start_soc"": 0.568001991111112, ""start_voltage_in_V"": null, ""voltage_in_V"": null}]","[{""current_in_A"": null, ""end_soc"": 0.5684574222222241, ""end_voltage_in_V"": null, ""power_in_W"": null, ""rate_in_C"": 1.275, ""start_soc"": 1.0, ""start_voltage_in_V"": null, ""voltage_in_V"": null}]","[0.568001991111112, 1]",6301,1.0,6301.0,0.568001991111112,1.0,1,0.775,0.775,0.775,,,1,1.275,1.275,1.275,,,,
ISU_ILCC,ISU_ILCC/ISU-ILCC_G44C4.pkl,146288258,ISU-ILCC_G44C4, 502030-size Li-polymer,graphite,NMC,,0.25,1.0,1.0,0,4.2,3.0,,,,,"[{""current_in_A"": null, ""end_soc"": 1.0, ""end_voltage_in_V"": null, ""power_in_W"": null, ""rate_in_C"": 0.775, ""start_soc"": 0.571749546666668, ""start_voltage_in_V"": null, ""voltage_in_V"": null}]","[{""current_in_A"": null, ""end_soc"": 0.5789013333333319, ""end_voltage_in_V"": null, ""power_in_W"": null, ""rate_in_C"": 1.275, ""start_soc"": 1.0, ""start_voltage_in_V"": null, ""voltage_in_V"": null}]","[0.571749546666668, 1]",7304,1.0,7304.0,0.571749546666668,1.0,1,0.775,0.775,0.775,,,1,1.275,1.275,1.275,,,,
ISU_ILCC,ISU_ILCC/ISU-ILCC_G45C1.pkl,93499722,ISU-ILCC_G45C1, 502030-size Li-polymer,graphite,NMC,,0.25,1.0,1.0,0,4.2,3.0,,,,,"[{""current_in_A"": null, ""end_soc"": 1.0, ""end_voltage_in_V"": null, ""power_in_W"": null, ""rate_in_C"": 1.125, ""start_soc"": 0.09613148444444397, ""start_voltage_in_V"": null, ""voltage_in_V"": null}]","[{""current_in_A"": null, ""end_soc"": 0.09725982222222396, ""end_voltage_in_V"": null, ""power_in_W"": null, ""rate_in_C"": 1.725, ""start_soc"": 1.0, ""start_voltage_in_V"": null, ""voltage_in_V"": null}]","[0.09613148444444397, 1]",4357,1.0,4357.0,0.09613148444444397,1.0,1,1.125,1.125,1.125,,,1,1.725,1.725,1.725,,,,
ISU_ILCC,ISU_ILCC/ISU-ILCC_G45C2.pkl,107245069,ISU-ILCC_G45C2, 502030-size Li-polymer,graphite,NMC,,0.25,1.0,1.0,0,4.2,3.0,,,,,"[{""current_in_A"": null, ""end_soc"": 1.0, ""end_voltage_in_V"": null, ""power_in_W"": null, ""rate_in_C"": 1.125, ""start_soc"": 0.07154844444444397, ""start_voltage_in_V"": null, ""voltage_in_V"": null}]","[{""current_in_A"": null, ""end_soc"": 0.07511413333333194, ""end_voltage_in_V"": null, ""power_in_W"": null, ""rate_in_C"": 1.725, ""start_soc"": 1.0, ""start_voltage_in_V"": null, ""voltage_in_V"": null}]","[0.07154844444444397, 1]",5296,1.0,5296.0,0.07154844444444397,1.0,1,1.125,1.125,1.125,,,1,1.725,1.725,1.725,,,,
ISU_ILCC,ISU_ILCC/ISU-ILCC_G45C3.pkl,105154876,ISU-ILCC_G45C3, 502030-size Li-polymer,graphite,NMC,,0.25,1.0,1.0,0,4.2,3.0,,,,,"[{""current_in_A"": null, ""end_soc"": 1.0, ""end_voltage_in_V"": null, ""power_in_W"": null, ""rate_in_C"": 1.125, ""start_soc"": 0.08919310222222399, ""start_voltage_in_V"": null, ""voltage_in_V"": null}]","[{""current_in_A"": null, ""end_soc"": 0.09148133333333197, ""end_voltage_in_V"": null, ""power_in_W"": null, ""rate_in_C"": 1.725, ""start_soc"": 1.0, ""start_voltage_in_V"": null, ""voltage_in_V"": null}]","[0.08919310222222399, 1]",5457,1.0,5457.0,0.08919310222222399,1.0,1,1.125,1.125,1.125,,,1,1.725,1.725,1.725,,,,
ISU_ILCC,ISU_ILCC/ISU-ILCC_G45C4.pkl,92302940,ISU-ILCC_G45C4, 502030-size Li-polymer,graphite,NMC,,0.25,1.0,1.0,0,4.2,3.0,,,,,"[{""current_in_A"": null, ""end_soc"": 1.0, ""end_voltage_in_V"": null, ""power_in_W"": null, ""rate_in_C"": 1.125, ""start_soc"": 0.08790755555555596, ""start_voltage_in_V"": null, ""voltage_in_V"": null}]","[{""current_in_A"": null, ""end_soc"": 0.09007457777777605, ""end_voltage_in_V"": null, ""power_in_W"": null, ""rate_in_C"": 1.725, ""start_soc"": 1.0, ""start_voltage_in_V"": null, ""voltage_in_V"": null}]","[0.08790755555555596, 1]",4418,1.0,4418.0,0.08790755555555596,1.0,1,1.125,1.125,1.125,,,1,1.725,1.725,1.725,,,,
ISU_ILCC,ISU_ILCC/ISU-ILCC_G46C1.pkl,104714613,ISU-ILCC_G46C1, 502030-size Li-polymer,graphite,NMC,,0.25,1.0,1.0,0,4.2,3.0,,,,,"[{""current_in_A"": null, ""end_soc"": 1.0, ""end_voltage_in_V"": null, ""power_in_W"": null, ""rate_in_C"": 1.225, ""start_soc"": 0.15986766222222404, ""start_voltage_in_V"": null, ""voltage_in_V"": null}]","[{""current_in_A"": null, ""end_soc"": 0.16119591111111198, ""end_voltage_in_V"": null, ""power_in_W"": null, ""rate_in_C"": 2.025, ""start_soc"": 1.0, ""start_voltage_in_V"": null, ""voltage_in_V"": null}]","[0.15986766222222404, 1]",5932,1.0,5932.0,0.15986766222222404,1.0,1,1.225,1.225,1.225,,,1,2.025,2.025,2.025,,,,
ISU_ILCC,ISU_ILCC/ISU-ILCC_G46C2.pkl,102634250,ISU-ILCC_G46C2, 502030-size Li-polymer,graphite,NMC,,0.25,1.0,1.0,0,4.2,3.0,,,,,"[{""current_in_A"": null, ""end_soc"": 1.0, ""end_voltage_in_V"": null, ""power_in_W"": null, ""rate_in_C"": 1.225, ""start_soc"": 0.13349219555555603, ""start_voltage_in_V"": null, ""voltage_in_V"": null}]","[{""current_in_A"": null, ""end_soc"": 0.13611439999999997, ""end_voltage_in_V"": null, ""power_in_W"": null, ""rate_in_C"": 2.025, ""start_soc"": 1.0, ""start_voltage_in_V"": null, ""voltage_in_V"": null}]","[0.13349219555555603, 1]",5141,1.0,5141.0,0.13349219555555603,1.0,1,1.225,1.225,1.225,,,1,2.025,2.025,2.025,,,,
ISU_ILCC,ISU_ILCC/ISU-ILCC_G46C3.pkl,85156084,ISU-ILCC_G46C3, 502030-size Li-polymer,graphite,NMC,,0.25,1.0,1.0,0,4.2,3.0,,,,,"[{""current_in_A"": null, ""end_soc"": 1.0, ""end_voltage_in_V"": null, ""power_in_W"": null, ""rate_in_C"": 1.225, ""start_soc"": 0.14616305777777605, ""start_voltage_in_V"": null, ""voltage_in_V"": null}]","[{""current_in_A"": null, ""end_soc"": 0.14966728888888803, ""end_voltage_in_V"": null, ""power_in_W"": null, ""rate_in_C"": 2.025, ""start_soc"": 1.0, ""start_voltage_in_V"": null, ""voltage_in_V"": null}]","[0.14616305777777605, 1]",4849,1.0,4849.0,0.14616305777777605,1.0,1,1.225,1.225,1.225,,,1,2.025,2.025,2.025,,,,
ISU_ILCC,ISU_ILCC/ISU-ILCC_G46C4.pkl,107530927,ISU-ILCC_G46C4, 502030-size Li-polymer,graphite,NMC,,0.25,1.0,1.0,0,4.2,3.0,,,,,"[{""current_in_A"": null, ""end_soc"": 1.0, ""end_voltage_in_V"": null, ""power_in_W"": null, ""rate_in_C"": 1.225, ""start_soc"": 0.130300871111112, ""start_voltage_in_V"": null, ""voltage_in_V"": null}]","[{""current_in_A"": null, ""end_soc"": 0.128809688888888, ""end_voltage_in_V"": null, ""power_in_W"": null, ""rate_in_C"": 2.025, ""start_soc"": 1.0, ""start_voltage_in_V"": null, ""voltage_in_V"": null}]","[0.130300871111112, 1]",6206,1.0,6206.0,0.130300871111112,1.0,1,1.225,1.225,1.225,,,1,2.025,2.025,2.025,,,,
ISU_ILCC,ISU_ILCC/ISU-ILCC_G47C1.pkl,90821202,ISU-ILCC_G47C1, 502030-size Li-polymer,graphite,NMC,,0.25,1.0,1.0,0,4.2,3.0,,,,,"[{""current_in_A"": null, ""end_soc"": 1.0, ""end_voltage_in_V"": null, ""power_in_W"": null, ""rate_in_C"": 2.325, ""start_soc"": 0.47828821333333205, ""start_voltage_in_V"": null, ""voltage_in_V"": null}]","[{""current_in_A"": null, ""end_soc"": 0.46425102222222403, ""end_voltage_in_V"": null, ""power_in_W"": null, ""rate_in_C"": 1.925, ""start_soc"": 1.0, ""start_voltage_in_V"": null, ""voltage_in_V"": null}]","[0.47828821333333205, 1]",6027,1.0,6027.0,0.47828821333333205,1.0,1,2.325,2.325,2.325,,,1,1.925,1.925,1.925,,,,
ISU_ILCC,ISU_ILCC/ISU-ILCC_G47C2.pkl,126219464,ISU-ILCC_G47C2, 502030-size Li-polymer,graphite,NMC,,0.25,1.0,1.0,0,4.2,3.0,,,,,"[{""current_in_A"": null, ""end_soc"": 1.0, ""end_voltage_in_V"": null, ""power_in_W"": null, ""rate_in_C"": 2.325, ""start_soc"": 0.469058631111112, ""start_voltage_in_V"": null, ""voltage_in_V"": null}]","[{""current_in_A"": null, ""end_soc"": 0.45357688888888803, ""end_voltage_in_V"": null, ""power_in_W"": null, ""rate_in_C"": 1.925, ""start_soc"": 1.0, ""start_voltage_in_V"": null, ""voltage_in_V"": null}]","[0.469058631111112, 1]",7478,1.0,7478.0,0.469058631111112,1.0,1,2.325,2.325,2.325,,,1,1.925,1.925,1.925,,,,
ISU_ILCC,ISU_ILCC/ISU-ILCC_G47C3.pkl,95532943,ISU-ILCC_G47C3, 502030-size Li-polymer,graphite,NMC,,0.25,1.0,1.0,0,4.2,3.0,,,,,"[{""current_in_A"": null, ""end_soc"": 1.0, ""end_voltage_in_V"": null, ""power_in_W"": null, ""rate_in_C"": 2.325, ""start_soc"": 0.458542897777776, ""start_voltage_in_V"": null, ""voltage_in_V"": null}]","[{""current_in_A"": null, ""end_soc"": 0.44232684444444403, ""end_voltage_in_V"": null, ""power_in_W"": null, ""rate_in_C"": 1.925, ""start_soc"": 1.0, ""start_voltage_in_V"": null, ""voltage_in_V"": null}]","[0.458542897777776, 1]",5977,1.0,5977.0,0.458542897777776,1.0,1,2.325,2.325,2.325,,,1,1.925,1.925,1.925,,,,
ISU_ILCC,ISU_ILCC/ISU-ILCC_G47C4.pkl,90940830,ISU-ILCC_G47C4, 502030-size Li-polymer,graphite,NMC,,0.25,1.0,1.0,0,4.2,3.0,,,,,"[{""current_in_A"": null, ""end_soc"": 1.0, ""end_voltage_in_V"": null, ""power_in_W"": null, ""rate_in_C"": 2.325, ""start_soc"": 0.456492266666668, ""start_voltage_in_V"": null, ""voltage_in_V"": null}]","[{""current_in_A"": null, ""end_soc"": 0.440357955555556, ""end_voltage_in_V"": null, ""power_in_W"": null, ""rate_in_C"": 1.925, ""start_soc"": 1.0, ""start_voltage_in_V"": null, ""voltage_in_V"": null}]","[0.456492266666668, 1]",6086,1.0,6086.0,0.456492266666668,1.0,1,2.325,2.325,2.325,,,1,1.925,1.925,1.925,,,,
ISU_ILCC,ISU_ILCC/ISU-ILCC_G48C1.pkl,75550959,ISU-ILCC_G48C1, 502030-size Li-polymer,graphite,NMC,,0.25,1.0,1.0,0,4.2,3.0,,,,,"[{""current_in_A"": null, ""end_soc"": 1.0, ""end_voltage_in_V"": null, ""power_in_W"": null, ""rate_in_C"": 2.375, ""start_soc"": 0.34643733333333204, ""start_voltage_in_V"": null, ""voltage_in_V"": null}]","[{""current_in_A"": null, ""end_soc"": 0.33079444444444395, ""end_voltage_in_V"": null, ""power_in_W"": null, ""rate_in_C"": 2.225, ""start_soc"": 1.0, ""start_voltage_in_V"": null, ""voltage_in_V"": null}]","[0.34643733333333204, 1]",3936,1.0,3936.0,0.34643733333333204,1.0,1,2.375,2.375,2.375,,,1,2.225,2.225,2.225,,,,
ISU_ILCC,ISU_ILCC/ISU-ILCC_G48C2.pkl,85594990,ISU-ILCC_G48C2, 502030-size Li-polymer,graphite,NMC,,0.25,1.0,1.0,0,4.2,3.0,,,,,"[{""current_in_A"": null, ""end_soc"": 1.0, ""end_voltage_in_V"": null, ""power_in_W"": null, ""rate_in_C"": 2.375, ""start_soc"": 0.361607608888888, ""start_voltage_in_V"": null, ""voltage_in_V"": null}]","[{""current_in_A"": null, ""end_soc"": 0.34839831111111197, ""end_voltage_in_V"": null, ""power_in_W"": null, ""rate_in_C"": 2.225, ""start_soc"": 1.0, ""start_voltage_in_V"": null, ""voltage_in_V"": null}]","[0.361607608888888, 1]",5711,1.0,5711.0,0.361607608888888,1.0,1,2.375,2.375,2.375,,,1,2.225,2.225,2.225,,,,
ISU_ILCC,ISU_ILCC/ISU-ILCC_G48C3.pkl,95695769,ISU-ILCC_G48C3, 502030-size Li-polymer,graphite,NMC,,0.25,1.0,1.0,0,4.2,3.0,,,,,"[{""current_in_A"": null, ""end_soc"": 1.0, ""end_voltage_in_V"": null, ""power_in_W"": null, ""rate_in_C"": 2.375, ""start_soc"": 0.31643000888888795, ""start_voltage_in_V"": null, ""voltage_in_V"": null}]","[{""current_in_A"": null, ""end_soc"": 0.30230528888888797, ""end_voltage_in_V"": null, ""power_in_W"": null, ""rate_in_C"": 2.225, ""start_soc"": 1.0, ""start_voltage_in_V"": null, ""voltage_in_V"": null}]","[0.31643000888888795, 1]",4979,1.0,4979.0,0.31643000888888795,1.0,1,2.375,2.375,2.375,,,1,2.225,2.225,2.225,,,,
ISU_ILCC,ISU_ILCC/ISU-ILCC_G48C4.pkl,80742784,ISU-ILCC_G48C4, 502030-size Li-polymer,graphite,NMC,,0.25,1.0,1.0,0,4.2,3.0,,,,,"[{""current_in_A"": null, ""end_soc"": 1.0, ""end_voltage_in_V"": null, ""power_in_W"": null, ""rate_in_C"": 2.375, ""start_soc"": 0.36419029333333197, ""start_voltage_in_V"": null, ""voltage_in_V"": null}]","[{""current_in_A"": null, ""end_soc"": 0.35132435555555597, ""end_voltage_in_V"": null, ""power_in_W"": null, ""rate_in_C"": 2.225, ""start_soc"": 1.0, ""start_voltage_in_V"": null, ""voltage_in_V"": null}]","[0.36419029333333197, 1]",5610,1.0,5610.0,0.36419029333333197,1.0,1,2.375,2.375,2.375,,,1,2.225,2.225,2.225,,,,
ISU_ILCC,ISU_ILCC/ISU-ILCC_G49C1.pkl,201978106,ISU-ILCC_G49C1, 502030-size Li-polymer,graphite,NMC,,0.25,1.0,1.0,0,4.2,3.0,,,,,"[{""current_in_A"": null, ""end_soc"": 1.0, ""end_voltage_in_V"": null, ""power_in_W"": null, ""rate_in_C"": 0.975, ""start_soc"": 0.7683247822222223, ""start_voltage_in_V"": null, ""voltage_in_V"": null}]","[{""current_in_A"": null, ""end_soc"": 0.7719913555555555, ""end_voltage_in_V"": null, ""power_in_W"": null, ""rate_in_C"": 0.675, ""start_soc"": 1.0, ""start_voltage_in_V"": null, ""voltage_in_V"": null}]","[0.7683247822222223, 1]",11637,1.0,11637.0,0.7683247822222223,1.0,1,0.975,0.975,0.975,,,1,0.675,0.675,0.675,,,,
ISU_ILCC,ISU_ILCC/ISU-ILCC_G49C2.pkl,204560199,ISU-ILCC_G49C2, 502030-size Li-polymer,graphite,NMC,,0.25,1.0,1.0,0,4.2,3.0,,,,,"[{""current_in_A"": null, ""end_soc"": 1.0, ""end_voltage_in_V"": null, ""power_in_W"": null, ""rate_in_C"": 0.975, ""start_soc"": 0.7651347377777776, ""start_voltage_in_V"": null, ""voltage_in_V"": null}]","[{""current_in_A"": null, ""end_soc"": 0.7687677333333331, ""end_voltage_in_V"": null, ""power_in_W"": null, ""rate_in_C"": 0.675, ""start_soc"": 1.0, ""start_voltage_in_V"": null, ""voltage_in_V"": null}]","[0.7651347377777776, 1]",12010,1.0,12010.0,0.7651347377777776,1.0,1,0.975,0.975,0.975,,,1,0.675,0.675,0.675,,,,
ISU_ILCC,ISU_ILCC/ISU-ILCC_G49C3.pkl,203846627,ISU-ILCC_G49C3, 502030-size Li-polymer,graphite,NMC,,0.25,1.0,1.0,0,4.2,3.0,,,,,"[{""current_in_A"": null, ""end_soc"": 1.0, ""end_voltage_in_V"": null, ""power_in_W"": null, ""rate_in_C"": 0.975, ""start_soc"": 0.8362768177777776, ""start_voltage_in_V"": null, ""voltage_in_V"": null}]","[{""current_in_A"": null, ""end_soc"": 0.8417816111111112, ""end_voltage_in_V"": null, ""power_in_W"": null, ""rate_in_C"": 0.675, ""start_soc"": 1.0, ""start_voltage_in_V"": null, ""voltage_in_V"": null}]","[0.8362768177777776, 1]",13673,1.0,13673.0,0.8362768177777776,1.0,1,0.975,0.975,0.975,,,1,0.675,0.675,0.675,,,,
ISU_ILCC,ISU_ILCC/ISU-ILCC_G49C4.pkl,204410552,ISU-ILCC_G49C4, 502030-size Li-polymer,graphite,NMC,,0.25,1.0,1.0,0,4.2,3.0,,,,,"[{""current_in_A"": null, ""end_soc"": 1.0, ""end_voltage_in_V"": null, ""power_in_W"": null, ""rate_in_C"": 0.975, ""start_soc"": 0.7583363911111112, ""start_voltage_in_V"": null, ""voltage_in_V"": null}]","[{""current_in_A"": null, ""end_soc"": 0.7628871111111112, ""end_voltage_in_V"": null, ""power_in_W"": null, ""rate_in_C"": 0.675, ""start_soc"": 1.0, ""start_voltage_in_V"": null, ""voltage_in_V"": null}]","[0.7583363911111112, 1]",10471,1.0,10471.0,0.7583363911111112,1.0,1,0.975,0.975,0.975,,,1,0.675,0.675,0.675,,,,
ISU_ILCC,ISU_ILCC/ISU-ILCC_G4C1.pkl,142796950,ISU-ILCC_G4C1, 502030-size Li-polymer,graphite,NMC,,0.25,1.0,1.0,0,4.2,3.0,,,,,"[{""current_in_A"": null, ""end_soc"": 1.0, ""end_voltage_in_V"": null, ""power_in_W"": null, ""rate_in_C"": 1.0, ""start_soc"": 0.4723575555555556, ""start_voltage_in_V"": null, ""voltage_in_V"": null}]","[{""current_in_A"": null, ""end_soc"": 0.4733117777777778, ""end_voltage_in_V"": null, ""power_in_W"": null, ""rate_in_C"": 0.5, ""start_soc"": 1.0, ""start_voltage_in_V"": null, ""voltage_in_V"": null}]","[0.4723575555555556, 1]",2834,1.0,2834.0,0.4723575555555556,1.0,1,1.0,1.0,1.0,,,1,0.5,0.5,0.5,,,,
ISU_ILCC,ISU_ILCC/ISU-ILCC_G4C2.pkl,147747709,ISU-ILCC_G4C2, 502030-size Li-polymer,graphite,NMC,,0.25,1.0,1.0,0,4.2,3.0,,,,,"[{""current_in_A"": null, ""end_soc"": 1.0, ""end_voltage_in_V"": null, ""power_in_W"": null, ""rate_in_C"": 1.0, ""start_soc"": 0.4730311111111112, ""start_voltage_in_V"": null, ""voltage_in_V"": null}]","[{""current_in_A"": null, ""end_soc"": 0.4720985555555556, ""end_voltage_in_V"": null, ""power_in_W"": null, ""rate_in_C"": 0.5, ""start_soc"": 1.0, ""start_voltage_in_V"": null, ""voltage_in_V"": null}]","[0.4730311111111112, 1]",2794,1.0,2794.0,0.4730311111111112,1.0,1,1.0,1.0,1.0,,,1,0.5,0.5,0.5,,,,
ISU_ILCC,ISU_ILCC/ISU-ILCC_G4C3.pkl,163598235,ISU-ILCC_G4C3, 502030-size Li-polymer,graphite,NMC,,0.25,1.0,1.0,0,4.2,3.0,,,,,"[{""current_in_A"": null, ""end_soc"": 1.0, ""end_voltage_in_V"": null, ""power_in_W"": null, ""rate_in_C"": 1.0, ""start_soc"": 0.4652993333333334, ""start_voltage_in_V"": null, ""voltage_in_V"": null}]","[{""current_in_A"": null, ""end_soc"": 0.4627496666666667, ""end_voltage_in_V"": null, ""power_in_W"": null, ""rate_in_C"": 0.5, ""start_soc"": 1.0, ""start_voltage_in_V"": null, ""voltage_in_V"": null}]","[0.4652993333333334, 1]",3024,1.0,3024.0,0.4652993333333334,1.0,1,1.0,1.0,1.0,,,1,0.5,0.5,0.5,,,,
ISU_ILCC,ISU_ILCC/ISU-ILCC_G4C4.pkl,115865816,ISU-ILCC_G4C4, 502030-size Li-polymer,graphite,NMC,,0.25,1.0,1.0,0,4.2,3.0,,,,,"[{""current_in_A"": null, ""end_soc"": 1.0, ""end_voltage_in_V"": null, ""power_in_W"": null, ""rate_in_C"": 1.0, ""start_soc"": 0.45262388888888894, ""start_voltage_in_V"": null, ""voltage_in_V"": null}]","[{""current_in_A"": null, ""end_soc"": 0.4507644444444444, ""end_voltage_in_V"": null, ""power_in_W"": null, ""rate_in_C"": 0.5, ""start_soc"": 1.0, ""start_voltage_in_V"": null, ""voltage_in_V"": null}]","[0.45262388888888894, 1]",2124,1.0,2124.0,0.45262388888888894,1.0,1,1.0,1.0,1.0,,,1,0.5,0.5,0.5,,,,
ISU_ILCC,ISU_ILCC/ISU-ILCC_G50C1.pkl,195661994,ISU-ILCC_G50C1, 502030-size Li-polymer,graphite,NMC,,0.25,1.0,1.0,0,4.2,3.0,,,,,"[{""current_in_A"": null, ""end_soc"": 1.0, ""end_voltage_in_V"": null, ""power_in_W"": null, ""rate_in_C"": 2.425, ""start_soc"": 0.7581294755555557, ""start_voltage_in_V"": null, ""voltage_in_V"": null}]","[{""current_in_A"": null, ""end_soc"": 0.7602283777777776, ""end_voltage_in_V"": null, ""power_in_W"": null, ""rate_in_C"": 1.625, ""start_soc"": 1.0, ""start_voltage_in_V"": null, ""voltage_in_V"": null}]","[0.7581294755555557, 1]",19073,1.0,19073.0,0.7581294755555557,1.0,1,2.425,2.425,2.425,,,1,1.625,1.625,1.625,,,,
ISU_ILCC,ISU_ILCC/ISU-ILCC_G50C2.pkl,156764274,ISU-ILCC_G50C2, 502030-size Li-polymer,graphite,NMC,,0.25,1.0,1.0,0,4.2,3.0,,,,,"[{""current_in_A"": null, ""end_soc"": 1.0, ""end_voltage_in_V"": null, ""power_in_W"": null, ""rate_in_C"": 2.425, ""start_soc"": 0.7577010844444444, ""start_voltage_in_V"": null, ""voltage_in_V"": null}]","[{""current_in_A"": null, ""end_soc"": 0.7580631333333332, ""end_voltage_in_V"": null, ""power_in_W"": null, ""rate_in_C"": 1.625, ""start_soc"": 1.0, ""start_voltage_in_V"": null, ""voltage_in_V"": null}]","[0.7577010844444444, 1]",15269,1.0,15269.0,0.7577010844444444,1.0,1,2.425,2.425,2.425,,,1,1.625,1.625,1.625,,,,
ISU_ILCC,ISU_ILCC/ISU-ILCC_G50C3.pkl,212315778,ISU-ILCC_G50C3, 502030-size Li-polymer,graphite,NMC,,0.25,1.0,1.0,0,4.2,3.0,,,,,"[{""current_in_A"": null, ""end_soc"": 1.0, ""end_voltage_in_V"": null, ""power_in_W"": null, ""rate_in_C"": 2.425, ""start_soc"": 0.7971386311111112, ""start_voltage_in_V"": null, ""voltage_in_V"": null}]","[{""current_in_A"": null, ""end_soc"": 0.7970191111111112, ""end_voltage_in_V"": null, ""power_in_W"": null, ""rate_in_C"": 1.625, ""start_soc"": 1.0, ""start_voltage_in_V"": null, ""voltage_in_V"": null}]","[0.7971386311111112, 1]",21210,1.0,21210.0,0.7971386311111112,1.0,1,2.425,2.425,2.425,,,1,1.625,1.625,1.625,,,,
ISU_ILCC,ISU_ILCC/ISU-ILCC_G50C4.pkl,202403966,ISU-ILCC_G50C4, 502030-size Li-polymer,graphite,NMC,,0.25,1.0,1.0,0,4.2,3.0,,,,,"[{""current_in_A"": null, ""end_soc"": 1.0, ""end_voltage_in_V"": null, ""power_in_W"": null, ""rate_in_C"": 2.425, ""start_soc"": 0.7649841777777779, ""start_voltage_in_V"": null, ""voltage_in_V"": null}]","[{""current_in_A"": null, ""end_soc"": 0.7646194666666668, ""end_voltage_in_V"": null, ""power_in_W"": null, ""rate_in_C"": 1.625, ""start_soc"": 1.0, ""start_voltage_in_V"": null, ""voltage_in_V"": null}]","[0.7649841777777779, 1]",19112,1.0,19112.0,0.7649841777777779,1.0,1,2.425,2.425,2.425,,,1,1.625,1.625,1.625,,,,
ISU_ILCC,ISU_ILCC/ISU-ILCC_G51C1.pkl,91759619,ISU-ILCC_G51C1, 502030-size Li-polymer,graphite,NMC,,0.25,1.0,1.0,0,4.2,3.0,,,,,"[{""current_in_A"": null, ""end_soc"": 1.0, ""end_voltage_in_V"": null, ""power_in_W"": null, ""rate_in_C"": 2.275, ""start_soc"": 0.37484927999999995, ""start_voltage_in_V"": null, ""voltage_in_V"": null}]","[{""current_in_A"": null, ""end_soc"": 0.36148546666666803, ""end_voltage_in_V"": null, ""power_in_W"": null, ""rate_in_C"": 1.875, ""start_soc"": 1.0, ""start_voltage_in_V"": null, ""voltage_in_V"": null}]","[0.37484927999999995, 1]",4969,1.0,4969.0,0.37484927999999995,1.0,1,2.275,2.275,2.275,,,1,1.875,1.875,1.875,,,,
ISU_ILCC,ISU_ILCC/ISU-ILCC_G51C2.pkl,97343905,ISU-ILCC_G51C2, 502030-size Li-polymer,graphite,NMC,,0.25,1.0,1.0,0,4.2,3.0,,,,,"[{""current_in_A"": null, ""end_soc"": 1.0, ""end_voltage_in_V"": null, ""power_in_W"": null, ""rate_in_C"": 2.275, ""start_soc"": 0.44558997333333195, ""start_voltage_in_V"": null, ""voltage_in_V"": null}]","[{""current_in_A"": null, ""end_soc"": 0.43703195555555596, ""end_voltage_in_V"": null, ""power_in_W"": null, ""rate_in_C"": 1.875, ""start_soc"": 1.0, ""start_voltage_in_V"": null, ""voltage_in_V"": null}]","[0.44558997333333195, 1]",5504,1.0,5504.0,0.44558997333333195,1.0,1,2.275,2.275,2.275,,,1,1.875,1.875,1.875,,,,
ISU_ILCC,ISU_ILCC/ISU-ILCC_G51C3.pkl,89257549,ISU-ILCC_G51C3, 502030-size Li-polymer,graphite,NMC,,0.25,1.0,1.0,0,4.2,3.0,,,,,"[{""current_in_A"": null, ""end_soc"": 1.0, ""end_voltage_in_V"": null, ""power_in_W"": null, ""rate_in_C"": 2.275, ""start_soc"": 0.372581333333332, ""start_voltage_in_V"": null, ""voltage_in_V"": null}]","[{""current_in_A"": null, ""end_soc"": 0.356503422222224, ""end_voltage_in_V"": null, ""power_in_W"": null, ""rate_in_C"": 1.875, ""start_soc"": 1.0, ""start_voltage_in_V"": null, ""voltage_in_V"": null}]","[0.372581333333332, 1]",5383,1.0,5383.0,0.372581333333332,1.0,1,2.275,2.275,2.275,,,1,1.875,1.875,1.875,,,,
ISU_ILCC,ISU_ILCC/ISU-ILCC_G51C4.pkl,98912407,ISU-ILCC_G51C4, 502030-size Li-polymer,graphite,NMC,,0.25,1.0,1.0,0,4.2,3.0,,,,,"[{""current_in_A"": null, ""end_soc"": 1.0, ""end_voltage_in_V"": null, ""power_in_W"": null, ""rate_in_C"": 2.275, ""start_soc"": 0.407660764444444, ""start_voltage_in_V"": null, ""voltage_in_V"": null}]","[{""current_in_A"": null, ""end_soc"": 0.39285444444444395, ""end_voltage_in_V"": null, ""power_in_W"": null, ""rate_in_C"": 1.875, ""start_soc"": 1.0, ""start_voltage_in_V"": null, ""voltage_in_V"": null}]","[0.407660764444444, 1]",5400,1.0,5400.0,0.407660764444444,1.0,1,2.275,2.275,2.275,,,1,1.875,1.875,1.875,,,,
ISU_ILCC,ISU_ILCC/ISU-ILCC_G52C1.pkl,135546637,ISU-ILCC_G52C1, 502030-size Li-polymer,graphite,NMC,,0.25,1.0,1.0,0,4.2,3.0,,,,,"[{""current_in_A"": null, ""end_soc"": 1.0, ""end_voltage_in_V"": null, ""power_in_W"": null, ""rate_in_C"": 1.425, ""start_soc"": 0.046469000000000094, ""start_voltage_in_V"": null, ""voltage_in_V"": null}]","[{""current_in_A"": null, ""end_soc"": 0.05899288888888887, ""end_voltage_in_V"": null, ""power_in_W"": null, ""rate_in_C"": 0.875, ""start_soc"": 1.0, ""start_voltage_in_V"": null, ""voltage_in_V"": null}]","[0.046469000000000094, 1]",2527,1.0,2527.0,0.046469000000000094,1.0,1,1.425,1.425,1.425,,,1,0.875,0.875,0.875,,,,
ISU_ILCC,ISU_ILCC/ISU-ILCC_G52C2.pkl,107418654,ISU-ILCC_G52C2, 502030-size Li-polymer,graphite,NMC,,0.25,1.0,1.0,0,4.2,3.0,,,,,"[{""current_in_A"": null, ""end_soc"": 1.0, ""end_voltage_in_V"": null, ""power_in_W"": null, ""rate_in_C"": 1.425, ""start_soc"": 0.026802111111111082, ""start_voltage_in_V"": null, ""voltage_in_V"": null}]","[{""current_in_A"": null, ""end_soc"": 0.03454400000000002, ""end_voltage_in_V"": null, ""power_in_W"": null, ""rate_in_C"": 0.875, ""start_soc"": 1.0, ""start_voltage_in_V"": null, ""voltage_in_V"": null}]","[0.026802111111111082, 1]",1895,1.0,1895.0,0.026802111111111082,1.0,1,1.425,1.425,1.425,,,1,0.875,0.875,0.875,,,,
ISU_ILCC,ISU_ILCC/ISU-ILCC_G52C3.pkl,108358121,ISU-ILCC_G52C3, 502030-size Li-polymer,graphite,NMC,,0.25,1.0,1.0,0,4.2,3.0,,,,,"[{""current_in_A"": null, ""end_soc"": 1.0, ""end_voltage_in_V"": null, ""power_in_W"": null, ""rate_in_C"": 1.425, ""start_soc"": 0.03828711111111116, ""start_voltage_in_V"": null, ""voltage_in_V"": null}]","[{""current_in_A"": null, ""end_soc"": 0.04179744444444444, ""end_voltage_in_V"": null, ""power_in_W"": null, ""rate_in_C"": 0.875, ""start_soc"": 1.0, ""start_voltage_in_V"": null, ""voltage_in_V"": null}]","[0.03828711111111116, 1]",2128,1.0,2128.0,0.03828711111111116,1.0,1,1.425,1.425,1.425,,,1,0.875,0.875,0.875,,,,
ISU_ILCC,ISU_ILCC/ISU-ILCC_G52C4.pkl,118814697,ISU-ILCC_G52C4, 502030-size Li-polymer,graphite,NMC,,0.25,1.0,1.0,0,4.2,3.0,,,,,"[{""current_in_A"": null, ""end_soc"": 1.0, ""end_voltage_in_V"": null, ""power_in_W"": null, ""rate_in_C"": 1.425, ""start_soc"": 0.05908622222222215, ""start_voltage_in_V"": null, ""voltage_in_V"": null}]","[{""current_in_A"": null, ""end_soc"": 0.06794500000000003, ""end_voltage_in_V"": null, ""power_in_W"": null, ""rate_in_C"": 0.875, ""start_soc"": 1.0, ""start_voltage_in_V"": null, ""voltage_in_V"": null}]","[0.05908622222222215, 1]",2269,1.0,2269.0,0.05908622222222215,1.0,1,1.425,1.425,1.425,,,1,0.875,0.875,0.875,,,,
ISU_ILCC,ISU_ILCC/ISU-ILCC_G53C1.pkl,28727739,ISU-ILCC_G53C1, 502030-size Li-polymer,graphite,NMC,,0.25,1.0,1.0,0,4.2,3.0,,,,,"[{""current_in_A"": null, ""end_soc"": 1.0, ""end_voltage_in_V"": null, ""power_in_W"": null, ""rate_in_C"": 2.025, ""start_soc"": 0, ""start_voltage_in_V"": null, ""voltage_in_V"": null}]","[{""current_in_A"": null, ""end_soc"": 1, ""end_voltage_in_V"": null, ""power_in_W"": null, ""rate_in_C"": 0.825, ""start_soc"": 1.0, ""start_voltage_in_V"": null, ""voltage_in_V"": null}]","[0, 1]",466,1.0,466.0,0.0,1.0,1,2.025,2.025,2.025,,,1,0.825,0.825,0.825,,,,
ISU_ILCC,ISU_ILCC/ISU-ILCC_G53C2.pkl,33981659,ISU-ILCC_G53C2, 502030-size Li-polymer,graphite,NMC,,0.25,1.0,1.0,0,4.2,3.0,,,,,"[{""current_in_A"": null, ""end_soc"": 1.0, ""end_voltage_in_V"": null, ""power_in_W"": null, ""rate_in_C"": 2.025, ""start_soc"": 0, ""start_voltage_in_V"": null, ""voltage_in_V"": null}]","[{""current_in_A"": null, ""end_soc"": 1, ""end_voltage_in_V"": null, ""power_in_W"": null, ""rate_in_C"": 0.825, ""start_soc"": 1.0, ""start_voltage_in_V"": null, ""voltage_in_V"": null}]","[0, 1]",520,1.0,520.0,0.0,1.0,1,2.025,2.025,2.025,,,1,0.825,0.825,0.825,,,,
ISU_ILCC,ISU_ILCC/ISU-ILCC_G53C3.pkl,34527101,ISU-ILCC_G53C3, 502030-size Li-polymer,graphite,NMC,,0.25,1.0,1.0,0,4.2,3.0,,,,,"[{""current_in_A"": null, ""end_soc"": 1.0, ""end_voltage_in_V"": null, ""power_in_W"": null, ""rate_in_C"": 2.025, ""start_soc"": 0, ""start_voltage_in_V"": null, ""voltage_in_V"": null}]","[{""current_in_A"": null, ""end_soc"": 1, ""end_voltage_in_V"": null, ""power_in_W"": null, ""rate_in_C"": 0.825, ""start_soc"": 1.0, ""start_voltage_in_V"": null, ""voltage_in_V"": null}]","[0, 1]",586,1.0,586.0,0.0,1.0,1,2.025,2.025,2.025,,,1,0.825,0.825,0.825,,,,
ISU_ILCC,ISU_ILCC/ISU-ILCC_G53C4.pkl,95731334,ISU-ILCC_G53C4, 502030-size Li-polymer,graphite,NMC,,0.25,1.0,1.0,0,4.2,3.0,,,,,"[{""current_in_A"": null, ""end_soc"": 1.0, ""end_voltage_in_V"": null, ""power_in_W"": null, ""rate_in_C"": 2.025, ""start_soc"": 0, ""start_voltage_in_V"": null, ""voltage_in_V"": null}]","[{""current_in_A"": null, ""end_soc"": 1, ""end_voltage_in_V"": null, ""power_in_W"": null, ""rate_in_C"": 0.825, ""start_soc"": 1.0, ""start_voltage_in_V"": null, ""voltage_in_V"": null}]","[0, 1]",1472,1.0,1472.0,0.0,1.0,1,2.025,2.025,2.025,,,1,0.825,0.825,0.825,,,,
ISU_ILCC,ISU_ILCC/ISU-ILCC_G54C1.pkl,178798120,ISU-ILCC_G54C1, 502030-size Li-polymer,graphite,NMC,,0.25,1.0,1.0,0,4.2,3.0,,,,,"[{""current_in_A"": null, ""end_soc"": 1.0, ""end_voltage_in_V"": null, ""power_in_W"": null, ""rate_in_C"": 0.925, ""start_soc"": 0.697446, ""start_voltage_in_V"": null, ""voltage_in_V"": null}]","[{""current_in_A"": null, ""end_soc"": 0.6982437777777778, ""end_voltage_in_V"": null, ""power_in_W"": null, ""rate_in_C"": 1.125, ""start_soc"": 1.0, ""start_voltage_in_V"": null, ""voltage_in_V"": null}]","[0.697446, 1]",11093,1.0,11093.0,0.697446,1.0,1,0.925,0.925,0.925,,,1,1.125,1.125,1.125,,,,
ISU_ILCC,ISU_ILCC/ISU-ILCC_G54C2.pkl,201597892,ISU-ILCC_G54C2, 502030-size Li-polymer,graphite,NMC,,0.25,1.0,1.0,0,4.2,3.0,,,,,"[{""current_in_A"": null, ""end_soc"": 1.0, ""end_voltage_in_V"": null, ""power_in_W"": null, ""rate_in_C"": 0.925, ""start_soc"": 0.7015256666666667, ""start_voltage_in_V"": null, ""voltage_in_V"": null}]","[{""current_in_A"": null, ""end_soc"": 0.7066060000000001, ""end_voltage_in_V"": null, ""power_in_W"": null, ""rate_in_C"": 1.125, ""start_soc"": 1.0, ""start_voltage_in_V"": null, ""voltage_in_V"": null}]","[0.7015256666666667, 1]",11825,1.0,11825.0,0.7015256666666667,1.0,1,0.925,0.925,0.925,,,1,1.125,1.125,1.125,,,,
ISU_ILCC,ISU_ILCC/ISU-ILCC_G54C3.pkl,187418426,ISU-ILCC_G54C3, 502030-size Li-polymer,graphite,NMC,,0.25,1.0,1.0,0,4.2,3.0,,,,,"[{""current_in_A"": null, ""end_soc"": 1.0, ""end_voltage_in_V"": null, ""power_in_W"": null, ""rate_in_C"": 0.925, ""start_soc"": 0.6841276666666667, ""start_voltage_in_V"": null, ""voltage_in_V"": null}]","[{""current_in_A"": null, ""end_soc"": 0.689848, ""end_voltage_in_V"": null, ""power_in_W"": null, ""rate_in_C"": 1.125, ""start_soc"": 1.0, ""start_voltage_in_V"": null, ""voltage_in_V"": null}]","[0.6841276666666667, 1]",10357,1.0,10357.0,0.6841276666666667,1.0,1,0.925,0.925,0.925,,,1,1.125,1.125,1.125,,,,
ISU_ILCC,ISU_ILCC/ISU-ILCC_G54C4.pkl,161760981,ISU-ILCC_G54C4, 502030-size Li-polymer,graphite,NMC,,0.25,1.0,1.0,0,4.2,3.0,,,,,"[{""current_in_A"": null, ""end_soc"": 1.0, ""end_voltage_in_V"": null, ""power_in_W"": null, ""rate_in_C"": 0.925, ""start_soc"": 0.6781858888888889, ""start_voltage_in_V"": null, ""voltage_in_V"": null}]","[{""current_in_A"": null, ""end_soc"": 0.6803258888888889, ""end_voltage_in_V"": null, ""power_in_W"": null, ""rate_in_C"": 1.125, ""start_soc"": 1.0, ""start_voltage_in_V"": null, ""voltage_in_V"": null}]","[0.6781858888888889, 1]",9419,1.0,9419.0,0.6781858888888889,1.0,1,0.925,0.925,0.925,,,1,1.125,1.125,1.125,,,,
ISU_ILCC,ISU_ILCC/ISU-ILCC_G55C1.pkl,151464018,ISU-ILCC_G55C1, 502030-size Li-polymer,graphite,NMC,,0.25,1.0,1.0,0,4.2,3.0,,,,,"[{""current_in_A"": null, ""end_soc"": 1.0, ""end_voltage_in_V"": null, ""power_in_W"": null, ""rate_in_C"": 1.025, ""start_soc"": 0.3110264444444445, ""start_voltage_in_V"": null, ""voltage_in_V"": null}]","[{""current_in_A"": null, ""end_soc"": 0.29602977777777784, ""end_voltage_in_V"": null, ""power_in_W"": null, ""rate_in_C"": 2.475, ""start_soc"": 1.0, ""start_voltage_in_V"": null, ""voltage_in_V"": null}]","[0.3110264444444445, 1]",9788,1.0,9788.0,0.3110264444444445,1.0,1,1.025,1.025,1.025,,,1,2.475,2.475,2.475,,,,
ISU_ILCC,ISU_ILCC/ISU-ILCC_G55C2.pkl,149240215,ISU-ILCC_G55C2, 502030-size Li-polymer,graphite,NMC,,0.25,1.0,1.0,0,4.2,3.0,,,,,"[{""current_in_A"": null, ""end_soc"": 1.0, ""end_voltage_in_V"": null, ""power_in_W"": null, ""rate_in_C"": 1.025, ""start_soc"": 0.32862655555555553, ""start_voltage_in_V"": null, ""voltage_in_V"": null}]","[{""current_in_A"": null, ""end_soc"": 0.31143188888888895, ""end_voltage_in_V"": null, ""power_in_W"": null, ""rate_in_C"": 2.475, ""start_soc"": 1.0, ""start_voltage_in_V"": null, ""voltage_in_V"": null}]","[0.32862655555555553, 1]",8625,1.0,8625.0,0.32862655555555553,1.0,1,1.025,1.025,1.025,,,1,2.475,2.475,2.475,,,,
ISU_ILCC,ISU_ILCC/ISU-ILCC_G55C3.pkl,132220592,ISU-ILCC_G55C3, 502030-size Li-polymer,graphite,NMC,,0.25,1.0,1.0,0,4.2,3.0,,,,,"[{""current_in_A"": null, ""end_soc"": 1.0, ""end_voltage_in_V"": null, ""power_in_W"": null, ""rate_in_C"": 1.025, ""start_soc"": 0.300702, ""start_voltage_in_V"": null, ""voltage_in_V"": null}]","[{""current_in_A"": null, ""end_soc"": 0.29735611111111104, ""end_voltage_in_V"": null, ""power_in_W"": null, ""rate_in_C"": 2.475, ""start_soc"": 1.0, ""start_voltage_in_V"": null, ""voltage_in_V"": null}]","[0.300702, 1]",7910,1.0,7910.0,0.300702,1.0,1,1.025,1.025,1.025,,,1,2.475,2.475,2.475,,,,
ISU_ILCC,ISU_ILCC/ISU-ILCC_G55C4.pkl,152228891,ISU-ILCC_G55C4, 502030-size Li-polymer,graphite,NMC,,0.25,1.0,1.0,0,4.2,3.0,,,,,"[{""current_in_A"": null, ""end_soc"": 1.0, ""end_voltage_in_V"": null, ""power_in_W"": null, ""rate_in_C"": 1.025, ""start_soc"": 0.31146411111111116, ""start_voltage_in_V"": null, ""voltage_in_V"": null}]","[{""current_in_A"": null, ""end_soc"": 0.3031976666666667, ""end_voltage_in_V"": null, ""power_in_W"": null, ""rate_in_C"": 2.475, ""start_soc"": 1.0, ""start_voltage_in_V"": null, ""voltage_in_V"": null}]","[0.31146411111111116, 1]",9655,1.0,9655.0,0.31146411111111116,1.0,1,1.025,1.025,1.025,,,1,2.475,2.475,2.475,,,,
ISU_ILCC,ISU_ILCC/ISU-ILCC_G56C1.pkl,176677618,ISU-ILCC_G56C1, 502030-size Li-polymer,graphite,NMC,,0.25,1.0,1.0,0,4.2,3.0,,,,,"[{""current_in_A"": null, ""end_soc"": 1.0, ""end_voltage_in_V"": null, ""power_in_W"": null, ""rate_in_C"": 2.175, ""start_soc"": 0.3850928888888888, ""start_voltage_in_V"": null, ""voltage_in_V"": null}]","[{""current_in_A"": null, ""end_soc"": 0.3863373333333333, ""end_voltage_in_V"": null, ""power_in_W"": null, ""rate_in_C"": 0.975, ""start_soc"": 1.0, ""start_voltage_in_V"": null, ""voltage_in_V"": null}]","[0.3850928888888888, 1]",4840,1.0,4840.0,0.3850928888888888,1.0,1,2.175,2.175,2.175,,,1,0.975,0.975,0.975,,,,
ISU_ILCC,ISU_ILCC/ISU-ILCC_G56C2.pkl,165628797,ISU-ILCC_G56C2, 502030-size Li-polymer,graphite,NMC,,0.25,1.0,1.0,0,4.2,3.0,,,,,"[{""current_in_A"": null, ""end_soc"": 1.0, ""end_voltage_in_V"": null, ""power_in_W"": null, ""rate_in_C"": 2.175, ""start_soc"": 0.39333844444444443, ""start_voltage_in_V"": null, ""voltage_in_V"": null}]","[{""current_in_A"": null, ""end_soc"": 0.38964344444444443, ""end_voltage_in_V"": null, ""power_in_W"": null, ""rate_in_C"": 0.975, ""start_soc"": 1.0, ""start_voltage_in_V"": null, ""voltage_in_V"": null}]","[0.39333844444444443, 1]",4904,1.0,4904.0,0.39333844444444443,1.0,1,2.175,2.175,2.175,,,1,0.975,0.975,0.975,,,,
ISU_ILCC,ISU_ILCC/ISU-ILCC_G56C3.pkl,123549322,ISU-ILCC_G56C3, 502030-size Li-polymer,graphite,NMC,,0.25,1.0,1.0,0,4.2,3.0,,,,,"[{""current_in_A"": null, ""end_soc"": 1.0, ""end_voltage_in_V"": null, ""power_in_W"": null, ""rate_in_C"": 2.175, ""start_soc"": 0.3920311111111111, ""start_voltage_in_V"": null, ""voltage_in_V"": null}]","[{""current_in_A"": null, ""end_soc"": 0.3887587777777778, ""end_voltage_in_V"": null, ""power_in_W"": null, ""rate_in_C"": 0.975, ""start_soc"": 1.0, ""start_voltage_in_V"": null, ""voltage_in_V"": null}]","[0.3920311111111111, 1]",3690,1.0,3690.0,0.3920311111111111,1.0,1,2.175,2.175,2.175,,,1,0.975,0.975,0.975,,,,
ISU_ILCC,ISU_ILCC/ISU-ILCC_G56C4.pkl,154001379,ISU-ILCC_G56C4, 502030-size Li-polymer,graphite,NMC,,0.25,1.0,1.0,0,4.2,3.0,,,,,"[{""current_in_A"": null, ""end_soc"": 1.0, ""end_voltage_in_V"": null, ""power_in_W"": null, ""rate_in_C"": 2.175, ""start_soc"": 0.40459311111111107, ""start_voltage_in_V"": null, ""voltage_in_V"": null}]","[{""current_in_A"": null, ""end_soc"": 0.3944711111111111, ""end_voltage_in_V"": null, ""power_in_W"": null, ""rate_in_C"": 0.975, ""start_soc"": 1.0, ""start_voltage_in_V"": null, ""voltage_in_V"": null}]","[0.40459311111111107, 1]",4672,1.0,4672.0,0.40459311111111107,1.0,1,2.175,2.175,2.175,,,1,0.975,0.975,0.975,,,,
ISU_ILCC,ISU_ILCC/ISU-ILCC_G57C1.pkl,211571577,ISU-ILCC_G57C1, 502030-size Li-polymer,graphite,NMC,,0.25,1.0,1.0,0,4.2,3.0,,,,,"[{""current_in_A"": null, ""end_soc"": 1.0, ""end_voltage_in_V"": null, ""power_in_W"": null, ""rate_in_C"": 1.775, ""start_soc"": 0.7845094444444445, ""start_voltage_in_V"": null, ""voltage_in_V"": null}]","[{""current_in_A"": null, ""end_soc"": 0.7883963333333334, ""end_voltage_in_V"": null, ""power_in_W"": null, ""rate_in_C"": 1.175, ""start_soc"": 1.0, ""start_voltage_in_V"": null, ""voltage_in_V"": null}]","[0.7845094444444445, 1]",12620,1.0,12620.0,0.7845094444444445,1.0,1,1.775,1.775,1.775,,,1,1.175,1.175,1.175,,,,
ISU_ILCC,ISU_ILCC/ISU-ILCC_G57C2.pkl,211159325,ISU-ILCC_G57C2, 502030-size Li-polymer,graphite,NMC,,0.25,1.0,1.0,0,4.2,3.0,,,,,"[{""current_in_A"": null, ""end_soc"": 1.0, ""end_voltage_in_V"": null, ""power_in_W"": null, ""rate_in_C"": 1.775, ""start_soc"": 0.8163641111111111, ""start_voltage_in_V"": null, ""voltage_in_V"": null}]","[{""current_in_A"": null, ""end_soc"": 0.8169453333333333, ""end_voltage_in_V"": null, ""power_in_W"": null, ""rate_in_C"": 1.175, ""start_soc"": 1.0, ""start_voltage_in_V"": null, ""voltage_in_V"": null}]","[0.8163641111111111, 1]",13984,1.0,13984.0,0.8163641111111111,1.0,1,1.775,1.775,1.775,,,1,1.175,1.175,1.175,,,,
ISU_ILCC,ISU_ILCC/ISU-ILCC_G57C3.pkl,212803173,ISU-ILCC_G57C3, 502030-size Li-polymer,graphite,NMC,,0.25,1.0,1.0,0,4.2,3.0,,,,,"[{""current_in_A"": null, ""end_soc"": 1.0, ""end_voltage_in_V"": null, ""power_in_W"": null, ""rate_in_C"": 1.775, ""start_soc"": 0.7940866666666666, ""start_voltage_in_V"": null, ""voltage_in_V"": null}]","[{""current_in_A"": null, ""end_soc"": 0.7973398888888888, ""end_voltage_in_V"": null, ""power_in_W"": null, ""rate_in_C"": 1.175, ""start_soc"": 1.0, ""start_voltage_in_V"": null, ""voltage_in_V"": null}]","[0.7940866666666666, 1]",12989,1.0,12989.0,0.7940866666666666,1.0,1,1.775,1.775,1.775,,,1,1.175,1.175,1.175,,,,
ISU_ILCC,ISU_ILCC/ISU-ILCC_G57C4.pkl,211517435,ISU-ILCC_G57C4, 502030-size Li-polymer,graphite,NMC,,0.25,1.0,1.0,0,4.2,3.0,,,,,"[{""current_in_A"": null, ""end_soc"": 1.0, ""end_voltage_in_V"": null, ""power_in_W"": null, ""rate_in_C"": 1.775, ""start_soc"": 0.8040231111111111, ""start_voltage_in_V"": null, ""voltage_in_V"": null}]","[{""current_in_A"": null, ""end_soc"": 0.8067727777777778, ""end_voltage_in_V"": null, ""power_in_W"": null, ""rate_in_C"": 1.175, ""start_soc"": 1.0, ""start_voltage_in_V"": null, ""voltage_in_V"": null}]","[0.8040231111111111, 1]",13784,1.0,13784.0,0.8040231111111111,1.0,1,1.775,1.775,1.775,,,1,1.175,1.175,1.175,,,,
ISU_ILCC,ISU_ILCC/ISU-ILCC_G58C1.pkl,194378575,ISU-ILCC_G58C1, 502030-size Li-polymer,graphite,NMC,,0.25,1.0,1.0,0,4.2,3.0,,,,,"[{""current_in_A"": null, ""end_soc"": 1.0, ""end_voltage_in_V"": null, ""power_in_W"": null, ""rate_in_C"": 2.475, ""start_soc"": 0.5269228888888888, ""start_voltage_in_V"": null, ""voltage_in_V"": null}]","[{""current_in_A"": null, ""end_soc"": 0.5281391111111111, ""end_voltage_in_V"": null, ""power_in_W"": null, ""rate_in_C"": 0.575, ""start_soc"": 1.0, ""start_voltage_in_V"": null, ""voltage_in_V"": null}]","[0.5269228888888888, 1]",5378,1.0,5378.0,0.5269228888888888,1.0,1,2.475,2.475,2.475,,,1,0.575,0.575,0.575,,,,
ISU_ILCC,ISU_ILCC/ISU-ILCC_G58C2.pkl,137493276,ISU-ILCC_G58C2, 502030-size Li-polymer,graphite,NMC,,0.25,1.0,1.0,0,4.2,3.0,,,,,"[{""current_in_A"": null, ""end_soc"": 1.0, ""end_voltage_in_V"": null, ""power_in_W"": null, ""rate_in_C"": 2.475, ""start_soc"": 0.52269, ""start_voltage_in_V"": null, ""voltage_in_V"": null}]","[{""current_in_A"": null, ""end_soc"": 0.5234842222222222, ""end_voltage_in_V"": null, ""power_in_W"": null, ""rate_in_C"": 0.575, ""start_soc"": 1.0, ""start_voltage_in_V"": null, ""voltage_in_V"": null}]","[0.52269, 1]",4047,1.0,4047.0,0.52269,1.0,1,2.475,2.475,2.475,,,1,0.575,0.575,0.575,,,,
ISU_ILCC,ISU_ILCC/ISU-ILCC_G58C3.pkl,159776991,ISU-ILCC_G58C3, 502030-size Li-polymer,graphite,NMC,,0.25,1.0,1.0,0,4.2,3.0,,,,,"[{""current_in_A"": null, ""end_soc"": 1.0, ""end_voltage_in_V"": null, ""power_in_W"": null, ""rate_in_C"": 2.475, ""start_soc"": 0.5083727777777778, ""start_voltage_in_V"": null, ""voltage_in_V"": null}]","[{""current_in_A"": null, ""end_soc"": 0.5139953333333334, ""end_voltage_in_V"": null, ""power_in_W"": null, ""rate_in_C"": 0.575, ""start_soc"": 1.0, ""start_voltage_in_V"": null, ""voltage_in_V"": null}]","[0.5083727777777778, 1]",4332,1.0,4332.0,0.5083727777777778,1.0,1,2.475,2.475,2.475,,,1,0.575,0.575,0.575,,,,
ISU_ILCC,ISU_ILCC/ISU-ILCC_G58C4.pkl,160708477,ISU-ILCC_G58C4, 502030-size Li-polymer,graphite,NMC,,0.25,1.0,1.0,0,4.2,3.0,,,,,"[{""current_in_A"": null, ""end_soc"": 1.0, ""end_voltage_in_V"": null, ""power_in_W"": null, ""rate_in_C"": 2.475, ""start_soc"": 0.5055931111111112, ""start_voltage_in_V"": null, ""voltage_in_V"": null}]","[{""current_in_A"": null, ""end_soc"": 0.5117953333333334, ""end_voltage_in_V"": null, ""power_in_W"": null, ""rate_in_C"": 0.575, ""start_soc"": 1.0, ""start_voltage_in_V"": null, ""voltage_in_V"": null}]","[0.5055931111111112, 1]",4209,1.0,4209.0,0.5055931111111112,1.0,1,2.475,2.475,2.475,,,1,0.575,0.575,0.575,,,,
ISU_ILCC,ISU_ILCC/ISU-ILCC_G59C1.pkl,215873815,ISU-ILCC_G59C1, 502030-size Li-polymer,graphite,NMC,,0.25,1.0,1.0,0,4.2,3.0,,,,,"[{""current_in_A"": null, ""end_soc"": 1.0, ""end_voltage_in_V"": null, ""power_in_W"": null, ""rate_in_C"": 1.325, ""start_soc"": 0.6360147777777778, ""start_voltage_in_V"": null, ""voltage_in_V"": null}]","[{""current_in_A"": null, ""end_soc"": 0.6310207777777778, ""end_voltage_in_V"": null, ""power_in_W"": null, ""rate_in_C"": 1.825, ""start_soc"": 1.0, ""start_voltage_in_V"": null, ""voltage_in_V"": null}]","[0.6360147777777778, 1]",14109,1.0,14109.0,0.6360147777777778,1.0,1,1.325,1.325,1.325,,,1,1.825,1.825,1.825,,,,
ISU_ILCC,ISU_ILCC/ISU-ILCC_G59C2.pkl,208439511,ISU-ILCC_G59C2, 502030-size Li-polymer,graphite,NMC,,0.25,1.0,1.0,0,4.2,3.0,,,,,"[{""current_in_A"": null, ""end_soc"": 1.0, ""end_voltage_in_V"": null, ""power_in_W"": null, ""rate_in_C"": 1.325, ""start_soc"": 0.6474475555555556, ""start_voltage_in_V"": null, ""voltage_in_V"": null}]","[{""current_in_A"": null, ""end_soc"": 0.6413513333333334, ""end_voltage_in_V"": null, ""power_in_W"": null, ""rate_in_C"": 1.825, ""start_soc"": 1.0, ""start_voltage_in_V"": null, ""voltage_in_V"": null}]","[0.6474475555555556, 1]",15040,1.0,15040.0,0.6474475555555556,1.0,1,1.325,1.325,1.325,,,1,1.825,1.825,1.825,,,,
ISU_ILCC,ISU_ILCC/ISU-ILCC_G59C3.pkl,168010553,ISU-ILCC_G59C3, 502030-size Li-polymer,graphite,NMC,,0.25,1.0,1.0,0,4.2,3.0,,,,,"[{""current_in_A"": null, ""end_soc"": 1.0, ""end_voltage_in_V"": null, ""power_in_W"": null, ""rate_in_C"": 1.325, ""start_soc"": 0.6445345555555555, ""start_voltage_in_V"": null, ""voltage_in_V"": null}]","[{""current_in_A"": null, ""end_soc"": 0.6361896666666667, ""end_voltage_in_V"": null, ""power_in_W"": null, ""rate_in_C"": 1.825, ""start_soc"": 1.0, ""start_voltage_in_V"": null, ""voltage_in_V"": null}]","[0.6445345555555555, 1]",13336,1.0,13336.0,0.6445345555555555,1.0,1,1.325,1.325,1.325,,,1,1.825,1.825,1.825,,,,
ISU_ILCC,ISU_ILCC/ISU-ILCC_G59C4.pkl,202502491,ISU-ILCC_G59C4, 502030-size Li-polymer,graphite,NMC,,0.25,1.0,1.0,0,4.2,3.0,,,,,"[{""current_in_A"": null, ""end_soc"": 1.0, ""end_voltage_in_V"": null, ""power_in_W"": null, ""rate_in_C"": 1.325, ""start_soc"": 0.6573325555555556, ""start_voltage_in_V"": null, ""voltage_in_V"": null}]","[{""current_in_A"": null, ""end_soc"": 0.6511262222222223, ""end_voltage_in_V"": null, ""power_in_W"": null, ""rate_in_C"": 1.825, ""start_soc"": 1.0, ""start_voltage_in_V"": null, ""voltage_in_V"": null}]","[0.6573325555555556, 1]",20684,1.0,20684.0,0.6573325555555556,1.0,1,1.325,1.325,1.325,,,1,1.825,1.825,1.825,,,,
ISU_ILCC,ISU_ILCC/ISU-ILCC_G5C1.pkl,74956043,ISU-ILCC_G5C1, 502030-size Li-polymer,graphite,NMC,,0.25,1.0,1.0,0,4.2,3.0,,,,,"[{""current_in_A"": null, ""end_soc"": 1.0, ""end_voltage_in_V"": null, ""power_in_W"": null, ""rate_in_C"": 1.0, ""start_soc"": 0, ""start_voltage_in_V"": null, ""voltage_in_V"": null}]","[{""current_in_A"": null, ""end_soc"": 1, ""end_voltage_in_V"": null, ""power_in_W"": null, ""rate_in_C"": 0.5, ""start_soc"": 1.0, ""start_voltage_in_V"": null, ""voltage_in_V"": null}]","[0, 1]",728,1.0,728.0,0.0,1.0,1,1.0,1.0,1.0,,,1,0.5,0.5,0.5,,,,
ISU_ILCC,ISU_ILCC/ISU-ILCC_G5C2.pkl,96595165,ISU-ILCC_G5C2, 502030-size Li-polymer,graphite,NMC,,0.25,1.0,1.0,0,4.2,3.0,,,,,"[{""current_in_A"": null, ""end_soc"": 1.0, ""end_voltage_in_V"": null, ""power_in_W"": null, ""rate_in_C"": 1.0, ""start_soc"": 0, ""start_voltage_in_V"": null, ""voltage_in_V"": null}]","[{""current_in_A"": null, ""end_soc"": 1, ""end_voltage_in_V"": null, ""power_in_W"": null, ""rate_in_C"": 0.5, ""start_soc"": 1.0, ""start_voltage_in_V"": null, ""voltage_in_V"": null}]","[0, 1]",1673,1.0,1673.0,0.0,1.0,1,1.0,1.0,1.0,,,1,0.5,0.5,0.5,,,,
ISU_ILCC,ISU_ILCC/ISU-ILCC_G5C3.pkl,86569966,ISU-ILCC_G5C3, 502030-size Li-polymer,graphite,NMC,,0.25,1.0,1.0,0,4.2,3.0,,,,,"[{""current_in_A"": null, ""end_soc"": 1.0, ""end_voltage_in_V"": null, ""power_in_W"": null, ""rate_in_C"": 1.0, ""start_soc"": 0, ""start_voltage_in_V"": null, ""voltage_in_V"": null}]","[{""current_in_A"": null, ""end_soc"": 1, ""end_voltage_in_V"": null, ""power_in_W"": null, ""rate_in_C"": 0.5, ""start_soc"": 1.0, ""start_voltage_in_V"": null, ""voltage_in_V"": null}]","[0, 1]",777,1.0,777.0,0.0,1.0,1,1.0,1.0,1.0,,,1,0.5,0.5,0.5,,,,
ISU_ILCC,ISU_ILCC/ISU-ILCC_G5C4.pkl,52646858,ISU-ILCC_G5C4, 502030-size Li-polymer,graphite,NMC,,0.25,1.0,1.0,0,4.2,3.0,,,,,"[{""current_in_A"": null, ""end_soc"": 1.0, ""end_voltage_in_V"": null, ""power_in_W"": null, ""rate_in_C"": 1.0, ""start_soc"": 0, ""start_voltage_in_V"": null, ""voltage_in_V"": null}]","[{""current_in_A"": null, ""end_soc"": 1, ""end_voltage_in_V"": null, ""power_in_W"": null, ""rate_in_C"": 0.5, ""start_soc"": 1.0, ""start_voltage_in_V"": null, ""voltage_in_V"": null}]","[0, 1]",556,1.0,556.0,0.0,1.0,1,1.0,1.0,1.0,,,1,0.5,0.5,0.5,,,,
ISU_ILCC,ISU_ILCC/ISU-ILCC_G60C1.pkl,116491484,ISU-ILCC_G60C1, 502030-size Li-polymer,graphite,NMC,,0.25,1.0,1.0,0,4.2,3.0,,,,,"[{""current_in_A"": null, ""end_soc"": 1.0, ""end_voltage_in_V"": null, ""power_in_W"": null, ""rate_in_C"": 0.675, ""start_soc"": 0.03284799999999999, ""start_voltage_in_V"": null, ""voltage_in_V"": null}]","[{""current_in_A"": null, ""end_soc"": 0.03742968888888798, ""end_voltage_in_V"": null, ""power_in_W"": null, ""rate_in_C"": 1.325, ""start_soc"": 1.0, ""start_voltage_in_V"": null, ""voltage_in_V"": null}]","[0.03284799999999999, 1]",3740,1.0,3740.0,0.03284799999999999,1.0,1,0.675,0.675,0.675,,,1,1.325,1.325,1.325,,,,
ISU_ILCC,ISU_ILCC/ISU-ILCC_G60C2.pkl,85534785,ISU-ILCC_G60C2, 502030-size Li-polymer,graphite,NMC,,0.25,1.0,1.0,0,4.2,3.0,,,,,"[{""current_in_A"": null, ""end_soc"": 1.0, ""end_voltage_in_V"": null, ""power_in_W"": null, ""rate_in_C"": 0.675, ""start_soc"": 0.06466211555555601, ""start_voltage_in_V"": null, ""voltage_in_V"": null}]","[{""current_in_A"": null, ""end_soc"": 0.070804444444444, ""end_voltage_in_V"": null, ""power_in_W"": null, ""rate_in_C"": 1.325, ""start_soc"": 1.0, ""start_voltage_in_V"": null, ""voltage_in_V"": null}]","[0.06466211555555601, 1]",2470,1.0,2470.0,0.06466211555555601,1.0,1,0.675,0.675,0.675,,,1,1.325,1.325,1.325,,,,
ISU_ILCC,ISU_ILCC/ISU-ILCC_G60C3.pkl,86290520,ISU-ILCC_G60C3, 502030-size Li-polymer,graphite,NMC,,0.25,1.0,1.0,0,4.2,3.0,,,,,"[{""current_in_A"": null, ""end_soc"": 1.0, ""end_voltage_in_V"": null, ""power_in_W"": null, ""rate_in_C"": 0.675, ""start_soc"": 0.040566257777776005, ""start_voltage_in_V"": null, ""voltage_in_V"": null}]","[{""current_in_A"": null, ""end_soc"": 0.04570622222222398, ""end_voltage_in_V"": null, ""power_in_W"": null, ""rate_in_C"": 1.325, ""start_soc"": 1.0, ""start_voltage_in_V"": null, ""voltage_in_V"": null}]","[0.040566257777776005, 1]",3035,1.0,3035.0,0.040566257777776005,1.0,1,0.675,0.675,0.675,,,1,1.325,1.325,1.325,,,,
ISU_ILCC,ISU_ILCC/ISU-ILCC_G60C4.pkl,98898708,ISU-ILCC_G60C4, 502030-size Li-polymer,graphite,NMC,,0.25,1.0,1.0,0,4.2,3.0,,,,,"[{""current_in_A"": null, ""end_soc"": 1.0, ""end_voltage_in_V"": null, ""power_in_W"": null, ""rate_in_C"": 0.675, ""start_soc"": 0.05290225777777602, ""start_voltage_in_V"": null, ""voltage_in_V"": null}]","[{""current_in_A"": null, ""end_soc"": 0.057546488888888025, ""end_voltage_in_V"": null, ""power_in_W"": null, ""rate_in_C"": 1.325, ""start_soc"": 1.0, ""start_voltage_in_V"": null, ""voltage_in_V"": null}]","[0.05290225777777602, 1]",3392,1.0,3392.0,0.05290225777777602,1.0,1,0.675,0.675,0.675,,,1,1.325,1.325,1.325,,,,
ISU_ILCC,ISU_ILCC/ISU-ILCC_G61C2.pkl,128314367,ISU-ILCC_G61C2, 502030-size Li-polymer,graphite,NMC,,0.25,1.0,1.0,0,4.2,3.0,,,,,"[{""current_in_A"": null, ""end_soc"": 1.0, ""end_voltage_in_V"": null, ""power_in_W"": null, ""rate_in_C"": 2.125, ""start_soc"": 0.41670844444444444, ""start_voltage_in_V"": null, ""voltage_in_V"": null}]","[{""current_in_A"": null, ""end_soc"": 0.3965478888888889, ""end_voltage_in_V"": null, ""power_in_W"": null, ""rate_in_C"": 1.975, ""start_soc"": 1.0, ""start_voltage_in_V"": null, ""voltage_in_V"": null}]","[0.41670844444444444, 1]",7487,1.0,7487.0,0.41670844444444444,1.0,1,2.125,2.125,2.125,,,1,1.975,1.975,1.975,,,,
ISU_ILCC,ISU_ILCC/ISU-ILCC_G61C3.pkl,60285490,ISU-ILCC_G61C3, 502030-size Li-polymer,graphite,NMC,,0.25,1.0,1.0,0,4.2,3.0,,,,,"[{""current_in_A"": null, ""end_soc"": 1.0, ""end_voltage_in_V"": null, ""power_in_W"": null, ""rate_in_C"": 2.125, ""start_soc"": 0.38474322222222224, ""start_voltage_in_V"": null, ""voltage_in_V"": null}]","[{""current_in_A"": null, ""end_soc"": 0.3794172222222222, ""end_voltage_in_V"": null, ""power_in_W"": null, ""rate_in_C"": 1.975, ""start_soc"": 1.0, ""start_voltage_in_V"": null, ""voltage_in_V"": null}]","[0.38474322222222224, 1]",2952,1.0,2952.0,0.38474322222222224,1.0,1,2.125,2.125,2.125,,,1,1.975,1.975,1.975,,,,
ISU_ILCC,ISU_ILCC/ISU-ILCC_G61C4.pkl,124037745,ISU-ILCC_G61C4, 502030-size Li-polymer,graphite,NMC,,0.25,1.0,1.0,0,4.2,3.0,,,,,"[{""current_in_A"": null, ""end_soc"": 1.0, ""end_voltage_in_V"": null, ""power_in_W"": null, ""rate_in_C"": 2.125, ""start_soc"": 0.4080784444444445, ""start_voltage_in_V"": null, ""voltage_in_V"": null}]","[{""current_in_A"": null, ""end_soc"": 0.3912174444444445, ""end_voltage_in_V"": null, ""power_in_W"": null, ""rate_in_C"": 1.975, ""start_soc"": 1.0, ""start_voltage_in_V"": null, ""voltage_in_V"": null}]","[0.4080784444444445, 1]",6411,1.0,6411.0,0.4080784444444445,1.0,1,2.125,2.125,2.125,,,1,1.975,1.975,1.975,,,,
ISU_ILCC,ISU_ILCC/ISU-ILCC_G62C1.pkl,134378821,ISU-ILCC_G62C1, 502030-size Li-polymer,graphite,NMC,,0.25,1.0,1.0,0,4.2,3.0,,,,,"[{""current_in_A"": null, ""end_soc"": 1.0, ""end_voltage_in_V"": null, ""power_in_W"": null, ""rate_in_C"": 1.575, ""start_soc"": 0.3120425555555555, ""start_voltage_in_V"": null, ""voltage_in_V"": null}]","[{""current_in_A"": null, ""end_soc"": 0.3053853333333333, ""end_voltage_in_V"": null, ""power_in_W"": null, ""rate_in_C"": 2.425, ""start_soc"": 1.0, ""start_voltage_in_V"": null, ""voltage_in_V"": null}]","[0.3120425555555555, 1]",8929,1.0,8929.0,0.3120425555555555,1.0,1,1.575,1.575,1.575,,,1,2.425,2.425,2.425,,,,
ISU_ILCC,ISU_ILCC/ISU-ILCC_G62C2.pkl,109022334,ISU-ILCC_G62C2, 502030-size Li-polymer,graphite,NMC,,0.25,1.0,1.0,0,4.2,3.0,,,,,"[{""current_in_A"": null, ""end_soc"": 1.0, ""end_voltage_in_V"": null, ""power_in_W"": null, ""rate_in_C"": 1.575, ""start_soc"": 0.2772366666666667, ""start_voltage_in_V"": null, ""voltage_in_V"": null}]","[{""current_in_A"": null, ""end_soc"": 0.2677898888888889, ""end_voltage_in_V"": null, ""power_in_W"": null, ""rate_in_C"": 2.425, ""start_soc"": 1.0, ""start_voltage_in_V"": null, ""voltage_in_V"": null}]","[0.2772366666666667, 1]",6700,1.0,6700.0,0.2772366666666667,1.0,1,1.575,1.575,1.575,,,1,2.425,2.425,2.425,,,,
ISU_ILCC,ISU_ILCC/ISU-ILCC_G62C3.pkl,121884423,ISU-ILCC_G62C3, 502030-size Li-polymer,graphite,NMC,,0.25,1.0,1.0,0,4.2,3.0,,,,,"[{""current_in_A"": null, ""end_soc"": 1.0, ""end_voltage_in_V"": null, ""power_in_W"": null, ""rate_in_C"": 1.575, ""start_soc"": 0.286833, ""start_voltage_in_V"": null, ""voltage_in_V"": null}]","[{""current_in_A"": null, ""end_soc"": 0.28794955555555557, ""end_voltage_in_V"": null, ""power_in_W"": null, ""rate_in_C"": 2.425, ""start_soc"": 1.0, ""start_voltage_in_V"": null, ""voltage_in_V"": null}]","[0.286833, 1]",6861,1.0,6861.0,0.286833,1.0,1,1.575,1.575,1.575,,,1,2.425,2.425,2.425,,,,
ISU_ILCC,ISU_ILCC/ISU-ILCC_G62C4.pkl,77104847,ISU-ILCC_G62C4, 502030-size Li-polymer,graphite,NMC,,0.25,1.0,1.0,0,4.2,3.0,,,,,"[{""current_in_A"": null, ""end_soc"": 1.0, ""end_voltage_in_V"": null, ""power_in_W"": null, ""rate_in_C"": 1.575, ""start_soc"": 0.22787988888888888, ""start_voltage_in_V"": null, ""voltage_in_V"": null}]","[{""current_in_A"": null, ""end_soc"": 0.22707333333333335, ""end_voltage_in_V"": null, ""power_in_W"": null, ""rate_in_C"": 2.425, ""start_soc"": 1.0, ""start_voltage_in_V"": null, ""voltage_in_V"": null}]","[0.22787988888888888, 1]",4441,1.0,4441.0,0.22787988888888888,1.0,1,1.575,1.575,1.575,,,1,2.425,2.425,2.425,,,,
ISU_ILCC,ISU_ILCC/ISU-ILCC_G63C1.pkl,63884455,ISU-ILCC_G63C1, 502030-size Li-polymer,graphite,NMC,,0.25,1.0,1.0,0,4.2,3.0,,,,,"[{""current_in_A"": null, ""end_soc"": 1.0, ""end_voltage_in_V"": null, ""power_in_W"": null, ""rate_in_C"": 1.975, ""start_soc"": 0.08875999999999995, ""start_voltage_in_V"": null, ""voltage_in_V"": null}]","[{""current_in_A"": null, ""end_soc"": 0.09572811111111112, ""end_voltage_in_V"": null, ""power_in_W"": null, ""rate_in_C"": 1.675, ""start_soc"": 1.0, ""start_voltage_in_V"": null, ""voltage_in_V"": null}]","[0.08875999999999995, 1]",2073,1.0,2073.0,0.08875999999999995,1.0,1,1.975,1.975,1.975,,,1,1.675,1.675,1.675,,,,
ISU_ILCC,ISU_ILCC/ISU-ILCC_G63C2.pkl,66059077,ISU-ILCC_G63C2, 502030-size Li-polymer,graphite,NMC,,0.25,1.0,1.0,0,4.2,3.0,,,,,"[{""current_in_A"": null, ""end_soc"": 1.0, ""end_voltage_in_V"": null, ""power_in_W"": null, ""rate_in_C"": 1.975, ""start_soc"": 0.07126811111111109, ""start_voltage_in_V"": null, ""voltage_in_V"": null}]","[{""current_in_A"": null, ""end_soc"": 0.07680655555555549, ""end_voltage_in_V"": null, ""power_in_W"": null, ""rate_in_C"": 1.675, ""start_soc"": 1.0, ""start_voltage_in_V"": null, ""voltage_in_V"": null}]","[0.07126811111111109, 1]",2328,1.0,2328.0,0.07126811111111109,1.0,1,1.975,1.975,1.975,,,1,1.675,1.675,1.675,,,,
ISU_ILCC,ISU_ILCC/ISU-ILCC_G63C3.pkl,104840167,ISU-ILCC_G63C3, 502030-size Li-polymer,graphite,NMC,,0.25,1.0,1.0,0,4.2,3.0,,,,,"[{""current_in_A"": null, ""end_soc"": 1.0, ""end_voltage_in_V"": null, ""power_in_W"": null, ""rate_in_C"": 1.975, ""start_soc"": 0.07640688888888891, ""start_voltage_in_V"": null, ""voltage_in_V"": null}]","[{""current_in_A"": null, ""end_soc"": 0.08443344444444445, ""end_voltage_in_V"": null, ""power_in_W"": null, ""rate_in_C"": 1.675, ""start_soc"": 1.0, ""start_voltage_in_V"": null, ""voltage_in_V"": null}]","[0.07640688888888891, 1]",3695,1.0,3695.0,0.07640688888888891,1.0,1,1.975,1.975,1.975,,,1,1.675,1.675,1.675,,,,
ISU_ILCC,ISU_ILCC/ISU-ILCC_G63C4.pkl,131333023,ISU-ILCC_G63C4, 502030-size Li-polymer,graphite,NMC,,0.25,1.0,1.0,0,4.2,3.0,,,,,"[{""current_in_A"": null, ""end_soc"": 1.0, ""end_voltage_in_V"": null, ""power_in_W"": null, ""rate_in_C"": 1.975, ""start_soc"": 0.06861844444444443, ""start_voltage_in_V"": null, ""voltage_in_V"": null}]","[{""current_in_A"": null, ""end_soc"": 0.0769333333333333, ""end_voltage_in_V"": null, ""power_in_W"": null, ""rate_in_C"": 1.675, ""start_soc"": 1.0, ""start_voltage_in_V"": null, ""voltage_in_V"": null}]","[0.06861844444444443, 1]",3667,1.0,3667.0,0.06861844444444443,1.0,1,1.975,1.975,1.975,,,1,1.675,1.675,1.675,,,,
ISU_ILCC,ISU_ILCC/ISU-ILCC_G64C1.pkl,57565361,ISU-ILCC_G64C1, 502030-size Li-polymer,graphite,NMC,,0.25,1.0,1.0,0,4.2,3.0,,,,,"[{""current_in_A"": null, ""end_soc"": 1.0, ""end_voltage_in_V"": null, ""power_in_W"": null, ""rate_in_C"": 1.175, ""start_soc"": 0, ""start_voltage_in_V"": null, ""voltage_in_V"": null}]","[{""current_in_A"": null, ""end_soc"": 1, ""end_voltage_in_V"": null, ""power_in_W"": null, ""rate_in_C"": 1.425, ""start_soc"": 1.0, ""start_voltage_in_V"": null, ""voltage_in_V"": null}]","[0, 1]",1500,1.0,1500.0,0.0,1.0,1,1.175,1.175,1.175,,,1,1.425,1.425,1.425,,,,
ISU_ILCC,ISU_ILCC/ISU-ILCC_G64C2.pkl,62993318,ISU-ILCC_G64C2, 502030-size Li-polymer,graphite,NMC,,0.25,1.0,1.0,0,4.2,3.0,,,,,"[{""current_in_A"": null, ""end_soc"": 1.0, ""end_voltage_in_V"": null, ""power_in_W"": null, ""rate_in_C"": 1.175, ""start_soc"": 0, ""start_voltage_in_V"": null, ""voltage_in_V"": null}]","[{""current_in_A"": null, ""end_soc"": 1, ""end_voltage_in_V"": null, ""power_in_W"": null, ""rate_in_C"": 1.425, ""start_soc"": 1.0, ""start_voltage_in_V"": null, ""voltage_in_V"": null}]","[0, 1]",1993,1.0,1993.0,0.0,1.0,1,1.175,1.175,1.175,,,1,1.425,1.425,1.425,,,,
ISU_ILCC,ISU_ILCC/ISU-ILCC_G64C3.pkl,51979495,ISU-ILCC_G64C3, 502030-size Li-polymer,graphite,NMC,,0.25,1.0,1.0,0,4.2,3.0,,,,,"[{""current_in_A"": null, ""end_soc"": 1.0, ""end_voltage_in_V"": null, ""power_in_W"": null, ""rate_in_C"": 1.175, ""start_soc"": 0, ""start_voltage_in_V"": null, ""voltage_in_V"": null}]","[{""current_in_A"": null, ""end_soc"": 1, ""end_voltage_in_V"": null, ""power_in_W"": null, ""rate_in_C"": 1.425, ""start_soc"": 1.0, ""start_voltage_in_V"": null, ""voltage_in_V"": null}]","[0, 1]",974,1.0,974.0,0.0,1.0,1,1.175,1.175,1.175,,,1,1.425,1.425,1.425,,,,
ISU_ILCC,ISU_ILCC/ISU-ILCC_G64C4.pkl,123692603,ISU-ILCC_G64C4, 502030-size Li-polymer,graphite,NMC,,0.25,1.0,1.0,0,4.2,3.0,,,,,"[{""current_in_A"": null, ""end_soc"": 1.0, ""end_voltage_in_V"": null, ""power_in_W"": null, ""rate_in_C"": 1.175, ""start_soc"": 0, ""start_voltage_in_V"": null, ""voltage_in_V"": null}]","[{""current_in_A"": null, ""end_soc"": 1, ""end_voltage_in_V"": null, ""power_in_W"": null, ""rate_in_C"": 1.425, ""start_soc"": 1.0, ""start_voltage_in_V"": null, ""voltage_in_V"": null}]","[0, 1]",4357,1.0,4357.0,0.0,1.0,1,1.175,1.175,1.175,,,1,1.425,1.425,1.425,,,,
ISU_ILCC,ISU_ILCC/ISU-ILCC_G6C1.pkl,205370483,ISU-ILCC_G6C1, 502030-size Li-polymer,graphite,NMC,,0.25,1.0,1.0,0,4.2,3.0,,,,,"[{""current_in_A"": null, ""end_soc"": 1.0, ""end_voltage_in_V"": null, ""power_in_W"": null, ""rate_in_C"": 2.0, ""start_soc"": 0.6872035555555556, ""start_voltage_in_V"": null, ""voltage_in_V"": null}]","[{""current_in_A"": null, ""end_soc"": 0.6946323333333333, ""end_voltage_in_V"": null, ""power_in_W"": null, ""rate_in_C"": 0.5, ""start_soc"": 1.0, ""start_voltage_in_V"": null, ""voltage_in_V"": null}]","[0.6872035555555556, 1]",6223,1.0,6223.0,0.6872035555555556,1.0,1,2.0,2.0,2.0,,,1,0.5,0.5,0.5,,,,
ISU_ILCC,ISU_ILCC/ISU-ILCC_G6C2.pkl,325223340,ISU-ILCC_G6C2, 502030-size Li-polymer,graphite,NMC,,0.25,1.0,1.0,0,4.2,3.0,,,,,"[{""current_in_A"": null, ""end_soc"": 1.0, ""end_voltage_in_V"": null, ""power_in_W"": null, ""rate_in_C"": 2.0, ""start_soc"": 0.6989978888888889, ""start_voltage_in_V"": null, ""voltage_in_V"": null}]","[{""current_in_A"": null, ""end_soc"": 0.7017768888888889, ""end_voltage_in_V"": null, ""power_in_W"": null, ""rate_in_C"": 0.5, ""start_soc"": 1.0, ""start_voltage_in_V"": null, ""voltage_in_V"": null}]","[0.6989978888888889, 1]",11885,1.0,11885.0,0.6989978888888889,1.0,1,2.0,2.0,2.0,,,1,0.5,0.5,0.5,,,,
ISU_ILCC,ISU_ILCC/ISU-ILCC_G6C3.pkl,451593547,ISU-ILCC_G6C3, 502030-size Li-polymer,graphite,NMC,,0.25,1.0,1.0,0,4.2,3.0,,,,,"[{""current_in_A"": null, ""end_soc"": 1.0, ""end_voltage_in_V"": null, ""power_in_W"": null, ""rate_in_C"": 2.0, ""start_soc"": 0.6771574444444444, ""start_voltage_in_V"": null, ""voltage_in_V"": null}]","[{""current_in_A"": null, ""end_soc"": 0.6784593333333333, ""end_voltage_in_V"": null, ""power_in_W"": null, ""rate_in_C"": 0.5, ""start_soc"": 1.0, ""start_voltage_in_V"": null, ""voltage_in_V"": null}]","[0.6771574444444444, 1]",16313,1.0,16313.0,0.6771574444444444,1.0,1,2.0,2.0,2.0,,,1,0.5,0.5,0.5,,,,
ISU_ILCC,ISU_ILCC/ISU-ILCC_G6C4.pkl,323060210,ISU-ILCC_G6C4, 502030-size Li-polymer,graphite,NMC,,0.25,1.0,1.0,0,4.2,3.0,,,,,"[{""current_in_A"": null, ""end_soc"": 1.0, ""end_voltage_in_V"": null, ""power_in_W"": null, ""rate_in_C"": 2.0, ""start_soc"": 0.6805013333333334, ""start_voltage_in_V"": null, ""voltage_in_V"": null}]","[{""current_in_A"": null, ""end_soc"": 0.6881586666666666, ""end_voltage_in_V"": null, ""power_in_W"": null, ""rate_in_C"": 0.5, ""start_soc"": 1.0, ""start_voltage_in_V"": null, ""voltage_in_V"": null}]","[0.6805013333333334, 1]",12091,1.0,12091.0,0.6805013333333334,1.0,1,2.0,2.0,2.0,,,1,0.5,0.5,0.5,,,,
ISU_ILCC,ISU_ILCC/ISU-ILCC_G7C1.pkl,145650188,ISU-ILCC_G7C1, 502030-size Li-polymer,graphite,NMC,,0.25,1.0,1.0,0,4.2,3.0,,,,,"[{""current_in_A"": null, ""end_soc"": 1.0, ""end_voltage_in_V"": null, ""power_in_W"": null, ""rate_in_C"": 2.0, ""start_soc"": 0.4552583333333333, ""start_voltage_in_V"": null, ""voltage_in_V"": null}]","[{""current_in_A"": null, ""end_soc"": 0.4572516666666666, ""end_voltage_in_V"": null, ""power_in_W"": null, ""rate_in_C"": 0.5, ""start_soc"": 1.0, ""start_voltage_in_V"": null, ""voltage_in_V"": null}]","[0.4552583333333333, 1]",3033,1.0,3033.0,0.4552583333333333,1.0,1,2.0,2.0,2.0,,,1,0.5,0.5,0.5,,,,
ISU_ILCC,ISU_ILCC/ISU-ILCC_G7C2.pkl,135057638,ISU-ILCC_G7C2, 502030-size Li-polymer,graphite,NMC,,0.25,1.0,1.0,0,4.2,3.0,,,,,"[{""current_in_A"": null, ""end_soc"": 1.0, ""end_voltage_in_V"": null, ""power_in_W"": null, ""rate_in_C"": 2.0, ""start_soc"": 0.4583704444444444, ""start_voltage_in_V"": null, ""voltage_in_V"": null}]","[{""current_in_A"": null, ""end_soc"": 0.4614907777777778, ""end_voltage_in_V"": null, ""power_in_W"": null, ""rate_in_C"": 0.5, ""start_soc"": 1.0, ""start_voltage_in_V"": null, ""voltage_in_V"": null}]","[0.4583704444444444, 1]",2775,1.0,2775.0,0.4583704444444444,1.0,1,2.0,2.0,2.0,,,1,0.5,0.5,0.5,,,,
ISU_ILCC,ISU_ILCC/ISU-ILCC_G7C3.pkl,354317312,ISU-ILCC_G7C3, 502030-size Li-polymer,graphite,NMC,,0.25,1.0,1.0,0,4.2,3.0,,,,,"[{""current_in_A"": null, ""end_soc"": 1.0, ""end_voltage_in_V"": null, ""power_in_W"": null, ""rate_in_C"": 2.0, ""start_soc"": 0.48175, ""start_voltage_in_V"": null, ""voltage_in_V"": null}]","[{""current_in_A"": null, ""end_soc"": 0.48925566666666664, ""end_voltage_in_V"": null, ""power_in_W"": null, ""rate_in_C"": 0.5, ""start_soc"": 1.0, ""start_voltage_in_V"": null, ""voltage_in_V"": null}]","[0.48175, 1]",9179,1.0,9179.0,0.48175,1.0,1,2.0,2.0,2.0,,,1,0.5,0.5,0.5,,,,
ISU_ILCC,ISU_ILCC/ISU-ILCC_G7C4.pkl,167845245,ISU-ILCC_G7C4, 502030-size Li-polymer,graphite,NMC,,0.25,1.0,1.0,0,4.2,3.0,,,,,"[{""current_in_A"": null, ""end_soc"": 1.0, ""end_voltage_in_V"": null, ""power_in_W"": null, ""rate_in_C"": 2.0, ""start_soc"": 0.46035922222222225, ""start_voltage_in_V"": null, ""voltage_in_V"": null}]","[{""current_in_A"": null, ""end_soc"": 0.46209477777777774, ""end_voltage_in_V"": null, ""power_in_W"": null, ""rate_in_C"": 0.5, ""start_soc"": 1.0, ""start_voltage_in_V"": null, ""voltage_in_V"": null}]","[0.46035922222222225, 1]",3538,1.0,3538.0,0.46035922222222225,1.0,1,2.0,2.0,2.0,,,1,0.5,0.5,0.5,,,,
ISU_ILCC,ISU_ILCC/ISU-ILCC_G8C1.pkl,80628671,ISU-ILCC_G8C1, 502030-size Li-polymer,graphite,NMC,,0.25,1.0,1.0,0,4.2,3.0,,,,,"[{""current_in_A"": null, ""end_soc"": 1.0, ""end_voltage_in_V"": null, ""power_in_W"": null, ""rate_in_C"": 2.0, ""start_soc"": 0.2529864444444445, ""start_voltage_in_V"": null, ""voltage_in_V"": null}]","[{""current_in_A"": null, ""end_soc"": 0.24948077777777777, ""end_voltage_in_V"": null, ""power_in_W"": null, ""rate_in_C"": 0.5, ""start_soc"": 1.0, ""start_voltage_in_V"": null, ""voltage_in_V"": null}]","[0.2529864444444445, 1]",1204,1.0,1204.0,0.2529864444444445,1.0,1,2.0,2.0,2.0,,,1,0.5,0.5,0.5,,,,
ISU_ILCC,ISU_ILCC/ISU-ILCC_G8C2.pkl,92622238,ISU-ILCC_G8C2, 502030-size Li-polymer,graphite,NMC,,0.25,1.0,1.0,0,4.2,3.0,,,,,"[{""current_in_A"": null, ""end_soc"": 1.0, ""end_voltage_in_V"": null, ""power_in_W"": null, ""rate_in_C"": 2.0, ""start_soc"": 0.2283467777777778, ""start_voltage_in_V"": null, ""voltage_in_V"": null}]","[{""current_in_A"": null, ""end_soc"": 0.23249555555555557, ""end_voltage_in_V"": null, ""power_in_W"": null, ""rate_in_C"": 0.5, ""start_soc"": 1.0, ""start_voltage_in_V"": null, ""voltage_in_V"": null}]","[0.2283467777777778, 1]",1362,1.0,1362.0,0.2283467777777778,1.0,1,2.0,2.0,2.0,,,1,0.5,0.5,0.5,,,,
ISU_ILCC,ISU_ILCC/ISU-ILCC_G8C3.pkl,179845120,ISU-ILCC_G8C3, 502030-size Li-polymer,graphite,NMC,,0.25,1.0,1.0,0,4.2,3.0,,,,,"[{""current_in_A"": null, ""end_soc"": 1.0, ""end_voltage_in_V"": null, ""power_in_W"": null, ""rate_in_C"": 2.0, ""start_soc"": 0.24869411111111106, ""start_voltage_in_V"": null, ""voltage_in_V"": null}]","[{""current_in_A"": null, ""end_soc"": 0.26044066666666665, ""end_voltage_in_V"": null, ""power_in_W"": null, ""rate_in_C"": 0.5, ""start_soc"": 1.0, ""start_voltage_in_V"": null, ""voltage_in_V"": null}]","[0.24869411111111106, 1]",2902,1.0,2902.0,0.24869411111111106,1.0,1,2.0,2.0,2.0,,,1,0.5,0.5,0.5,,,,
ISU_ILCC,ISU_ILCC/ISU-ILCC_G8C4.pkl,154965449,ISU-ILCC_G8C4, 502030-size Li-polymer,graphite,NMC,,0.25,1.0,1.0,0,4.2,3.0,,,,,"[{""current_in_A"": null, ""end_soc"": 1.0, ""end_voltage_in_V"": null, ""power_in_W"": null, ""rate_in_C"": 2.0, ""start_soc"": 0.21944566666666665, ""start_voltage_in_V"": null, ""voltage_in_V"": null}]","[{""current_in_A"": null, ""end_soc"": 0.2210065555555556, ""end_voltage_in_V"": null, ""power_in_W"": null, ""rate_in_C"": 0.5, ""start_soc"": 1.0, ""start_voltage_in_V"": null, ""voltage_in_V"": null}]","[0.21944566666666665, 1]",2345,1.0,2345.0,0.21944566666666665,1.0,1,2.0,2.0,2.0,,,1,0.5,0.5,0.5,,,,
ISU_ILCC,ISU_ILCC/ISU-ILCC_G9C1.pkl,34558044,ISU-ILCC_G9C1, 502030-size Li-polymer,graphite,NMC,,0.25,1.0,1.0,0,4.2,3.0,,,,,"[{""current_in_A"": null, ""end_soc"": 1.0, ""end_voltage_in_V"": null, ""power_in_W"": null, ""rate_in_C"": 2.0, ""start_soc"": 0, ""start_voltage_in_V"": null, ""voltage_in_V"": null}]","[{""current_in_A"": null, ""end_soc"": 1, ""end_voltage_in_V"": null, ""power_in_W"": null, ""rate_in_C"": 0.5, ""start_soc"": 1.0, ""start_voltage_in_V"": null, ""voltage_in_V"": null}]","[0, 1]",354,1.0,354.0,0.0,1.0,1,2.0,2.0,2.0,,,1,0.5,0.5,0.5,,,,
ISU_ILCC,ISU_ILCC/ISU-ILCC_G9C2.pkl,34648728,ISU-ILCC_G9C2, 502030-size Li-polymer,graphite,NMC,,0.25,1.0,1.0,0,4.2,3.0,,,,,"[{""current_in_A"": null, ""end_soc"": 1.0, ""end_voltage_in_V"": null, ""power_in_W"": null, ""rate_in_C"": 2.0, ""start_soc"": 0, ""start_voltage_in_V"": null, ""voltage_in_V"": null}]","[{""current_in_A"": null, ""end_soc"": 1, ""end_voltage_in_V"": null, ""power_in_W"": null, ""rate_in_C"": 0.5, ""start_soc"": 1.0, ""start_voltage_in_V"": null, ""voltage_in_V"": null}]","[0, 1]",345,1.0,345.0,0.0,1.0,1,2.0,2.0,2.0,,,1,0.5,0.5,0.5,,,,
ISU_ILCC,ISU_ILCC/ISU-ILCC_G9C3.pkl,39974997,ISU-ILCC_G9C3, 502030-size Li-polymer,graphite,NMC,,0.25,1.0,1.0,0,4.2,3.0,,,,,"[{""current_in_A"": null, ""end_soc"": 1.0, ""end_voltage_in_V"": null, ""power_in_W"": null, ""rate_in_C"": 2.0, ""start_soc"": 0, ""start_voltage_in_V"": null, ""voltage_in_V"": null}]","[{""current_in_A"": null, ""end_soc"": 1, ""end_voltage_in_V"": null, ""power_in_W"": null, ""rate_in_C"": 0.5, ""start_soc"": 1.0, ""start_voltage_in_V"": null, ""voltage_in_V"": null}]","[0, 1]",384,1.0,384.0,0.0,1.0,1,2.0,2.0,2.0,,,1,0.5,0.5,0.5,,,,
MICH,MICH/MICH_BLForm10_pouch_NMC_25C_0-100_1-1C_j.pkl,17368507,MICH_BLForm10_pouch_NMC_25C_0-100_1-1C_j,pouch,graphite,NMC111,,2.36,1.0,1.0,0,4.2,3.0,,,,,"[{""current_in_A"": null, ""end_soc"": 1.0, ""end_voltage_in_V"": null, ""power_in_W"": null, ""rate_in_C"": 1.0, ""start_soc"": 0.0, ""start_voltage_in_V"": null, ""voltage_in_V"": null}]","[{""current_in_A"": null, ""end_soc"": 0.0, ""end_voltage_in_V"": null, ""power_in_W"": null, ""rate_in_C"": 1.0, ""start_soc"": 1.0, ""start_voltage_in_V"": null, ""voltage_in_V"": null}]","[0, 1]",459,1.0,459.0,0.0,1.0,1,1.0,1.0,1.0,,,1,1.0,1.0,1.0,,,,
MICH,MICH/MICH_BLForm11_pouch_NMC_25C_0-100_1-1C_a.pkl,17248708,MICH_BLForm11_pouch_NMC_25C_0-100_1-1C_a,pouch,graphite,NMC111,,2.36,1.0,1.0,0,4.2,3.0,,,,,"[{""current_in_A"": null, ""end_soc"": 1.0, ""end_voltage_in_V"": null, ""power_in_W"": null, ""rate_in_C"": 1.0, ""start_soc"": 0.0, ""start_voltage_in_V"": null, ""voltage_in_V"": null}]","[{""current_in_A"": null, ""end_soc"": 0.0, ""end_voltage_in_V"": null, ""power_in_W"": null, ""rate_in_C"": 1.0, ""start_soc"": 1.0, ""start_voltage_in_V"": null, ""voltage_in_V"": null}]","[0, 1]",426,1.0,426.0,0.0,1.0,1,1.0,1.0,1.0,,,1,1.0,1.0,1.0,,,,
MICH,MICH/MICH_BLForm12_pouch_NMC_25C_0-100_1-1C_b.pkl,17759461,MICH_BLForm12_pouch_NMC_25C_0-100_1-1C_b,pouch,graphite,NMC111,,2.36,1.0,1.0,0,4.2,3.0,,,,,"[{""current_in_A"": null, ""end_soc"": 1.0, ""end_voltage_in_V"": null, ""power_in_W"": null, ""rate_in_C"": 1.0, ""start_soc"": 0.0, ""start_voltage_in_V"": null, ""voltage_in_V"": null}]","[{""current_in_A"": null, ""end_soc"": 0.0, ""end_voltage_in_V"": null, ""power_in_W"": null, ""rate_in_C"": 1.0, ""start_soc"": 1.0, ""start_voltage_in_V"": null, ""voltage_in_V"": null}]","[0, 1]",433,1.0,433.0,0.0,1.0,1,1.0,1.0,1.0,,,1,1.0,1.0,1.0,,,,
MICH,MICH/MICH_BLForm13_pouch_NMC_25C_0-100_1-1C_c.pkl,17921782,MICH_BLForm13_pouch_NMC_25C_0-100_1-1C_c,pouch,graphite,NMC111,,2.36,1.0,1.0,0,4.2,3.0,,,,,"[{""current_in_A"": null, ""end_soc"": 1.0, ""end_voltage_in_V"": null, ""power_in_W"": null, ""rate_in_C"": 1.0, ""start_soc"": 0.0, ""start_voltage_in_V"": null, ""voltage_in_V"": null}]","[{""current_in_A"": null, ""end_soc"": 0.0, ""end_voltage_in_V"": null, ""power_in_W"": null, ""rate_in_C"": 1.0, ""start_soc"": 1.0, ""start_voltage_in_V"": null, ""voltage_in_V"": null}]","[0, 1]",438,1.0,438.0,0.0,1.0,1,1.0,1.0,1.0,,,1,1.0,1.0,1.0,,,,
MICH,MICH/MICH_BLForm14_pouch_NMC_25C_0-100_1-1C_d.pkl,19652440,MICH_BLForm14_pouch_NMC_25C_0-100_1-1C_d,pouch,graphite,NMC111,,2.36,1.0,1.0,0,4.2,3.0,,,,,"[{""current_in_A"": null, ""end_soc"": 1.0, ""end_voltage_in_V"": null, ""power_in_W"": null, ""rate_in_C"": 1.0, ""start_soc"": 0.0, ""start_voltage_in_V"": null, ""voltage_in_V"": null}]","[{""current_in_A"": null, ""end_soc"": 0.0, ""end_voltage_in_V"": null, ""power_in_W"": null, ""rate_in_C"": 1.0, ""start_soc"": 1.0, ""start_voltage_in_V"": null, ""voltage_in_V"": null}]","[0, 1]",477,1.0,477.0,0.0,1.0,1,1.0,1.0,1.0,,,1,1.0,1.0,1.0,,,,
MICH,MICH/MICH_BLForm15_pouch_NMC_25C_0-100_1-1C_e.pkl,17808448,MICH_BLForm15_pouch_NMC_25C_0-100_1-1C_e,pouch,graphite,NMC111,,2.36,1.0,1.0,0,4.2,3.0,,,,,"[{""current_in_A"": null, ""end_soc"": 1.0, ""end_voltage_in_V"": null, ""power_in_W"": null, ""rate_in_C"": 1.0, ""start_soc"": 0.0, ""start_voltage_in_V"": null, ""voltage_in_V"": null}]","[{""current_in_A"": null, ""end_soc"": 0.0, ""end_voltage_in_V"": null, ""power_in_W"": null, ""rate_in_C"": 1.0, ""start_soc"": 1.0, ""start_voltage_in_V"": null, ""voltage_in_V"": null}]","[0, 1]",442,1.0,442.0,0.0,1.0,1,1.0,1.0,1.0,,,1,1.0,1.0,1.0,,,,
MICH,MICH/MICH_BLForm16_pouch_NMC_25C_0-100_1-1C_f.pkl,17677372,MICH_BLForm16_pouch_NMC_25C_0-100_1-1C_f,pouch,graphite,NMC111,,2.36,1.0,1.0,0,4.2,3.0,,,,,"[{""current_in_A"": null, ""end_soc"": 1.0, ""end_voltage_in_V"": null, ""power_in_W"": null, ""rate_in_C"": 1.0, ""start_soc"": 0.0, ""start_voltage_in_V"": null, ""voltage_in_V"": null}]","[{""current_in_A"": null, ""end_soc"": 0.0, ""end_voltage_in_V"": null, ""power_in_W"": null, ""rate_in_C"": 1.0, ""start_soc"": 1.0, ""start_voltage_in_V"": null, ""voltage_in_V"": null}]","[0, 1]",442,1.0,442.0,0.0,1.0,1,1.0,1.0,1.0,,,1,1.0,1.0,1.0,,,,
MICH,MICH/MICH_BLForm17_pouch_NMC_25C_0-100_1-1C_g.pkl,17938768,MICH_BLForm17_pouch_NMC_25C_0-100_1-1C_g,pouch,graphite,NMC111,,2.36,1.0,1.0,0,4.2,3.0,,,,,"[{""current_in_A"": null, ""end_soc"": 1.0, ""end_voltage_in_V"": null, ""power_in_W"": null, ""rate_in_C"": 1.0, ""start_soc"": 0.0, ""start_voltage_in_V"": null, ""voltage_in_V"": null}]","[{""current_in_A"": null, ""end_soc"": 0.0, ""end_voltage_in_V"": null, ""power_in_W"": null, ""rate_in_C"": 1.0, ""start_soc"": 1.0, ""start_voltage_in_V"": null, ""voltage_in_V"": null}]","[0, 1]",442,1.0,442.0,0.0,1.0,1,1.0,1.0,1.0,,,1,1.0,1.0,1.0,,,,
MICH,MICH/MICH_BLForm18_pouch_NMC_25C_0-100_1-1C_h.pkl,18253165,MICH_BLForm18_pouch_NMC_25C_0-100_1-1C_h,pouch,graphite,NMC111,,2.36,1.0,1.0,0,4.2,3.0,,,,,"[{""current_in_A"": null, ""end_soc"": 1.0, ""end_voltage_in_V"": null, ""power_in_W"": null, ""rate_in_C"": 1.0, ""start_soc"": 0.0, ""start_voltage_in_V"": null, ""voltage_in_V"": null}]","[{""current_in_A"": null, ""end_soc"": 0.0, ""end_voltage_in_V"": null, ""power_in_W"": null, ""rate_in_C"": 1.0, ""start_soc"": 1.0, ""start_voltage_in_V"": null, ""voltage_in_V"": null}]","[0, 1]",439,1.0,439.0,0.0,1.0,1,1.0,1.0,1.0,,,1,1.0,1.0,1.0,,,,
MICH,MICH/MICH_BLForm19_pouch_NMC_25C_0-100_1-1C_i.pkl,17696380,MICH_BLForm19_pouch_NMC_25C_0-100_1-1C_i,pouch,graphite,NMC111,,2.36,1.0,1.0,0,4.2,3.0,,,,,"[{""current_in_A"": null, ""end_soc"": 1.0, ""end_voltage_in_V"": null, ""power_in_W"": null, ""rate_in_C"": 1.0, ""start_soc"": 0.0, ""start_voltage_in_V"": null, ""voltage_in_V"": null}]","[{""current_in_A"": null, ""end_soc"": 0.0, ""end_voltage_in_V"": null, ""power_in_W"": null, ""rate_in_C"": 1.0, ""start_soc"": 1.0, ""start_voltage_in_V"": null, ""voltage_in_V"": null}]","[0, 1]",442,1.0,442.0,0.0,1.0,1,1.0,1.0,1.0,,,1,1.0,1.0,1.0,,,,
MICH,MICH/MICH_BLForm1_pouch_NMC_45C_0-100_1-1C_a.pkl,18600273,MICH_BLForm1_pouch_NMC_45C_0-100_1-1C_a,pouch,graphite,NMC111,,2.36,1.0,1.0,0,4.2,3.0,,,,,"[{""current_in_A"": null, ""end_soc"": 1.0, ""end_voltage_in_V"": null, ""power_in_W"": null, ""rate_in_C"": 1.0, ""start_soc"": 0.0, ""start_voltage_in_V"": null, ""voltage_in_V"": null}]","[{""current_in_A"": null, ""end_soc"": 0.0, ""end_voltage_in_V"": null, ""power_in_W"": null, ""rate_in_C"": 1.0, ""start_soc"": 1.0, ""start_voltage_in_V"": null, ""voltage_in_V"": null}]","[0, 1]",492,1.0,492.0,0.0,1.0,1,1.0,1.0,1.0,,,1,1.0,1.0,1.0,,,,
MICH,MICH/MICH_BLForm20_pouch_NMC_25C_0-100_1-1C_j.pkl,18324922,MICH_BLForm20_pouch_NMC_25C_0-100_1-1C_j,pouch,graphite,NMC111,,2.36,1.0,1.0,0,4.2,3.0,,,,,"[{""current_in_A"": null, ""end_soc"": 1.0, ""end_voltage_in_V"": null, ""power_in_W"": null, ""rate_in_C"": 1.0, ""start_soc"": 0.0, ""start_voltage_in_V"": null, ""voltage_in_V"": null}]","[{""current_in_A"": null, ""end_soc"": 0.0, ""end_voltage_in_V"": null, ""power_in_W"": null, ""rate_in_C"": 1.0, ""start_soc"": 1.0, ""start_voltage_in_V"": null, ""voltage_in_V"": null}]","[0, 1]",442,1.0,442.0,0.0,1.0,1,1.0,1.0,1.0,,,1,1.0,1.0,1.0,,,,
MICH,MICH/MICH_BLForm2_pouch_NMC_45C_0-100_1-1C_b.pkl,17567988,MICH_BLForm2_pouch_NMC_45C_0-100_1-1C_b,pouch,graphite,NMC111,,2.36,1.0,1.0,0,4.2,3.0,,,,,"[{""current_in_A"": null, ""end_soc"": 1.0, ""end_voltage_in_V"": null, ""power_in_W"": null, ""rate_in_C"": 1.0, ""start_soc"": 0.0, ""start_voltage_in_V"": null, ""voltage_in_V"": null}]","[{""current_in_A"": null, ""end_soc"": 0.0, ""end_voltage_in_V"": null, ""power_in_W"": null, ""rate_in_C"": 1.0, ""start_soc"": 1.0, ""start_voltage_in_V"": null, ""voltage_in_V"": null}]","[0, 1]",464,1.0,464.0,0.0,1.0,1,1.0,1.0,1.0,,,1,1.0,1.0,1.0,,,,
MICH,MICH/MICH_BLForm3_pouch_NMC_45C_0-100_1-1C_c.pkl,19430946,MICH_BLForm3_pouch_NMC_45C_0-100_1-1C_c,pouch,graphite,NMC111,,2.36,1.0,1.0,0,4.2,3.0,,,,,"[{""current_in_A"": null, ""end_soc"": 1.0, ""end_voltage_in_V"": null, ""power_in_W"": null, ""rate_in_C"": 1.0, ""start_soc"": 0.0, ""start_voltage_in_V"": null, ""voltage_in_V"": null}]","[{""current_in_A"": null, ""end_soc"": 0.0, ""end_voltage_in_V"": null, ""power_in_W"": null, ""rate_in_C"": 1.0, ""start_soc"": 1.0, ""start_voltage_in_V"": null, ""voltage_in_V"": null}]","[0, 1]",513,1.0,513.0,0.0,1.0,1,1.0,1.0,1.0,,,1,1.0,1.0,1.0,,,,
MICH,MICH/MICH_BLForm4_pouch_NMC_45C_0-100_1-1C_d.pkl,18629874,MICH_BLForm4_pouch_NMC_45C_0-100_1-1C_d,pouch,graphite,NMC111,,2.36,1.0,1.0,0,4.2,3.0,,,,,"[{""current_in_A"": null, ""end_soc"": 1.0, ""end_voltage_in_V"": null, ""power_in_W"": null, ""rate_in_C"": 1.0, ""start_soc"": 0.0, ""start_voltage_in_V"": null, ""voltage_in_V"": null}]","[{""current_in_A"": null, ""end_soc"": 0.0, ""end_voltage_in_V"": null, ""power_in_W"": null, ""rate_in_C"": 1.0, ""start_soc"": 1.0, ""start_voltage_in_V"": null, ""voltage_in_V"": null}]","[0, 1]",492,1.0,492.0,0.0,1.0,1,1.0,1.0,1.0,,,1,1.0,1.0,1.0,,,,
MICH,MICH/MICH_BLForm5_pouch_NMC_45C_0-100_1-1C_e.pkl,18543468,MICH_BLForm5_pouch_NMC_45C_0-100_1-1C_e,pouch,graphite,NMC111,,2.36,1.0,1.0,0,4.2,3.0,,,,,"[{""current_in_A"": null, ""end_soc"": 1.0, ""end_voltage_in_V"": null, ""power_in_W"": null, ""rate_in_C"": 1.0, ""start_soc"": 0.0, ""start_voltage_in_V"": null, ""voltage_in_V"": null}]","[{""current_in_A"": null, ""end_soc"": 0.0, ""end_voltage_in_V"": null, ""power_in_W"": null, ""rate_in_C"": 1.0, ""start_soc"": 1.0, ""start_voltage_in_V"": null, ""voltage_in_V"": null}]","[0, 1]",492,1.0,492.0,0.0,1.0,1,1.0,1.0,1.0,,,1,1.0,1.0,1.0,,,,
MICH,MICH/MICH_BLForm6_pouch_NMC_45C_0-100_1-1C_f.pkl,17364270,MICH_BLForm6_pouch_NMC_45C_0-100_1-1C_f,pouch,graphite,NMC111,,2.36,1.0,1.0,0,4.2,3.0,,,,,"[{""current_in_A"": null, ""end_soc"": 1.0, ""end_voltage_in_V"": null, ""power_in_W"": null, ""rate_in_C"": 1.0, ""start_soc"": 0.0, ""start_voltage_in_V"": null, ""voltage_in_V"": null}]","[{""current_in_A"": null, ""end_soc"": 0.0, ""end_voltage_in_V"": null, ""power_in_W"": null, ""rate_in_C"": 1.0, ""start_soc"": 1.0, ""start_voltage_in_V"": null, ""voltage_in_V"": null}]","[0, 1]",454,1.0,454.0,0.0,1.0,1,1.0,1.0,1.0,,,1,1.0,1.0,1.0,,,,
MICH,MICH/MICH_BLForm7_pouch_NMC_45C_0-100_1-1C_g.pkl,17509443,MICH_BLForm7_pouch_NMC_45C_0-100_1-1C_g,pouch,graphite,NMC111,,2.36,1.0,1.0,0,4.2,3.0,,,,,"[{""current_in_A"": null, ""end_soc"": 1.0, ""end_voltage_in_V"": null, ""power_in_W"": null, ""rate_in_C"": 1.0, ""start_soc"": 0.0, ""start_voltage_in_V"": null, ""voltage_in_V"": null}]","[{""current_in_A"": null, ""end_soc"": 0.0, ""end_voltage_in_V"": null, ""power_in_W"": null, ""rate_in_C"": 1.0, ""start_soc"": 1.0, ""start_voltage_in_V"": null, ""voltage_in_V"": null}]","[0, 1]",457,1.0,457.0,0.0,1.0,1,1.0,1.0,1.0,,,1,1.0,1.0,1.0,,,,
MICH,MICH/MICH_BLForm8_pouch_NMC_45C_0-100_1-1C_h.pkl,18271746,MICH_BLForm8_pouch_NMC_45C_0-100_1-1C_h,pouch,graphite,NMC111,,2.36,1.0,1.0,0,4.2,3.0,,,,,"[{""current_in_A"": null, ""end_soc"": 1.0, ""end_voltage_in_V"": null, ""power_in_W"": null, ""rate_in_C"": 1.0, ""start_soc"": 0.0, ""start_voltage_in_V"": null, ""voltage_in_V"": null}]","[{""current_in_A"": null, ""end_soc"": 0.0, ""end_voltage_in_V"": null, ""power_in_W"": null, ""rate_in_C"": 1.0, ""start_soc"": 1.0, ""start_voltage_in_V"": null, ""voltage_in_V"": null}]","[0, 1]",492,1.0,492.0,0.0,1.0,1,1.0,1.0,1.0,,,1,1.0,1.0,1.0,,,,
MICH,MICH/MICH_BLForm9_pouch_NMC_45C_0-100_1-1C_i.pkl,20383008,MICH_BLForm9_pouch_NMC_45C_0-100_1-1C_i,pouch,graphite,NMC111,,2.36,1.0,1.0,0,4.2,3.0,,,,,"[{""current_in_A"": null, ""end_soc"": 1.0, ""end_voltage_in_V"": null, ""power_in_W"": null, ""rate_in_C"": 1.0, ""start_soc"": 0.0, ""start_voltage_in_V"": null, ""voltage_in_V"": null}]","[{""current_in_A"": null, ""end_soc"": 0.0, ""end_voltage_in_V"": null, ""power_in_W"": null, ""rate_in_C"": 1.0, ""start_soc"": 1.0, ""start_voltage_in_V"": null, ""voltage_in_V"": null}]","[0, 1]",574,1.0,574.0,0.0,1.0,1,1.0,1.0,1.0,,,1,1.0,1.0,1.0,,,,
MICH,MICH/MICH_MCForm21_pouch_NMC_25C_0-100_1-1C_a.pkl,19031347,MICH_MCForm21_pouch_NMC_25C_0-100_1-1C_a,pouch,graphite,NMC111,,2.36,1.0,1.0,0,4.2,3.0,,,,,"[{""current_in_A"": null, ""end_soc"": 1.0, ""end_voltage_in_V"": null, ""power_in_W"": null, ""rate_in_C"": 1.0, ""start_soc"": 0.0, ""start_voltage_in_V"": null, ""voltage_in_V"": null}]","[{""current_in_A"": null, ""end_soc"": 0.0, ""end_voltage_in_V"": null, ""power_in_W"": null, ""rate_in_C"": 1.0, ""start_soc"": 1.0, ""start_voltage_in_V"": null, ""voltage_in_V"": null}]","[0, 1]",477,1.0,477.0,0.0,1.0,1,1.0,1.0,1.0,,,1,1.0,1.0,1.0,,,,
MICH,MICH/MICH_MCForm22_pouch_NMC_25C_0-100_1-1C_b.pkl,20287606,MICH_MCForm22_pouch_NMC_25C_0-100_1-1C_b,pouch,graphite,NMC111,,2.36,1.0,1.0,0,4.2,3.0,,,,,"[{""current_in_A"": null, ""end_soc"": 1.0, ""end_voltage_in_V"": null, ""power_in_W"": null, ""rate_in_C"": 1.0, ""start_soc"": 0.0, ""start_voltage_in_V"": null, ""voltage_in_V"": null}]","[{""current_in_A"": null, ""end_soc"": 0.0, ""end_voltage_in_V"": null, ""power_in_W"": null, ""rate_in_C"": 1.0, ""start_soc"": 1.0, ""start_voltage_in_V"": null, ""voltage_in_V"": null}]","[0, 1]",491,1.0,491.0,0.0,1.0,1,1.0,1.0,1.0,,,1,1.0,1.0,1.0,,,,
MICH,MICH/MICH_MCForm23_pouch_NMC_25C_0-100_1-1C_c.pkl,22635946,MICH_MCForm23_pouch_NMC_25C_0-100_1-1C_c,pouch,graphite,NMC111,,2.36,1.0,1.0,0,4.2,3.0,,,,,"[{""current_in_A"": null, ""end_soc"": 1.0, ""end_voltage_in_V"": null, ""power_in_W"": null, ""rate_in_C"": 1.0, ""start_soc"": 0.0, ""start_voltage_in_V"": null, ""voltage_in_V"": null}]","[{""current_in_A"": null, ""end_soc"": 0.0, ""end_voltage_in_V"": null, ""power_in_W"": null, ""rate_in_C"": 1.0, ""start_soc"": 1.0, ""start_voltage_in_V"": null, ""voltage_in_V"": null}]","[0, 1]",540,1.0,540.0,0.0,1.0,1,1.0,1.0,1.0,,,1,1.0,1.0,1.0,,,,
MICH,MICH/MICH_MCForm24_pouch_NMC_25C_0-100_1-1C_d.pkl,19497268,MICH_MCForm24_pouch_NMC_25C_0-100_1-1C_d,pouch,graphite,NMC111,,2.36,1.0,1.0,0,4.2,3.0,,,,,"[{""current_in_A"": null, ""end_soc"": 1.0, ""end_voltage_in_V"": null, ""power_in_W"": null, ""rate_in_C"": 1.0, ""start_soc"": 0.0, ""start_voltage_in_V"": null, ""voltage_in_V"": null}]","[{""current_in_A"": null, ""end_soc"": 0.0, ""end_voltage_in_V"": null, ""power_in_W"": null, ""rate_in_C"": 1.0, ""start_soc"": 1.0, ""start_voltage_in_V"": null, ""voltage_in_V"": null}]","[0, 1]",477,1.0,477.0,0.0,1.0,1,1.0,1.0,1.0,,,1,1.0,1.0,1.0,,,,
MICH,MICH/MICH_MCForm25_pouch_NMC_25C_0-100_1-1C_e.pkl,24573685,MICH_MCForm25_pouch_NMC_25C_0-100_1-1C_e,pouch,graphite,NMC111,,2.36,1.0,1.0,0,4.2,3.0,,,,,"[{""current_in_A"": null, ""end_soc"": 1.0, ""end_voltage_in_V"": null, ""power_in_W"": null, ""rate_in_C"": 1.0, ""start_soc"": 0.0, ""start_voltage_in_V"": null, ""voltage_in_V"": null}]","[{""current_in_A"": null, ""end_soc"": 0.0, ""end_voltage_in_V"": null, ""power_in_W"": null, ""rate_in_C"": 1.0, ""start_soc"": 1.0, ""start_voltage_in_V"": null, ""voltage_in_V"": null}]","[0, 1]",589,1.0,589.0,0.0,1.0,1,1.0,1.0,1.0,,,1,1.0,1.0,1.0,,,,
MICH,MICH/MICH_MCForm26_pouch_NMC_25C_0-100_1-1C_f.pkl,24657727,MICH_MCForm26_pouch_NMC_25C_0-100_1-1C_f,pouch,graphite,NMC111,,2.36,1.0,1.0,0,4.2,3.0,,,,,"[{""current_in_A"": null, ""end_soc"": 1.0, ""end_voltage_in_V"": null, ""power_in_W"": null, ""rate_in_C"": 1.0, ""start_soc"": 0.0, ""start_voltage_in_V"": null, ""voltage_in_V"": null}]","[{""current_in_A"": null, ""end_soc"": 0.0, ""end_voltage_in_V"": null, ""power_in_W"": null, ""rate_in_C"": 1.0, ""start_soc"": 1.0, ""start_voltage_in_V"": null, ""voltage_in_V"": null}]","[0, 1]",589,1.0,589.0,0.0,1.0,1,1.0,1.0,1.0,,,1,1.0,1.0,1.0,,,,
MICH,MICH/MICH_MCForm27_pouch_NMC_25C_0-100_1-1C_g.pkl,22920784,MICH_MCForm27_pouch_NMC_25C_0-100_1-1C_g,pouch,graphite,NMC111,,2.36,1.0,1.0,0,4.2,3.0,,,,,"[{""current_in_A"": null, ""end_soc"": 1.0, ""end_voltage_in_V"": null, ""power_in_W"": null, ""rate_in_C"": 1.0, ""start_soc"": 0.0, ""start_voltage_in_V"": null, ""voltage_in_V"": null}]","[{""current_in_A"": null, ""end_soc"": 0.0, ""end_voltage_in_V"": null, ""power_in_W"": null, ""rate_in_C"": 1.0, ""start_soc"": 1.0, ""start_voltage_in_V"": null, ""voltage_in_V"": null}]","[0, 1]",540,1.0,540.0,0.0,1.0,1,1.0,1.0,1.0,,,1,1.0,1.0,1.0,,,,
MICH,MICH/MICH_MCForm28_pouch_NMC_25C_0-100_1-1C_h.pkl,24769420,MICH_MCForm28_pouch_NMC_25C_0-100_1-1C_h,pouch,graphite,NMC111,,2.36,1.0,1.0,0,4.2,3.0,,,,,"[{""current_in_A"": null, ""end_soc"": 1.0, ""end_voltage_in_V"": null, ""power_in_W"": null, ""rate_in_C"": 1.0, ""start_soc"": 0.0, ""start_voltage_in_V"": null, ""voltage_in_V"": null}]","[{""current_in_A"": null, ""end_soc"": 0.0, ""end_voltage_in_V"": null, ""power_in_W"": null, ""rate_in_C"": 1.0, ""start_soc"": 1.0, ""start_voltage_in_V"": null, ""voltage_in_V"": null}]","[0, 1]",589,1.0,589.0,0.0,1.0,1,1.0,1.0,1.0,,,1,1.0,1.0,1.0,,,,
MICH,MICH/MICH_MCForm29_pouch_NMC_25C_0-100_1-1C_i.pkl,23120149,MICH_MCForm29_pouch_NMC_25C_0-100_1-1C_i,pouch,graphite,NMC111,,2.36,1.0,1.0,0,4.2,3.0,,,,,"[{""current_in_A"": null, ""end_soc"": 1.0, ""end_voltage_in_V"": null, ""power_in_W"": null, ""rate_in_C"": 1.0, ""start_soc"": 0.0, ""start_voltage_in_V"": null, ""voltage_in_V"": null}]","[{""current_in_A"": null, ""end_soc"": 0.0, ""end_voltage_in_V"": null, ""power_in_W"": null, ""rate_in_C"": 1.0, ""start_soc"": 1.0, ""start_voltage_in_V"": null, ""voltage_in_V"": null}]","[0, 1]",553,1.0,553.0,0.0,1.0,1,1.0,1.0,1.0,,,1,1.0,1.0,1.0,,,,
MICH,MICH/MICH_MCForm30_pouch_NMC_25C_0-100_1-1C_j.pkl,22800976,MICH_MCForm30_pouch_NMC_25C_0-100_1-1C_j,pouch,graphite,NMC111,,2.36,1.0,1.0,0,4.2,3.0,,,,,"[{""current_in_A"": null, ""end_soc"": 1.0, ""end_voltage_in_V"": null, ""power_in_W"": null, ""rate_in_C"": 1.0, ""start_soc"": 0.0, ""start_voltage_in_V"": null, ""voltage_in_V"": null}]","[{""current_in_A"": null, ""end_soc"": 0.0, ""end_voltage_in_V"": null, ""power_in_W"": null, ""rate_in_C"": 1.0, ""start_soc"": 1.0, ""start_voltage_in_V"": null, ""voltage_in_V"": null}]","[0, 1]",540,1.0,540.0,0.0,1.0,1,1.0,1.0,1.0,,,1,1.0,1.0,1.0,,,,
MICH,MICH/MICH_MCForm31_pouch_NMC_45C_0-100_1-1C_a.pkl,19957429,MICH_MCForm31_pouch_NMC_45C_0-100_1-1C_a,pouch,graphite,NMC111,,2.36,1.0,1.0,0,4.2,3.0,,,,,"[{""current_in_A"": null, ""end_soc"": 1.0, ""end_voltage_in_V"": null, ""power_in_W"": null, ""rate_in_C"": 1.0, ""start_soc"": 0.0, ""start_voltage_in_V"": null, ""voltage_in_V"": null}]","[{""current_in_A"": null, ""end_soc"": 0.0, ""end_voltage_in_V"": null, ""power_in_W"": null, ""rate_in_C"": 1.0, ""start_soc"": 1.0, ""start_voltage_in_V"": null, ""voltage_in_V"": null}]","[0, 1]",512,1.0,512.0,0.0,1.0,1,1.0,1.0,1.0,,,1,1.0,1.0,1.0,,,,
MICH,MICH/MICH_MCForm32_pouch_NMC_45C_0-100_1-1C_b.pkl,19241320,MICH_MCForm32_pouch_NMC_45C_0-100_1-1C_b,pouch,graphite,NMC111,,2.36,1.0,1.0,0,4.2,3.0,,,,,"[{""current_in_A"": null, ""end_soc"": 1.0, ""end_voltage_in_V"": null, ""power_in_W"": null, ""rate_in_C"": 1.0, ""start_soc"": 0.0, ""start_voltage_in_V"": null, ""voltage_in_V"": null}]","[{""current_in_A"": null, ""end_soc"": 0.0, ""end_voltage_in_V"": null, ""power_in_W"": null, ""rate_in_C"": 1.0, ""start_soc"": 1.0, ""start_voltage_in_V"": null, ""voltage_in_V"": null}]","[0, 1]",492,1.0,492.0,0.0,1.0,1,1.0,1.0,1.0,,,1,1.0,1.0,1.0,,,,
MICH,MICH/MICH_MCForm33_pouch_NMC_45C_0-100_1-1C_c.pkl,19361074,MICH_MCForm33_pouch_NMC_45C_0-100_1-1C_c,pouch,graphite,NMC111,,2.36,1.0,1.0,0,4.2,3.0,,,,,"[{""current_in_A"": null, ""end_soc"": 1.0, ""end_voltage_in_V"": null, ""power_in_W"": null, ""rate_in_C"": 1.0, ""start_soc"": 0.0, ""start_voltage_in_V"": null, ""voltage_in_V"": null}]","[{""current_in_A"": null, ""end_soc"": 0.0, ""end_voltage_in_V"": null, ""power_in_W"": null, ""rate_in_C"": 1.0, ""start_soc"": 1.0, ""start_voltage_in_V"": null, ""voltage_in_V"": null}]","[0, 1]",502,1.0,502.0,0.0,1.0,1,1.0,1.0,1.0,,,1,1.0,1.0,1.0,,,,
MICH,MICH/MICH_MCForm34_pouch_NMC_45C_0-100_1-1C_d.pkl,22625560,MICH_MCForm34_pouch_NMC_45C_0-100_1-1C_d,pouch,graphite,NMC111,,2.36,1.0,1.0,0,4.2,3.0,,,,,"[{""current_in_A"": null, ""end_soc"": 1.0, ""end_voltage_in_V"": null, ""power_in_W"": null, ""rate_in_C"": 1.0, ""start_soc"": 0.0, ""start_voltage_in_V"": null, ""voltage_in_V"": null}]","[{""current_in_A"": null, ""end_soc"": 0.0, ""end_voltage_in_V"": null, ""power_in_W"": null, ""rate_in_C"": 1.0, ""start_soc"": 1.0, ""start_voltage_in_V"": null, ""voltage_in_V"": null}]","[0, 1]",581,1.0,581.0,0.0,1.0,1,1.0,1.0,1.0,,,1,1.0,1.0,1.0,,,,
MICH,MICH/MICH_MCForm35_pouch_NMC_45C_0-100_1-1C_e.pkl,17216557,MICH_MCForm35_pouch_NMC_45C_0-100_1-1C_e,pouch,graphite,NMC111,,2.36,1.0,1.0,0,4.2,3.0,,,,,"[{""current_in_A"": null, ""end_soc"": 1.0, ""end_voltage_in_V"": null, ""power_in_W"": null, ""rate_in_C"": 1.0, ""start_soc"": 0.0, ""start_voltage_in_V"": null, ""voltage_in_V"": null}]","[{""current_in_A"": null, ""end_soc"": 0.0, ""end_voltage_in_V"": null, ""power_in_W"": null, ""rate_in_C"": 1.0, ""start_soc"": 1.0, ""start_voltage_in_V"": null, ""voltage_in_V"": null}]","[0, 1]",446,1.0,446.0,0.0,1.0,1,1.0,1.0,1.0,,,1,1.0,1.0,1.0,,,,
MICH,MICH/MICH_MCForm36_pouch_NMC_45C_0-100_1-1C_f.pkl,21379111,MICH_MCForm36_pouch_NMC_45C_0-100_1-1C_f,pouch,graphite,NMC111,,2.36,1.0,1.0,0,4.2,3.0,,,,,"[{""current_in_A"": null, ""end_soc"": 1.0, ""end_voltage_in_V"": null, ""power_in_W"": null, ""rate_in_C"": 1.0, ""start_soc"": 0.0, ""start_voltage_in_V"": null, ""voltage_in_V"": null}]","[{""current_in_A"": null, ""end_soc"": 0.0, ""end_voltage_in_V"": null, ""power_in_W"": null, ""rate_in_C"": 1.0, ""start_soc"": 1.0, ""start_voltage_in_V"": null, ""voltage_in_V"": null}]","[0, 1]",541,1.0,541.0,0.0,1.0,1,1.0,1.0,1.0,,,1,1.0,1.0,1.0,,,,
MICH,MICH/MICH_MCForm37_pouch_NMC_45C_0-100_1-1C_g.pkl,21042202,MICH_MCForm37_pouch_NMC_45C_0-100_1-1C_g,pouch,graphite,NMC111,,2.36,1.0,1.0,0,4.2,3.0,,,,,"[{""current_in_A"": null, ""end_soc"": 1.0, ""end_voltage_in_V"": null, ""power_in_W"": null, ""rate_in_C"": 1.0, ""start_soc"": 0.0, ""start_voltage_in_V"": null, ""voltage_in_V"": null}]","[{""current_in_A"": null, ""end_soc"": 0.0, ""end_voltage_in_V"": null, ""power_in_W"": null, ""rate_in_C"": 1.0, ""start_soc"": 1.0, ""start_voltage_in_V"": null, ""voltage_in_V"": null}]","[0, 1]",541,1.0,541.0,0.0,1.0,1,1.0,1.0,1.0,,,1,1.0,1.0,1.0,,,,
MICH,MICH/MICH_MCForm38_pouch_NMC_45C_0-100_1-1C_h.pkl,19979671,MICH_MCForm38_pouch_NMC_45C_0-100_1-1C_h,pouch,graphite,NMC111,,2.36,1.0,1.0,0,4.2,3.0,,,,,"[{""current_in_A"": null, ""end_soc"": 1.0, ""end_voltage_in_V"": null, ""power_in_W"": null, ""rate_in_C"": 1.0, ""start_soc"": 0.0, ""start_voltage_in_V"": null, ""voltage_in_V"": null}]","[{""current_in_A"": null, ""end_soc"": 0.0, ""end_voltage_in_V"": null, ""power_in_W"": null, ""rate_in_C"": 1.0, ""start_soc"": 1.0, ""start_voltage_in_V"": null, ""voltage_in_V"": null}]","[0, 1]",502,1.0,502.0,0.0,1.0,1,1.0,1.0,1.0,,,1,1.0,1.0,1.0,,,,
MICH,MICH/MICH_MCForm39_pouch_NMC_45C_0-100_1-1C_i.pkl,21174070,MICH_MCForm39_pouch_NMC_45C_0-100_1-1C_i,pouch,graphite,NMC111,,2.36,1.0,1.0,0,4.2,3.0,,,,,"[{""current_in_A"": null, ""end_soc"": 1.0, ""end_voltage_in_V"": null, ""power_in_W"": null, ""rate_in_C"": 1.0, ""start_soc"": 0.0, ""start_voltage_in_V"": null, ""voltage_in_V"": null}]","[{""current_in_A"": null, ""end_soc"": 0.0, ""end_voltage_in_V"": null, ""power_in_W"": null, ""rate_in_C"": 1.0, ""start_soc"": 1.0, ""start_voltage_in_V"": null, ""voltage_in_V"": null}]","[0, 1]",541,1.0,541.0,0.0,1.0,1,1.0,1.0,1.0,,,1,1.0,1.0,1.0,,,,
MICH,MICH/MICH_MCForm40_pouch_NMC_45C_0-100_1-1C_j.pkl,21426769,MICH_MCForm40_pouch_NMC_45C_0-100_1-1C_j,pouch,graphite,NMC111,,2.36,1.0,1.0,0,4.2,3.0,,,,,"[{""current_in_A"": null, ""end_soc"": 1.0, ""end_voltage_in_V"": null, ""power_in_W"": null, ""rate_in_C"": 1.0, ""start_soc"": 0.0, ""start_voltage_in_V"": null, ""voltage_in_V"": null}]","[{""current_in_A"": null, ""end_soc"": 0.0, ""end_voltage_in_V"": null, ""power_in_W"": null, ""rate_in_C"": 1.0, ""start_soc"": 1.0, ""start_voltage_in_V"": null, ""voltage_in_V"": null}]","[0, 1]",540,1.0,540.0,0.0,1.0,1,1.0,1.0,1.0,,,1,1.0,1.0,1.0,,,,
MICH_EXP,MICH_EXP/MICH_01R_pouch_NMC_25C_0-100_0.2-0.2C.pkl,64003732,MICH_01R_pouch_NMC_25C_0-100_0.2-0.2C,pouch,graphite,NMC111,,5.0,1.0,1.0,0,4.2,3.0,,,,,"[{""current_in_A"": null, ""end_soc"": 1.0, ""end_voltage_in_V"": null, ""power_in_W"": null, ""rate_in_C"": 0.2, ""start_soc"": 0.0, ""start_voltage_in_V"": null, ""voltage_in_V"": null}]","[{""current_in_A"": null, ""end_soc"": 0.0, ""end_voltage_in_V"": null, ""power_in_W"": null, ""rate_in_C"": 0.2, ""start_soc"": 1.0, ""start_voltage_in_V"": null, ""voltage_in_V"": null}]","[0, 1]",379,1.0,379.0,0.0,1.0,1,0.2,0.2,0.2,,,1,0.2,0.2,0.2,,,,
MICH_EXP,MICH_EXP/MICH_02C_pouch_NMC_-5C_0-100_0.2-0.2C.pkl,49960468,MICH_02C_pouch_NMC_-5C_0-100_0.2-0.2C,pouch,graphite,NMC111,,5.0,1.0,1.0,0,4.2,3.0,,,,,"[{""current_in_A"": null, ""end_soc"": 1.0, ""end_voltage_in_V"": null, ""power_in_W"": null, ""rate_in_C"": 0.2, ""start_soc"": 0.0, ""start_voltage_in_V"": null, ""voltage_in_V"": null}]","[{""current_in_A"": null, ""end_soc"": 0.0, ""end_voltage_in_V"": null, ""power_in_W"": null, ""rate_in_C"": 0.2, ""start_soc"": 1.0, ""start_voltage_in_V"": null, ""voltage_in_V"": null}]","[0, 1]",293,1.0,293.0,0.0,1.0,1,0.2,0.2,0.2,,,1,0.2,0.2,0.2,,,,
MICH_EXP,MICH_EXP/MICH_03H_pouch_NMC_45C_0-100_0.2-0.2C.pkl,17832858,MICH_03H_pouch_NMC_45C_0-100_0.2-0.2C,pouch,graphite,NMC111,,5.0,1.0,1.0,0,4.2,3.0,,,,,"[{""current_in_A"": null, ""end_soc"": 1.0, ""end_voltage_in_V"": null, ""power_in_W"": null, ""rate_in_C"": 0.2, ""start_soc"": 0.0, ""start_voltage_in_V"": null, ""voltage_in_V"": null}]","[{""current_in_A"": null, ""end_soc"": 0.0, ""end_voltage_in_V"": null, ""power_in_W"": null, ""rate_in_C"": 0.2, ""start_soc"": 1.0, ""start_voltage_in_V"": null, ""voltage_in_V"": null}]","[0, 1]",103,1.0,103.0,0.0,1.0,1,0.2,0.2,0.2,,,1,0.2,0.2,0.2,,,,
MICH_EXP,MICH_EXP/MICH_04R_pouch_NMC_25C_0-100_1.5-1.5C.pkl,8935342,MICH_04R_pouch_NMC_25C_0-100_1.5-1.5C,pouch,graphite,NMC111,,5.0,1.0,1.0,0,4.2,3.0,,,,,"[{""current_in_A"": null, ""end_soc"": 1.0, ""end_voltage_in_V"": null, ""power_in_W"": null, ""rate_in_C"": 1.5, ""start_soc"": 0.0, ""start_voltage_in_V"": null, ""voltage_in_V"": null}]","[{""current_in_A"": null, ""end_soc"": 0.0, ""end_voltage_in_V"": null, ""power_in_W"": null, ""rate_in_C"": 1.5, ""start_soc"": 1.0, ""start_voltage_in_V"": null, ""voltage_in_V"": null}]","[0, 1]",327,1.0,327.0,0.0,1.0,1,1.5,1.5,1.5,,,1,1.5,1.5,1.5,,,,
MICH_EXP,MICH_EXP/MICH_05C_pouch_NMC_-5C_0-100_1.5-1.5C.pkl,20456728,MICH_05C_pouch_NMC_-5C_0-100_1.5-1.5C,pouch,graphite,NMC111,,5.0,1.0,1.0,0,4.2,3.0,,,,,"[{""current_in_A"": null, ""end_soc"": 1.0, ""end_voltage_in_V"": null, ""power_in_W"": null, ""rate_in_C"": 1.5, ""start_soc"": 0.0, ""start_voltage_in_V"": null, ""voltage_in_V"": null}]","[{""current_in_A"": null, ""end_soc"": 0.0, ""end_voltage_in_V"": null, ""power_in_W"": null, ""rate_in_C"": 1.5, ""start_soc"": 1.0, ""start_voltage_in_V"": null, ""voltage_in_V"": null}]","[0, 1]",573,1.0,573.0,0.0,1.0,1,1.5,1.5,1.5,,,1,1.5,1.5,1.5,,,,
MICH_EXP,MICH_EXP/MICH_06H_pouch_NMC_45C_0-100_1.5-1.5C.pkl,4858924,MICH_06H_pouch_NMC_45C_0-100_1.5-1.5C,pouch,graphite,NMC111,,5.0,1.0,1.0,0,4.2,3.0,,,,,"[{""current_in_A"": null, ""end_soc"": 1.0, ""end_voltage_in_V"": null, ""power_in_W"": null, ""rate_in_C"": 1.5, ""start_soc"": 0.0, ""start_voltage_in_V"": null, ""voltage_in_V"": null}]","[{""current_in_A"": null, ""end_soc"": 0.0, ""end_voltage_in_V"": null, ""power_in_W"": null, ""rate_in_C"": 1.5, ""start_soc"": 1.0, ""start_voltage_in_V"": null, ""voltage_in_V"": null}]","[0, 1]",177,1.0,177.0,0.0,1.0,1,1.5,1.5,1.5,,,1,1.5,1.5,1.5,,,,
MICH_EXP,MICH_EXP/MICH_07R_pouch_NMC_25C_0-100_2-2C.pkl,5394196,MICH_07R_pouch_NMC_25C_0-100_2-2C,pouch,graphite,NMC111,,5.0,1.0,1.0,0,4.2,3.0,,,,,"[{""current_in_A"": null, ""end_soc"": 1.0, ""end_voltage_in_V"": null, ""power_in_W"": null, ""rate_in_C"": 2.0, ""start_soc"": 0.0, ""start_voltage_in_V"": null, ""voltage_in_V"": null}]","[{""current_in_A"": null, ""end_soc"": 0.0, ""end_voltage_in_V"": null, ""power_in_W"": null, ""rate_in_C"": 2.0, ""start_soc"": 1.0, ""start_voltage_in_V"": null, ""voltage_in_V"": null}]","[0, 1]",245,1.0,245.0,0.0,1.0,1,2.0,2.0,2.0,,,1,2.0,2.0,2.0,,,,
MICH_EXP,MICH_EXP/MICH_08C_pouch_NMC_-5C_0-100_2-2C.pkl,17532435,MICH_08C_pouch_NMC_-5C_0-100_2-2C,pouch,graphite,NMC111,,5.0,1.0,1.0,0,4.2,3.0,,,,,"[{""current_in_A"": null, ""end_soc"": 1.0, ""end_voltage_in_V"": null, ""power_in_W"": null, ""rate_in_C"": 2.0, ""start_soc"": 0.0, ""start_voltage_in_V"": null, ""voltage_in_V"": null}]","[{""current_in_A"": null, ""end_soc"": 0.0, ""end_voltage_in_V"": null, ""power_in_W"": null, ""rate_in_C"": 2.0, ""start_soc"": 1.0, ""start_voltage_in_V"": null, ""voltage_in_V"": null}]","[0, 1]",573,1.0,573.0,0.0,1.0,1,2.0,2.0,2.0,,,1,2.0,2.0,2.0,,,,
MICH_EXP,MICH_EXP/MICH_09H_pouch_NMC_45C_0-100_2-2C.pkl,3770303,MICH_09H_pouch_NMC_45C_0-100_2-2C,pouch,graphite,NMC111,,5.0,1.0,1.0,0,4.2,3.0,,,,,"[{""current_in_A"": null, ""end_soc"": 1.0, ""end_voltage_in_V"": null, ""power_in_W"": null, ""rate_in_C"": 2.0, ""start_soc"": 0.0, ""start_voltage_in_V"": null, ""voltage_in_V"": null}]","[{""current_in_A"": null, ""end_soc"": 0.0, ""end_voltage_in_V"": null, ""power_in_W"": null, ""rate_in_C"": 2.0, ""start_soc"": 1.0, ""start_voltage_in_V"": null, ""voltage_in_V"": null}]","[0, 1]",175,1.0,175.0,0.0,1.0,1,2.0,2.0,2.0,,,1,2.0,2.0,2.0,,,,
MICH_EXP,MICH_EXP/MICH_10R_pouch_NMC_25C_0-100_0.2-1.5C.pkl,41325958,MICH_10R_pouch_NMC_25C_0-100_0.2-1.5C,pouch,graphite,NMC111,,5.0,1.0,1.0,0,4.2,3.0,,,,,"[{""current_in_A"": null, ""end_soc"": 1.0, ""end_voltage_in_V"": null, ""power_in_W"": null, ""rate_in_C"": 0.2, ""start_soc"": 0.0, ""start_voltage_in_V"": null, ""voltage_in_V"": null}]","[{""current_in_A"": null, ""end_soc"": 0.0, ""end_voltage_in_V"": null, ""power_in_W"": null, ""rate_in_C"": 1.5, ""start_soc"": 1.0, ""start_voltage_in_V"": null, ""voltage_in_V"": null}]","[0, 1]",439,1.0,439.0,0.0,1.0,1,0.2,0.2,0.2,,,1,1.5,1.5,1.5,,,,
MICH_EXP,MICH_EXP/MICH_11C_pouch_NMC_-5C_0-100_0.2-1.5C.pkl,42948799,MICH_11C_pouch_NMC_-5C_0-100_0.2-1.5C,pouch,graphite,NMC111,,5.0,1.0,1.0,0,4.2,3.0,,,,,"[{""current_in_A"": null, ""end_soc"": 1.0, ""end_voltage_in_V"": null, ""power_in_W"": null, ""rate_in_C"": 0.2, ""start_soc"": 0.0, ""start_voltage_in_V"": null, ""voltage_in_V"": null}]","[{""current_in_A"": null, ""end_soc"": 0.0, ""end_voltage_in_V"": null, ""power_in_W"": null, ""rate_in_C"": 1.5, ""start_soc"": 1.0, ""start_voltage_in_V"": null, ""voltage_in_V"": null}]","[0, 1]",540,1.0,540.0,0.0,1.0,1,0.2,0.2,0.2,,,1,1.5,1.5,1.5,,,,
MICH_EXP,MICH_EXP/MICH_12H_pouch_NMC_45C_0-100_0.2-1.5C.pkl,17297120,MICH_12H_pouch_NMC_45C_0-100_0.2-1.5C,pouch,graphite,NMC111,,5.0,1.0,1.0,0,4.2,3.0,,,,,"[{""current_in_A"": null, ""end_soc"": 1.0, ""end_voltage_in_V"": null, ""power_in_W"": null, ""rate_in_C"": 0.2, ""start_soc"": 0.0, ""start_voltage_in_V"": null, ""voltage_in_V"": null}]","[{""current_in_A"": null, ""end_soc"": 0.0, ""end_voltage_in_V"": null, ""power_in_W"": null, ""rate_in_C"": 1.5, ""start_soc"": 1.0, ""start_voltage_in_V"": null, ""voltage_in_V"": null}]","[0, 1]",182,1.0,182.0,0.0,1.0,1,0.2,0.2,0.2,,,1,1.5,1.5,1.5,,,,
MICH_EXP,MICH_EXP/MICH_13R_pouch_NMC_25C_50-100_0.2-0.2C.pkl,54011319,MICH_13R_pouch_NMC_25C_50-100_0.2-0.2C,pouch,graphite,NMC111,,5.0,1.0,1.0,0,4.2,3.0,,,,,"[{""current_in_A"": null, ""end_soc"": 1.0, ""end_voltage_in_V"": null, ""power_in_W"": null, ""rate_in_C"": 0.2, ""start_soc"": 0.0, ""start_voltage_in_V"": null, ""voltage_in_V"": null}]","[{""current_in_A"": null, ""end_soc"": 0.0, ""end_voltage_in_V"": null, ""power_in_W"": null, ""rate_in_C"": 0.2, ""start_soc"": 1.0, ""start_voltage_in_V"": null, ""voltage_in_V"": null}]","[0.5, 1]",532,1.0,532.0,0.5,1.0,1,0.2,0.2,0.2,,,1,0.2,0.2,0.2,,,,
MICH_EXP,MICH_EXP/MICH_14C_pouch_NMC_-5C_50-100_0.2-0.2C.pkl,48802692,MICH_14C_pouch_NMC_-5C_50-100_0.2-0.2C,pouch,graphite,NMC111,,5.0,1.0,1.0,0,4.2,3.0,,,,,"[{""current_in_A"": null, ""end_soc"": 1.0, ""end_voltage_in_V"": null, ""power_in_W"": null, ""rate_in_C"": 0.2, ""start_soc"": 0.0, ""start_voltage_in_V"": null, ""voltage_in_V"": null}]","[{""current_in_A"": null, ""end_soc"": 0.0, ""end_voltage_in_V"": null, ""power_in_W"": null, ""rate_in_C"": 0.2, ""start_soc"": 1.0, ""start_voltage_in_V"": null, ""voltage_in_V"": null}]","[0.5, 1]",452,1.0,452.0,0.5,1.0,1,0.2,0.2,0.2,,,1,0.2,0.2,0.2,,,,
MICH_EXP,MICH_EXP/MICH_15H_pouch_NMC_45C_50-100_0.2-0.2C.pkl,17340558,MICH_15H_pouch_NMC_45C_50-100_0.2-0.2C,pouch,graphite,NMC111,,5.0,1.0,1.0,0,4.2,3.0,,,,,"[{""current_in_A"": null, ""end_soc"": 1.0, ""end_voltage_in_V"": null, ""power_in_W"": null, ""rate_in_C"": 0.2, ""start_soc"": 0.0, ""start_voltage_in_V"": null, ""voltage_in_V"": null}]","[{""current_in_A"": null, ""end_soc"": 0.0, ""end_voltage_in_V"": null, ""power_in_W"": null, ""rate_in_C"": 0.2, ""start_soc"": 1.0, ""start_voltage_in_V"": null, ""voltage_in_V"": null}]","[0.5, 1]",171,1.0,171.0,0.5,1.0,1,0.2,0.2,0.2,,,1,0.2,0.2,0.2,,,,
MICH_EXP,MICH_EXP/MICH_16R_pouch_NMC_25C_50-100_0.2-1.5C.pkl,31447959,MICH_16R_pouch_NMC_25C_50-100_0.2-1.5C,pouch,graphite,NMC111,,5.0,1.0,1.0,0,4.2,3.0,,,,,"[{""current_in_A"": null, ""end_soc"": 1.0, ""end_voltage_in_V"": null, ""power_in_W"": null, ""rate_in_C"": 0.2, ""start_soc"": 0.0, ""start_voltage_in_V"": null, ""voltage_in_V"": null}]","[{""current_in_A"": null, ""end_soc"": 0.0, ""end_voltage_in_V"": null, ""power_in_W"": null, ""rate_in_C"": 1.5, ""start_soc"": 1.0, ""start_voltage_in_V"": null, ""voltage_in_V"": null}]","[0.5, 1]",532,1.0,532.0,0.5,1.0,1,0.2,0.2,0.2,,,1,1.5,1.5,1.5,,,,
MICH_EXP,MICH_EXP/MICH_17C_pouch_NMC_-5C_50-100_0.2-1.5C.pkl,37072617,MICH_17C_pouch_NMC_-5C_50-100_0.2-1.5C,pouch,graphite,NMC111,,5.0,1.0,1.0,0,4.2,3.0,,,,,"[{""current_in_A"": null, ""end_soc"": 1.0, ""end_voltage_in_V"": null, ""power_in_W"": null, ""rate_in_C"": 0.2, ""start_soc"": 0.0, ""start_voltage_in_V"": null, ""voltage_in_V"": null}]","[{""current_in_A"": null, ""end_soc"": 0.0, ""end_voltage_in_V"": null, ""power_in_W"": null, ""rate_in_C"": 1.5, ""start_soc"": 1.0, ""start_voltage_in_V"": null, ""voltage_in_V"": null}]","[0.5, 1]",557,1.0,557.0,0.5,1.0,1,0.2,0.2,0.2,,,1,1.5,1.5,1.5,,,,
MICH_EXP,MICH_EXP/MICH_18H_pouch_NMC_45C_50-100_0.2-1.5C.pkl,17230908,MICH_18H_pouch_NMC_45C_50-100_0.2-1.5C,pouch,graphite,NMC111,,5.0,1.0,1.0,0,4.2,3.0,,,,,"[{""current_in_A"": null, ""end_soc"": 1.0, ""end_voltage_in_V"": null, ""power_in_W"": null, ""rate_in_C"": 0.2, ""start_soc"": 0.0, ""start_voltage_in_V"": null, ""voltage_in_V"": null}]","[{""current_in_A"": null, ""end_soc"": 0.0, ""end_voltage_in_V"": null, ""power_in_W"": null, ""rate_in_C"": 1.5, ""start_soc"": 1.0, ""start_voltage_in_V"": null, ""voltage_in_V"": null}]","[0.5, 1]",295,1.0,295.0,0.5,1.0,1,0.2,0.2,0.2,,,1,1.5,1.5,1.5,,,,
RWTH,RWTH/RWTH_002.pkl,58387566,RWTH_002,cylindrical_18650,graphite,NMC,,1.85,1.0,1.0,0,3.9,3.5,4.0,,,,"[{""current_in_A"": 4.0, ""end_soc"": null, ""end_voltage_in_V"": 3.9, ""power_in_W"": null, ""rate_in_C"": null, ""start_soc"": null, ""start_voltage_in_V"": 3.5, ""voltage_in_V"": null}, {""current_in_A"": null, ""end_soc"": 1.0, ""end_voltage_in_V"": null, ""power_in_W"": null, ""rate_in_C"": null, ""start_soc"": null, ""start_voltage_in_V"": 3.9, ""voltage_in_V"": 3.9}]","[{""current_in_A"": 4.0, ""end_soc"": null, ""end_voltage_in_V"": 3.5, ""power_in_W"": null, ""rate_in_C"": null, ""start_soc"": null, ""start_voltage_in_V"": 3.9, ""voltage_in_V"": null}, {""current_in_A"": null, ""end_soc"": 0.0, ""end_voltage_in_V"": null, ""power_in_W"": null, ""rate_in_C"": null, ""start_soc"": null, ""start_voltage_in_V"": 3.5, ""voltage_in_V"": 3.5}]","[0.2, 0.8]",2393,1.0,2410.0,0.2,0.8,2,,,,4.0,3.9,2,,,,4.0,3.5,,
RWTH,RWTH/RWTH_003.pkl,59321307,RWTH_003,cylindrical_18650,graphite,NMC,,1.85,1.0,1.0,0,3.9,3.5,4.0,,,,"[{""current_in_A"": 4.0, ""end_soc"": null, ""end_voltage_in_V"": 3.9, ""power_in_W"": null, ""rate_in_C"": null, ""start_soc"": null, ""start_voltage_in_V"": 3.5, ""voltage_in_V"": null}, {""current_in_A"": null, ""end_soc"": 1.0, ""end_voltage_in_V"": null, ""power_in_W"": null, ""rate_in_C"": null, ""start_soc"": null, ""start_voltage_in_V"": 3.9, ""voltage_in_V"": 3.9}]","[{""current_in_A"": 4.0, ""end_soc"": null, ""end_voltage_in_V"": 3.5, ""power_in_W"": null, ""rate_in_C"": null, ""start_soc"": null, ""start_voltage_in_V"": 3.9, ""voltage_in_V"": null}, {""current_in_A"": null, ""end_soc"": 0.0, ""end_voltage_in_V"": null, ""power_in_W"": null, ""rate_in_C"": null, ""start_soc"": null, ""start_voltage_in_V"": 3.5, ""voltage_in_V"": 3.5}]","[0.2, 0.8]",2429,1.0,2445.0,0.2,0.8,2,,,,4.0,3.9,2,,,,4.0,3.5,,
RWTH,RWTH/RWTH_004.pkl,58745730,RWTH_004,cylindrical_18650,graphite,NMC,,1.85,1.0,1.0,0,3.9,3.5,4.0,,,,"[{""current_in_A"": 4.0, ""end_soc"": null, ""end_voltage_in_V"": 3.9, ""power_in_W"": null, ""rate_in_C"": null, ""start_soc"": null, ""start_voltage_in_V"": 3.5, ""voltage_in_V"": null}, {""current_in_A"": null, ""end_soc"": 1.0, ""end_voltage_in_V"": null, ""power_in_W"": null, ""rate_in_C"": null, ""start_soc"": null, ""start_voltage_in_V"": 3.9, ""voltage_in_V"": 3.9}]","[{""current_in_A"": 4.0, ""end_soc"": null, ""end_voltage_in_V"": 3.5, ""power_in_W"": null, ""rate_in_C"": null, ""start_soc"": null, ""start_voltage_in_V"": 3.9, ""voltage_in_V"": null}, {""current_in_A"": null, ""end_soc"": 0.0, ""end_voltage_in_V"": null, ""power_in_W"": null, ""rate_in_C"": null, ""start_soc"": null, ""start_voltage_in_V"": 3.5, ""voltage_in_V"": 3.5}]","[0.2, 0.8]",2408,1.0,2423.0,0.2,0.8,2,,,,4.0,3.9,2,,,,4.0,3.5,,
RWTH,RWTH/RWTH_005.pkl,58202274,RWTH_005,cylindrical_18650,graphite,NMC,,1.85,1.0,1.0,0,3.9,3.5,4.0,,,,"[{""current_in_A"": 4.0, ""end_soc"": null, ""end_voltage_in_V"": 3.9, ""power_in_W"": null, ""rate_in_C"": null, ""start_soc"": null, ""start_voltage_in_V"": 3.5, ""voltage_in_V"": null}, {""current_in_A"": null, ""end_soc"": 1.0, ""end_voltage_in_V"": null, ""power_in_W"": null, ""rate_in_C"": null, ""start_soc"": null, ""start_voltage_in_V"": 3.9, ""voltage_in_V"": 3.9}]","[{""current_in_A"": 4.0, ""end_soc"": null, ""end_voltage_in_V"": 3.5, ""power_in_W"": null, ""rate_in_C"": null, ""start_soc"": null, ""start_voltage_in_V"": 3.9, ""voltage_in_V"": null}, {""current_in_A"": null, ""end_soc"": 0.0, ""end_voltage_in_V"": null, ""power_in_W"": null, ""rate_in_C"": null, ""start_soc"": null, ""start_voltage_in_V"": 3.5, ""voltage_in_V"": 3.5}]","[0.2, 0.8]",2389,1.0,2403.0,0.2,0.8,2,,,,4.0,3.9,2,,,,4.0,3.5,,
RWTH,RWTH/RWTH_006.pkl,59480574,RWTH_006,cylindrical_18650,graphite,NMC,,1.85,1.0,1.0,0,3.9,3.5,4.0,,,,"[{""current_in_A"": 4.0, ""end_soc"": null, ""end_voltage_in_V"": 3.9, ""power_in_W"": null, ""rate_in_C"": null, ""start_soc"": null, ""start_voltage_in_V"": 3.5, ""voltage_in_V"": null}, {""current_in_A"": null, ""end_soc"": 1.0, ""end_voltage_in_V"": null, ""power_in_W"": null, ""rate_in_C"": null, ""start_soc"": null, ""start_voltage_in_V"": 3.9, ""voltage_in_V"": 3.9}]","[{""current_in_A"": 4.0, ""end_soc"": null, ""end_voltage_in_V"": 3.5, ""power_in_W"": null, ""rate_in_C"": null, ""start_soc"": null, ""start_voltage_in_V"": 3.9, ""voltage_in_V"": null}, {""current_in_A"": null, ""end_soc"": 0.0, ""end_voltage_in_V"": null, ""power_in_W"": null, ""rate_in_C"": null, ""start_soc"": null, ""start_voltage_in_V"": 3.5, ""voltage_in_V"": 3.5}]","[0.2, 0.8]",2412,1.0,2428.0,0.2,0.8,2,,,,4.0,3.9,2,,,,4.0,3.5,,
RWTH,RWTH/RWTH_007.pkl,58470925,RWTH_007,cylindrical_18650,graphite,NMC,,1.85,1.0,1.0,0,3.9,3.5,4.0,,,,"[{""current_in_A"": 4.0, ""end_soc"": null, ""end_voltage_in_V"": 3.9, ""power_in_W"": null, ""rate_in_C"": null, ""start_soc"": null, ""start_voltage_in_V"": 3.5, ""voltage_in_V"": null}, {""current_in_A"": null, ""end_soc"": 1.0, ""end_voltage_in_V"": null, ""power_in_W"": null, ""rate_in_C"": null, ""start_soc"": null, ""start_voltage_in_V"": 3.9, ""voltage_in_V"": 3.9}]","[{""current_in_A"": 4.0, ""end_soc"": null, ""end_voltage_in_V"": 3.5, ""power_in_W"": null, ""rate_in_C"": null, ""start_soc"": null, ""start_voltage_in_V"": 3.9, ""voltage_in_V"": null}, {""current_in_A"": null, ""end_soc"": 0.0, ""end_voltage_in_V"": null, ""power_in_W"": null, ""rate_in_C"": null, ""start_soc"": null, ""start_voltage_in_V"": 3.5, ""voltage_in_V"": 3.5}]","[0.2, 0.8]",2395,1.0,2411.0,0.2,0.8,2,,,,4.0,3.9,2,,,,4.0,3.5,,
RWTH,RWTH/RWTH_008.pkl,58531989,RWTH_008,cylindrical_18650,graphite,NMC,,1.85,1.0,1.0,0,3.9,3.5,4.0,,,,"[{""current_in_A"": 4.0, ""end_soc"": null, ""end_voltage_in_V"": 3.9, ""power_in_W"": null, ""rate_in_C"": null, ""start_soc"": null, ""start_voltage_in_V"": 3.5, ""voltage_in_V"": null}, {""current_in_A"": null, ""end_soc"": 1.0, ""end_voltage_in_V"": null, ""power_in_W"": null, ""rate_in_C"": null, ""start_soc"": null, ""start_voltage_in_V"": 3.9, ""voltage_in_V"": 3.9}]","[{""current_in_A"": 4.0, ""end_soc"": null, ""end_voltage_in_V"": 3.5, ""power_in_W"": null, ""rate_in_C"": null, ""start_soc"": null, ""start_voltage_in_V"": 3.9, ""voltage_in_V"": null}, {""current_in_A"": null, ""end_soc"": 0.0, ""end_voltage_in_V"": null, ""power_in_W"": null, ""rate_in_C"": null, ""start_soc"": null, ""start_voltage_in_V"": 3.5, ""voltage_in_V"": 3.5}]","[0.2, 0.8]",2406,1.0,2421.0,0.2,0.8,2,,,,4.0,3.9,2,,,,4.0,3.5,,
RWTH,RWTH/RWTH_009.pkl,58574118,RWTH_009,cylindrical_18650,graphite,NMC,,1.85,1.0,1.0,0,3.9,3.5,4.0,,,,"[{""current_in_A"": 4.0, ""end_soc"": null, ""end_voltage_in_V"": 3.9, ""power_in_W"": null, ""rate_in_C"": null, ""start_soc"": null, ""start_voltage_in_V"": 3.5, ""voltage_in_V"": null}, {""current_in_A"": null, ""end_soc"": 1.0, ""end_voltage_in_V"": null, ""power_in_W"": null, ""rate_in_C"": null, ""start_soc"": null, ""start_voltage_in_V"": 3.9, ""voltage_in_V"": 3.9}]","[{""current_in_A"": 4.0, ""end_soc"": null, ""end_voltage_in_V"": 3.5, ""power_in_W"": null, ""rate_in_C"": null, ""start_soc"": null, ""start_voltage_in_V"": 3.9, ""voltage_in_V"": null}, {""current_in_A"": null, ""end_soc"": 0.0, ""end_voltage_in_V"": null, ""power_in_W"": null, ""rate_in_C"": null, ""start_soc"": null, ""start_voltage_in_V"": 3.5, ""voltage_in_V"": 3.5}]","[0.2, 0.8]",2392,1.0,2406.0,0.2,0.8,2,,,,4.0,3.9,2,,,,4.0,3.5,,
RWTH,RWTH/RWTH_010.pkl,59396340,RWTH_010,cylindrical_18650,graphite,NMC,,1.85,1.0,1.0,0,3.9,3.5,4.0,,,,"[{""current_in_A"": 4.0, ""end_soc"": null, ""end_voltage_in_V"": 3.9, ""power_in_W"": null, ""rate_in_C"": null, ""start_soc"": null, ""start_voltage_in_V"": 3.5, ""voltage_in_V"": null}, {""current_in_A"": null, ""end_soc"": 1.0, ""end_voltage_in_V"": null, ""power_in_W"": null, ""rate_in_C"": null, ""start_soc"": null, ""start_voltage_in_V"": 3.9, ""voltage_in_V"": 3.9}]","[{""current_in_A"": 4.0, ""end_soc"": null, ""end_voltage_in_V"": 3.5, ""power_in_W"": null, ""rate_in_C"": null, ""start_soc"": null, ""start_voltage_in_V"": 3.9, ""voltage_in_V"": null}, {""current_in_A"": null, ""end_soc"": 0.0, ""end_voltage_in_V"": null, ""power_in_W"": null, ""rate_in_C"": null, ""start_soc"": null, ""start_voltage_in_V"": 3.5, ""voltage_in_V"": 3.5}]","[0.2, 0.8]",2434,1.0,2450.0,0.2,0.8,2,,,,4.0,3.9,2,,,,4.0,3.5,,
RWTH,RWTH/RWTH_011.pkl,59217843,RWTH_011,cylindrical_18650,graphite,NMC,,1.85,1.0,1.0,0,3.9,3.5,4.0,,,,"[{""current_in_A"": 4.0, ""end_soc"": null, ""end_voltage_in_V"": 3.9, ""power_in_W"": null, ""rate_in_C"": null, ""start_soc"": null, ""start_voltage_in_V"": 3.5, ""voltage_in_V"": null}, {""current_in_A"": null, ""end_soc"": 1.0, ""end_voltage_in_V"": null, ""power_in_W"": null, ""rate_in_C"": null, ""start_soc"": null, ""start_voltage_in_V"": 3.9, ""voltage_in_V"": 3.9}]","[{""current_in_A"": 4.0, ""end_soc"": null, ""end_voltage_in_V"": 3.5, ""power_in_W"": null, ""rate_in_C"": null, ""start_soc"": null, ""start_voltage_in_V"": 3.9, ""voltage_in_V"": null}, {""current_in_A"": null, ""end_soc"": 0.0, ""end_voltage_in_V"": null, ""power_in_W"": null, ""rate_in_C"": null, ""start_soc"": null, ""start_voltage_in_V"": 3.5, ""voltage_in_V"": 3.5}]","[0.2, 0.8]",2427,1.0,2443.0,0.2,0.8,2,,,,4.0,3.9,2,,,,4.0,3.5,,
RWTH,RWTH/RWTH_012.pkl,59627012,RWTH_012,cylindrical_18650,graphite,NMC,,1.85,1.0,1.0,0,3.9,3.5,4.0,,,,"[{""current_in_A"": 4.0, ""end_soc"": null, ""end_voltage_in_V"": 3.9, ""power_in_W"": null, ""rate_in_C"": null, ""start_soc"": null, ""start_voltage_in_V"": 3.5, ""voltage_in_V"": null}, {""current_in_A"": null, ""end_soc"": 1.0, ""end_voltage_in_V"": null, ""power_in_W"": null, ""rate_in_C"": null, ""start_soc"": null, ""start_voltage_in_V"": 3.9, ""voltage_in_V"": 3.9}]","[{""current_in_A"": 4.0, ""end_soc"": null, ""end_voltage_in_V"": 3.5, ""power_in_W"": null, ""rate_in_C"": null, ""start_soc"": null, ""start_voltage_in_V"": 3.9, ""voltage_in_V"": null}, {""current_in_A"": null, ""end_soc"": 0.0, ""end_voltage_in_V"": null, ""power_in_W"": null, ""rate_in_C"": null, ""start_soc"": null, ""start_voltage_in_V"": 3.5, ""voltage_in_V"": 3.5}]","[0.2, 0.8]",2433,1.0,2448.0,0.2,0.8,2,,,,4.0,3.9,2,,,,4.0,3.5,,
RWTH,RWTH/RWTH_013.pkl,59629667,RWTH_013,cylindrical_18650,graphite,NMC,,1.85,1.0,1.0,0,3.9,3.5,4.0,,,,"[{""current_in_A"": 4.0, ""end_soc"": null, ""end_voltage_in_V"": 3.9, ""power_in_W"": null, ""rate_in_C"": null, ""start_soc"": null, ""start_voltage_in_V"": 3.5, ""voltage_in_V"": null}, {""current_in_A"": null, ""end_soc"": 1.0, ""end_voltage_in_V"": null, ""power_in_W"": null, ""rate_in_C"": null, ""start_soc"": null, ""start_voltage_in_V"": 3.9, ""voltage_in_V"": 3.9}]","[{""current_in_A"": 4.0, ""end_soc"": null, ""end_voltage_in_V"": 3.5, ""power_in_W"": null, ""rate_in_C"": null, ""start_soc"": null, ""start_voltage_in_V"": 3.9, ""voltage_in_V"": null}, {""current_in_A"": null, ""end_soc"": 0.0, ""end_voltage_in_V"": null, ""power_in_W"": null, ""rate_in_C"": null, ""start_soc"": null, ""start_voltage_in_V"": 3.5, ""voltage_in_V"": 3.5}]","[0.2, 0.8]",2440,1.0,2455.0,0.2,0.8,2,,,,4.0,3.9,2,,,,4.0,3.5,,
RWTH,RWTH/RWTH_014.pkl,56234694,RWTH_014,cylindrical_18650,graphite,NMC,,1.85,1.0,1.0,0,3.9,3.5,4.0,,,,"[{""current_in_A"": 4.0, ""end_soc"": null, ""end_voltage_in_V"": 3.9, ""power_in_W"": null, ""rate_in_C"": null, ""start_soc"": null, ""start_voltage_in_V"": 3.5, ""voltage_in_V"": null}, {""current_in_A"": null, ""end_soc"": 1.0, ""end_voltage_in_V"": null, ""power_in_W"": null, ""rate_in_C"": null, ""start_soc"": null, ""start_voltage_in_V"": 3.9, ""voltage_in_V"": 3.9}]","[{""current_in_A"": 4.0, ""end_soc"": null, ""end_voltage_in_V"": 3.5, ""power_in_W"": null, ""rate_in_C"": null, ""start_soc"": null, ""start_voltage_in_V"": 3.9, ""voltage_in_V"": null}, {""current_in_A"": null, ""end_soc"": 0.0, ""end_voltage_in_V"": null, ""power_in_W"": null, ""rate_in_C"": null, ""start_soc"": null, ""start_voltage_in_V"": 3.5, ""voltage_in_V"": 3.5}]","[0.2, 0.8]",2302,1.0,2315.0,0.2,0.8,2,,,,4.0,3.9,2,,,,4.0,3.5,,
RWTH,RWTH/RWTH_015.pkl,55771941,RWTH_015,cylindrical_18650,graphite,NMC,,1.85,1.0,1.0,0,3.9,3.5,4.0,,,,"[{""current_in_A"": 4.0, ""end_soc"": null, ""end_voltage_in_V"": 3.9, ""power_in_W"": null, ""rate_in_C"": null, ""start_soc"": null, ""start_voltage_in_V"": 3.5, ""voltage_in_V"": null}, {""current_in_A"": null, ""end_soc"": 1.0, ""end_voltage_in_V"": null, ""power_in_W"": null, ""rate_in_C"": null, ""start_soc"": null, ""start_voltage_in_V"": 3.9, ""voltage_in_V"": 3.9}]","[{""current_in_A"": 4.0, ""end_soc"": null, ""end_voltage_in_V"": 3.5, ""power_in_W"": null, ""rate_in_C"": null, ""start_soc"": null, ""start_voltage_in_V"": 3.9, ""voltage_in_V"": null}, {""current_in_A"": null, ""end_soc"": 0.0, ""end_voltage_in_V"": null, ""power_in_W"": null, ""rate_in_C"": null, ""start_soc"": null, ""start_voltage_in_V"": 3.5, ""voltage_in_V"": 3.5}]","[0.2, 0.8]",2280,1.0,2294.0,0.2,0.8,2,,,,4.0,3.9,2,,,,4.0,3.5,,
RWTH,RWTH/RWTH_016.pkl,55765326,RWTH_016,cylindrical_18650,graphite,NMC,,1.85,1.0,1.0,0,3.9,3.5,4.0,,,,"[{""current_in_A"": 4.0, ""end_soc"": null, ""end_voltage_in_V"": 3.9, ""power_in_W"": null, ""rate_in_C"": null, ""start_soc"": null, ""start_voltage_in_V"": 3.5, ""voltage_in_V"": null}, {""current_in_A"": null, ""end_soc"": 1.0, ""end_voltage_in_V"": null, ""power_in_W"": null, ""rate_in_C"": null, ""start_soc"": null, ""start_voltage_in_V"": 3.9, ""voltage_in_V"": 3.9}]","[{""current_in_A"": 4.0, ""end_soc"": null, ""end_voltage_in_V"": 3.5, ""power_in_W"": null, ""rate_in_C"": null, ""start_soc"": null, ""start_voltage_in_V"": 3.9, ""voltage_in_V"": null}, {""current_in_A"": null, ""end_soc"": 0.0, ""end_voltage_in_V"": null, ""power_in_W"": null, ""rate_in_C"": null, ""start_soc"": null, ""start_voltage_in_V"": 3.5, ""voltage_in_V"": 3.5}]","[0.2, 0.8]",2279,1.0,2293.0,0.2,0.8,2,,,,4.0,3.9,2,,,,4.0,3.5,,
RWTH,RWTH/RWTH_017.pkl,55361802,RWTH_017,cylindrical_18650,graphite,NMC,,1.85,1.0,1.0,0,3.9,3.5,4.0,,,,"[{""current_in_A"": 4.0, ""end_soc"": null, ""end_voltage_in_V"": 3.9, ""power_in_W"": null, ""rate_in_C"": null, ""start_soc"": null, ""start_voltage_in_V"": 3.5, ""voltage_in_V"": null}, {""current_in_A"": null, ""end_soc"": 1.0, ""end_voltage_in_V"": null, ""power_in_W"": null, ""rate_in_C"": null, ""start_soc"": null, ""start_voltage_in_V"": 3.9, ""voltage_in_V"": 3.9}]","[{""current_in_A"": 4.0, ""end_soc"": null, ""end_voltage_in_V"": 3.5, ""power_in_W"": null, ""rate_in_C"": null, ""start_soc"": null, ""start_voltage_in_V"": 3.9, ""voltage_in_V"": null}, {""current_in_A"": null, ""end_soc"": 0.0, ""end_voltage_in_V"": null, ""power_in_W"": null, ""rate_in_C"": null, ""start_soc"": null, ""start_voltage_in_V"": 3.5, ""voltage_in_V"": 3.5}]","[0.2, 0.8]",2271,1.0,2285.0,0.2,0.8,2,,,,4.0,3.9,2,,,,4.0,3.5,,
RWTH,RWTH/RWTH_018.pkl,54540894,RWTH_018,cylindrical_18650,graphite,NMC,,1.85,1.0,1.0,0,3.9,3.5,4.0,,,,"[{""current_in_A"": 4.0, ""end_soc"": null, ""end_voltage_in_V"": 3.9, ""power_in_W"": null, ""rate_in_C"": null, ""start_soc"": null, ""start_voltage_in_V"": 3.5, ""voltage_in_V"": null}, {""current_in_A"": null, ""end_soc"": 1.0, ""end_voltage_in_V"": null, ""power_in_W"": null, ""rate_in_C"": null, ""start_soc"": null, ""start_voltage_in_V"": 3.9, ""voltage_in_V"": 3.9}]","[{""current_in_A"": 4.0, ""end_soc"": null, ""end_voltage_in_V"": 3.5, ""power_in_W"": null, ""rate_in_C"": null, ""start_soc"": null, ""start_voltage_in_V"": 3.9, ""voltage_in_V"": null}, {""current_in_A"": null, ""end_soc"": 0.0, ""end_voltage_in_V"": null, ""power_in_W"": null, ""rate_in_C"": null, ""start_soc"": null, ""start_voltage_in_V"": 3.5, ""voltage_in_V"": 3.5}]","[0.2, 0.8]",2237,1.0,2251.0,0.2,0.8,2,,,,4.0,3.9,2,,,,4.0,3.5,,
RWTH,RWTH/RWTH_019.pkl,56687957,RWTH_019,cylindrical_18650,graphite,NMC,,1.85,1.0,1.0,0,3.9,3.5,4.0,,,,"[{""current_in_A"": 4.0, ""end_soc"": null, ""end_voltage_in_V"": 3.9, ""power_in_W"": null, ""rate_in_C"": null, ""start_soc"": null, ""start_voltage_in_V"": 3.5, ""voltage_in_V"": null}, {""current_in_A"": null, ""end_soc"": 1.0, ""end_voltage_in_V"": null, ""power_in_W"": null, ""rate_in_C"": null, ""start_soc"": null, ""start_voltage_in_V"": 3.9, ""voltage_in_V"": 3.9}]","[{""current_in_A"": 4.0, ""end_soc"": null, ""end_voltage_in_V"": 3.5, ""power_in_W"": null, ""rate_in_C"": null, ""start_soc"": null, ""start_voltage_in_V"": 3.9, ""voltage_in_V"": null}, {""current_in_A"": null, ""end_soc"": 0.0, ""end_voltage_in_V"": null, ""power_in_W"": null, ""rate_in_C"": null, ""start_soc"": null, ""start_voltage_in_V"": 3.5, ""voltage_in_V"": 3.5}]","[0.2, 0.8]",2280,1.0,2294.0,0.2,0.8,2,,,,4.0,3.9,2,,,,4.0,3.5,,
RWTH,RWTH/RWTH_020.pkl,54766731,RWTH_020,cylindrical_18650,graphite,NMC,,1.85,1.0,1.0,0,3.9,3.5,4.0,,,,"[{""current_in_A"": 4.0, ""end_soc"": null, ""end_voltage_in_V"": 3.9, ""power_in_W"": null, ""rate_in_C"": null, ""start_soc"": null, ""start_voltage_in_V"": 3.5, ""voltage_in_V"": null}, {""current_in_A"": null, ""end_soc"": 1.0, ""end_voltage_in_V"": null, ""power_in_W"": null, ""rate_in_C"": null, ""start_soc"": null, ""start_voltage_in_V"": 3.9, ""voltage_in_V"": 3.9}]","[{""current_in_A"": 4.0, ""end_soc"": null, ""end_voltage_in_V"": 3.5, ""power_in_W"": null, ""rate_in_C"": null, ""start_soc"": null, ""start_voltage_in_V"": 3.9, ""voltage_in_V"": null}, {""current_in_A"": null, ""end_soc"": 0.0, ""end_voltage_in_V"": null, ""power_in_W"": null, ""rate_in_C"": null, ""start_soc"": null, ""start_voltage_in_V"": 3.5, ""voltage_in_V"": 3.5}]","[0.2, 0.8]",2231,1.0,2245.0,0.2,0.8,2,,,,4.0,3.9,2,,,,4.0,3.5,,
RWTH,RWTH/RWTH_021.pkl,55364277,RWTH_021,cylindrical_18650,graphite,NMC,,1.85,1.0,1.0,0,3.9,3.5,4.0,,,,"[{""current_in_A"": 4.0, ""end_soc"": null, ""end_voltage_in_V"": 3.9, ""power_in_W"": null, ""rate_in_C"": null, ""start_soc"": null, ""start_voltage_in_V"": 3.5, ""voltage_in_V"": null}, {""current_in_A"": null, ""end_soc"": 1.0, ""end_voltage_in_V"": null, ""power_in_W"": null, ""rate_in_C"": null, ""start_soc"": null, ""start_voltage_in_V"": 3.9, ""voltage_in_V"": 3.9}]","[{""current_in_A"": 4.0, ""end_soc"": null, ""end_voltage_in_V"": 3.5, ""power_in_W"": null, ""rate_in_C"": null, ""start_soc"": null, ""start_voltage_in_V"": 3.9, ""voltage_in_V"": null}, {""current_in_A"": null, ""end_soc"": 0.0, ""end_voltage_in_V"": null, ""power_in_W"": null, ""rate_in_C"": null, ""start_soc"": null, ""start_voltage_in_V"": 3.5, ""voltage_in_V"": 3.5}]","[0.2, 0.8]",2275,1.0,2289.0,0.2,0.8,2,,,,4.0,3.9,2,,,,4.0,3.5,,
RWTH,RWTH/RWTH_022.pkl,55622793,RWTH_022,cylindrical_18650,graphite,NMC,,1.85,1.0,1.0,0,3.9,3.5,4.0,,,,"[{""current_in_A"": 4.0, ""end_soc"": null, ""end_voltage_in_V"": 3.9, ""power_in_W"": null, ""rate_in_C"": null, ""start_soc"": null, ""start_voltage_in_V"": 3.5, ""voltage_in_V"": null}, {""current_in_A"": null, ""end_soc"": 1.0, ""end_voltage_in_V"": null, ""power_in_W"": null, ""rate_in_C"": null, ""start_soc"": null, ""start_voltage_in_V"": 3.9, ""voltage_in_V"": 3.9}]","[{""current_in_A"": 4.0, ""end_soc"": null, ""end_voltage_in_V"": 3.5, ""power_in_W"": null, ""rate_in_C"": null, ""start_soc"": null, ""start_voltage_in_V"": 3.9, ""voltage_in_V"": null}, {""current_in_A"": null, ""end_soc"": 0.0, ""end_voltage_in_V"": null, ""power_in_W"": null, ""rate_in_C"": null, ""start_soc"": null, ""start_voltage_in_V"": 3.5, ""voltage_in_V"": 3.5}]","[0.2, 0.8]",2276,1.0,2290.0,0.2,0.8,2,,,,4.0,3.9,2,,,,4.0,3.5,,
RWTH,RWTH/RWTH_023.pkl,56796015,RWTH_023,cylindrical_18650,graphite,NMC,,1.85,1.0,1.0,0,3.9,3.5,4.0,,,,"[{""current_in_A"": 4.0, ""end_soc"": null, ""end_voltage_in_V"": 3.9, ""power_in_W"": null, ""rate_in_C"": null, ""start_soc"": null, ""start_voltage_in_V"": 3.5, ""voltage_in_V"": null}, {""current_in_A"": null, ""end_soc"": 1.0, ""end_voltage_in_V"": null, ""power_in_W"": null, ""rate_in_C"": null, ""start_soc"": null, ""start_voltage_in_V"": 3.9, ""voltage_in_V"": 3.9}]","[{""current_in_A"": 4.0, ""end_soc"": null, ""end_voltage_in_V"": 3.5, ""power_in_W"": null, ""rate_in_C"": null, ""start_soc"": null, ""start_voltage_in_V"": 3.9, ""voltage_in_V"": null}, {""current_in_A"": null, ""end_soc"": 0.0, ""end_voltage_in_V"": null, ""power_in_W"": null, ""rate_in_C"": null, ""start_soc"": null, ""start_voltage_in_V"": 3.5, ""voltage_in_V"": 3.5}]","[0.2, 0.8]",2316,1.0,2329.0,0.2,0.8,2,,,,4.0,3.9,2,,,,4.0,3.5,,
RWTH,RWTH/RWTH_024.pkl,57778575,RWTH_024,cylindrical_18650,graphite,NMC,,1.85,1.0,1.0,0,3.9,3.5,4.0,,,,"[{""current_in_A"": 4.0, ""end_soc"": null, ""end_voltage_in_V"": 3.9, ""power_in_W"": null, ""rate_in_C"": null, ""start_soc"": null, ""start_voltage_in_V"": 3.5, ""voltage_in_V"": null}, {""current_in_A"": null, ""end_soc"": 1.0, ""end_voltage_in_V"": null, ""power_in_W"": null, ""rate_in_C"": null, ""start_soc"": null, ""start_voltage_in_V"": 3.9, ""voltage_in_V"": 3.9}]","[{""current_in_A"": 4.0, ""end_soc"": null, ""end_voltage_in_V"": 3.5, ""power_in_W"": null, ""rate_in_C"": null, ""start_soc"": null, ""start_voltage_in_V"": 3.9, ""voltage_in_V"": null}, {""current_in_A"": null, ""end_soc"": 0.0, ""end_voltage_in_V"": null, ""power_in_W"": null, ""rate_in_C"": null, ""start_soc"": null, ""start_voltage_in_V"": 3.5, ""voltage_in_V"": 3.5}]","[0.2, 0.8]",2314,1.0,2328.0,0.2,0.8,2,,,,4.0,3.9,2,,,,4.0,3.5,,
RWTH,RWTH/RWTH_025.pkl,63334155,RWTH_025,cylindrical_18650,graphite,NMC,,1.85,1.0,1.0,0,3.9,3.5,4.0,,,,"[{""current_in_A"": 4.0, ""end_soc"": null, ""end_voltage_in_V"": 3.9, ""power_in_W"": null, ""rate_in_C"": null, ""start_soc"": null, ""start_voltage_in_V"": 3.5, ""voltage_in_V"": null}, {""current_in_A"": null, ""end_soc"": 1.0, ""end_voltage_in_V"": null, ""power_in_W"": null, ""rate_in_C"": null, ""start_soc"": null, ""start_voltage_in_V"": 3.9, ""voltage_in_V"": 3.9}]","[{""current_in_A"": 4.0, ""end_soc"": null, ""end_voltage_in_V"": 3.5, ""power_in_W"": null, ""rate_in_C"": null, ""start_soc"": null, ""start_voltage_in_V"": 3.9, ""voltage_in_V"": null}, {""current_in_A"": null, ""end_soc"": 0.0, ""end_voltage_in_V"": null, ""power_in_W"": null, ""rate_in_C"": null, ""start_soc"": null, ""start_voltage_in_V"": 3.5, ""voltage_in_V"": 3.5}]","[0.2, 0.8]",2303,1.0,2317.0,0.2,0.8,2,,,,4.0,3.9,2,,,,4.0,3.5,,
RWTH,RWTH/RWTH_026.pkl,48845226,RWTH_026,cylindrical_18650,graphite,NMC,,1.85,1.0,1.0,0,3.9,3.5,4.0,,,,"[{""current_in_A"": 4.0, ""end_soc"": null, ""end_voltage_in_V"": 3.9, ""power_in_W"": null, ""rate_in_C"": null, ""start_soc"": null, ""start_voltage_in_V"": 3.5, ""voltage_in_V"": null}, {""current_in_A"": null, ""end_soc"": 1.0, ""end_voltage_in_V"": null, ""power_in_W"": null, ""rate_in_C"": null, ""start_soc"": null, ""start_voltage_in_V"": 3.9, ""voltage_in_V"": 3.9}]","[{""current_in_A"": 4.0, ""end_soc"": null, ""end_voltage_in_V"": 3.5, ""power_in_W"": null, ""rate_in_C"": null, ""start_soc"": null, ""start_voltage_in_V"": 3.9, ""voltage_in_V"": null}, {""current_in_A"": null, ""end_soc"": 0.0, ""end_voltage_in_V"": null, ""power_in_W"": null, ""rate_in_C"": null, ""start_soc"": null, ""start_voltage_in_V"": 3.5, ""voltage_in_V"": 3.5}]","[0.2, 0.8]",2001,1.0,2014.0,0.2,0.8,2,,,,4.0,3.9,2,,,,4.0,3.5,,
RWTH,RWTH/RWTH_027.pkl,48982404,RWTH_027,cylindrical_18650,graphite,NMC,,1.85,1.0,1.0,0,3.9,3.5,4.0,,,,"[{""current_in_A"": 4.0, ""end_soc"": null, ""end_voltage_in_V"": 3.9, ""power_in_W"": null, ""rate_in_C"": null, ""start_soc"": null, ""start_voltage_in_V"": 3.5, ""voltage_in_V"": null}, {""current_in_A"": null, ""end_soc"": 1.0, ""end_voltage_in_V"": null, ""power_in_W"": null, ""rate_in_C"": null, ""start_soc"": null, ""start_voltage_in_V"": 3.9, ""voltage_in_V"": 3.9}]","[{""current_in_A"": 4.0, ""end_soc"": null, ""end_voltage_in_V"": 3.5, ""power_in_W"": null, ""rate_in_C"": null, ""start_soc"": null, ""start_voltage_in_V"": 3.9, ""voltage_in_V"": null}, {""current_in_A"": null, ""end_soc"": 0.0, ""end_voltage_in_V"": null, ""power_in_W"": null, ""rate_in_C"": null, ""start_soc"": null, ""start_voltage_in_V"": 3.5, ""voltage_in_V"": 3.5}]","[0.2, 0.8]",2005,1.0,2016.0,0.2,0.8,2,,,,4.0,3.9,2,,,,4.0,3.5,,
RWTH,RWTH/RWTH_028.pkl,48973449,RWTH_028,cylindrical_18650,graphite,NMC,,1.85,1.0,1.0,0,3.9,3.5,4.0,,,,"[{""current_in_A"": 4.0, ""end_soc"": null, ""end_voltage_in_V"": 3.9, ""power_in_W"": null, ""rate_in_C"": null, ""start_soc"": null, ""start_voltage_in_V"": 3.5, ""voltage_in_V"": null}, {""current_in_A"": null, ""end_soc"": 1.0, ""end_voltage_in_V"": null, ""power_in_W"": null, ""rate_in_C"": null, ""start_soc"": null, ""start_voltage_in_V"": 3.9, ""voltage_in_V"": 3.9}]","[{""current_in_A"": 4.0, ""end_soc"": null, ""end_voltage_in_V"": 3.5, ""power_in_W"": null, ""rate_in_C"": null, ""start_soc"": null, ""start_voltage_in_V"": 3.9, ""voltage_in_V"": null}, {""current_in_A"": null, ""end_soc"": 0.0, ""end_voltage_in_V"": null, ""power_in_W"": null, ""rate_in_C"": null, ""start_soc"": null, ""start_voltage_in_V"": 3.5, ""voltage_in_V"": 3.5}]","[0.2, 0.8]",2004,1.0,2016.0,0.2,0.8,2,,,,4.0,3.9,2,,,,4.0,3.5,,
RWTH,RWTH/RWTH_029.pkl,49019304,RWTH_029,cylindrical_18650,graphite,NMC,,1.85,1.0,1.0,0,3.9,3.5,4.0,,,,"[{""current_in_A"": 4.0, ""end_soc"": null, ""end_voltage_in_V"": 3.9, ""power_in_W"": null, ""rate_in_C"": null, ""start_soc"": null, ""start_voltage_in_V"": 3.5, ""voltage_in_V"": null}, {""current_in_A"": null, ""end_soc"": 1.0, ""end_voltage_in_V"": null, ""power_in_W"": null, ""rate_in_C"": null, ""start_soc"": null, ""start_voltage_in_V"": 3.9, ""voltage_in_V"": 3.9}]","[{""current_in_A"": 4.0, ""end_soc"": null, ""end_voltage_in_V"": 3.5, ""power_in_W"": null, ""rate_in_C"": null, ""start_soc"": null, ""start_voltage_in_V"": 3.9, ""voltage_in_V"": null}, {""current_in_A"": null, ""end_soc"": 0.0, ""end_voltage_in_V"": null, ""power_in_W"": null, ""rate_in_C"": null, ""start_soc"": null, ""start_voltage_in_V"": 3.5, ""voltage_in_V"": 3.5}]","[0.2, 0.8]",2004,1.0,2016.0,0.2,0.8,2,,,,4.0,3.9,2,,,,4.0,3.5,,
RWTH,RWTH/RWTH_030.pkl,36818308,RWTH_030,cylindrical_18650,graphite,NMC,,1.85,1.0,1.0,0,3.9,3.5,4.0,,,,"[{""current_in_A"": 4.0, ""end_soc"": null, ""end_voltage_in_V"": 3.9, ""power_in_W"": null, ""rate_in_C"": null, ""start_soc"": null, ""start_voltage_in_V"": 3.5, ""voltage_in_V"": null}, {""current_in_A"": null, ""end_soc"": 1.0, ""end_voltage_in_V"": null, ""power_in_W"": null, ""rate_in_C"": null, ""start_soc"": null, ""start_voltage_in_V"": 3.9, ""voltage_in_V"": 3.9}]","[{""current_in_A"": 4.0, ""end_soc"": null, ""end_voltage_in_V"": 3.5, ""power_in_W"": null, ""rate_in_C"": null, ""start_soc"": null, ""start_voltage_in_V"": 3.9, ""voltage_in_V"": null}, {""current_in_A"": null, ""end_soc"": 0.0, ""end_voltage_in_V"": null, ""power_in_W"": null, ""rate_in_C"": null, ""start_soc"": null, ""start_voltage_in_V"": 3.5, ""voltage_in_V"": 3.5}]","[0.2, 0.8]",1486,1.0,1496.0,0.2,0.8,2,,,,4.0,3.9,2,,,,4.0,3.5,,
RWTH,RWTH/RWTH_031.pkl,55190910,RWTH_031,cylindrical_18650,graphite,NMC,,1.85,1.0,1.0,0,3.9,3.5,4.0,,,,"[{""current_in_A"": 4.0, ""end_soc"": null, ""end_voltage_in_V"": 3.9, ""power_in_W"": null, ""rate_in_C"": null, ""start_soc"": null, ""start_voltage_in_V"": 3.5, ""voltage_in_V"": null}, {""current_in_A"": null, ""end_soc"": 1.0, ""end_voltage_in_V"": null, ""power_in_W"": null, ""rate_in_C"": null, ""start_soc"": null, ""start_voltage_in_V"": 3.9, ""voltage_in_V"": 3.9}]","[{""current_in_A"": 4.0, ""end_soc"": null, ""end_voltage_in_V"": 3.5, ""power_in_W"": null, ""rate_in_C"": null, ""start_soc"": null, ""start_voltage_in_V"": 3.9, ""voltage_in_V"": null}, {""current_in_A"": null, ""end_soc"": 0.0, ""end_voltage_in_V"": null, ""power_in_W"": null, ""rate_in_C"": null, ""start_soc"": null, ""start_voltage_in_V"": 3.5, ""voltage_in_V"": 3.5}]","[0.2, 0.8]",2258,1.0,2273.0,0.2,0.8,2,,,,4.0,3.9,2,,,,4.0,3.5,,
RWTH,RWTH/RWTH_032.pkl,55739271,RWTH_032,cylindrical_18650,graphite,NMC,,1.85,1.0,1.0,0,3.9,3.5,4.0,,,,"[{""current_in_A"": 4.0, ""end_soc"": null, ""end_voltage_in_V"": 3.9, ""power_in_W"": null, ""rate_in_C"": null, ""start_soc"": null, ""start_voltage_in_V"": 3.5, ""voltage_in_V"": null}, {""current_in_A"": null, ""end_soc"": 1.0, ""end_voltage_in_V"": null, ""power_in_W"": null, ""rate_in_C"": null, ""start_soc"": null, ""start_voltage_in_V"": 3.9, ""voltage_in_V"": 3.9}]","[{""current_in_A"": 4.0, ""end_soc"": null, ""end_voltage_in_V"": 3.5, ""power_in_W"": null, ""rate_in_C"": null, ""start_soc"": null, ""start_voltage_in_V"": 3.9, ""voltage_in_V"": null}, {""current_in_A"": null, ""end_soc"": 0.0, ""end_voltage_in_V"": null, ""power_in_W"": null, ""rate_in_C"": null, ""start_soc"": null, ""start_voltage_in_V"": 3.5, ""voltage_in_V"": 3.5}]","[0.2, 0.8]",2276,1.0,2289.0,0.2,0.8,2,,,,4.0,3.9,2,,,,4.0,3.5,,
RWTH,RWTH/RWTH_033.pkl,54604763,RWTH_033,cylindrical_18650,graphite,NMC,,1.85,1.0,1.0,0,3.9,3.5,4.0,,,,"[{""current_in_A"": 4.0, ""end_soc"": null, ""end_voltage_in_V"": 3.9, ""power_in_W"": null, ""rate_in_C"": null, ""start_soc"": null, ""start_voltage_in_V"": 3.5, ""voltage_in_V"": null}, {""current_in_A"": null, ""end_soc"": 1.0, ""end_voltage_in_V"": null, ""power_in_W"": null, ""rate_in_C"": null, ""start_soc"": null, ""start_voltage_in_V"": 3.9, ""voltage_in_V"": 3.9}]","[{""current_in_A"": 4.0, ""end_soc"": null, ""end_voltage_in_V"": 3.5, ""power_in_W"": null, ""rate_in_C"": null, ""start_soc"": null, ""start_voltage_in_V"": 3.9, ""voltage_in_V"": null}, {""current_in_A"": null, ""end_soc"": 0.0, ""end_voltage_in_V"": null, ""power_in_W"": null, ""rate_in_C"": null, ""start_soc"": null, ""start_voltage_in_V"": 3.5, ""voltage_in_V"": 3.5}]","[0.2, 0.8]",2212,1.0,2230.0,0.2,0.8,2,,,,4.0,3.9,2,,,,4.0,3.5,,
RWTH,RWTH/RWTH_034.pkl,52033458,RWTH_034,cylindrical_18650,graphite,NMC,,1.85,1.0,1.0,0,3.9,3.5,4.0,,,,"[{""current_in_A"": 4.0, ""end_soc"": null, ""end_voltage_in_V"": 3.9, ""power_in_W"": null, ""rate_in_C"": null, ""start_soc"": null, ""start_voltage_in_V"": 3.5, ""voltage_in_V"": null}, {""current_in_A"": null, ""end_soc"": 1.0, ""end_voltage_in_V"": null, ""power_in_W"": null, ""rate_in_C"": null, ""start_soc"": null, ""start_voltage_in_V"": 3.9, ""voltage_in_V"": 3.9}]","[{""current_in_A"": 4.0, ""end_soc"": null, ""end_voltage_in_V"": 3.5, ""power_in_W"": null, ""rate_in_C"": null, ""start_soc"": null, ""start_voltage_in_V"": 3.9, ""voltage_in_V"": null}, {""current_in_A"": null, ""end_soc"": 0.0, ""end_voltage_in_V"": null, ""power_in_W"": null, ""rate_in_C"": null, ""start_soc"": null, ""start_voltage_in_V"": 3.5, ""voltage_in_V"": 3.5}]","[0.2, 0.8]",2119,1.0,2134.0,0.2,0.8,2,,,,4.0,3.9,2,,,,4.0,3.5,,
RWTH,RWTH/RWTH_035.pkl,54129576,RWTH_035,cylindrical_18650,graphite,NMC,,1.85,1.0,1.0,0,3.9,3.5,4.0,,,,"[{""current_in_A"": 4.0, ""end_soc"": null, ""end_voltage_in_V"": 3.9, ""power_in_W"": null, ""rate_in_C"": null, ""start_soc"": null, ""start_voltage_in_V"": 3.5, ""voltage_in_V"": null}, {""current_in_A"": null, ""end_soc"": 1.0, ""end_voltage_in_V"": null, ""power_in_W"": null, ""rate_in_C"": null, ""start_soc"": null, ""start_voltage_in_V"": 3.9, ""voltage_in_V"": 3.9}]","[{""current_in_A"": 4.0, ""end_soc"": null, ""end_voltage_in_V"": 3.5, ""power_in_W"": null, ""rate_in_C"": null, ""start_soc"": null, ""start_voltage_in_V"": 3.9, ""voltage_in_V"": null}, {""current_in_A"": null, ""end_soc"": 0.0, ""end_voltage_in_V"": null, ""power_in_W"": null, ""rate_in_C"": null, ""start_soc"": null, ""start_voltage_in_V"": 3.5, ""voltage_in_V"": 3.5}]","[0.2, 0.8]",2147,1.0,2161.0,0.2,0.8,2,,,,4.0,3.9,2,,,,4.0,3.5,,
RWTH,RWTH/RWTH_036.pkl,52705722,RWTH_036,cylindrical_18650,graphite,NMC,,1.85,1.0,1.0,0,3.9,3.5,4.0,,,,"[{""current_in_A"": 4.0, ""end_soc"": null, ""end_voltage_in_V"": 3.9, ""power_in_W"": null, ""rate_in_C"": null, ""start_soc"": null, ""start_voltage_in_V"": 3.5, ""voltage_in_V"": null}, {""current_in_A"": null, ""end_soc"": 1.0, ""end_voltage_in_V"": null, ""power_in_W"": null, ""rate_in_C"": null, ""start_soc"": null, ""start_voltage_in_V"": 3.9, ""voltage_in_V"": 3.9}]","[{""current_in_A"": 4.0, ""end_soc"": null, ""end_voltage_in_V"": 3.5, ""power_in_W"": null, ""rate_in_C"": null, ""start_soc"": null, ""start_voltage_in_V"": 3.9, ""voltage_in_V"": null}, {""current_in_A"": null, ""end_soc"": 0.0, ""end_voltage_in_V"": null, ""power_in_W"": null, ""rate_in_C"": null, ""start_soc"": null, ""start_voltage_in_V"": 3.5, ""voltage_in_V"": 3.5}]","[0.2, 0.8]",2143,1.0,2155.0,0.2,0.8,2,,,,4.0,3.9,2,,,,4.0,3.5,,
RWTH,RWTH/RWTH_037.pkl,52942134,RWTH_037,cylindrical_18650,graphite,NMC,,1.85,1.0,1.0,0,3.9,3.5,4.0,,,,"[{""current_in_A"": 4.0, ""end_soc"": null, ""end_voltage_in_V"": 3.9, ""power_in_W"": null, ""rate_in_C"": null, ""start_soc"": null, ""start_voltage_in_V"": 3.5, ""voltage_in_V"": null}, {""current_in_A"": null, ""end_soc"": 1.0, ""end_voltage_in_V"": null, ""power_in_W"": null, ""rate_in_C"": null, ""start_soc"": null, ""start_voltage_in_V"": 3.9, ""voltage_in_V"": 3.9}]","[{""current_in_A"": 4.0, ""end_soc"": null, ""end_voltage_in_V"": 3.5, ""power_in_W"": null, ""rate_in_C"": null, ""start_soc"": null, ""start_voltage_in_V"": 3.9, ""voltage_in_V"": null}, {""current_in_A"": null, ""end_soc"": 0.0, ""end_voltage_in_V"": null, ""power_in_W"": null, ""rate_in_C"": null, ""start_soc"": null, ""start_voltage_in_V"": 3.5, ""voltage_in_V"": 3.5}]","[0.2, 0.8]",2161,1.0,2173.0,0.2,0.8,2,,,,4.0,3.9,2,,,,4.0,3.5,,
RWTH,RWTH/RWTH_038.pkl,48180934,RWTH_038,cylindrical_18650,graphite,NMC,,1.85,1.0,1.0,0,3.9,3.5,4.0,,,,"[{""current_in_A"": 4.0, ""end_soc"": null, ""end_voltage_in_V"": 3.9, ""power_in_W"": null, ""rate_in_C"": null, ""start_soc"": null, ""start_voltage_in_V"": 3.5, ""voltage_in_V"": null}, {""current_in_A"": null, ""end_soc"": 1.0, ""end_voltage_in_V"": null, ""power_in_W"": null, ""rate_in_C"": null, ""start_soc"": null, ""start_voltage_in_V"": 3.9, ""voltage_in_V"": 3.9}]","[{""current_in_A"": 4.0, ""end_soc"": null, ""end_voltage_in_V"": 3.5, ""power_in_W"": null, ""rate_in_C"": null, ""start_soc"": null, ""start_voltage_in_V"": 3.9, ""voltage_in_V"": null}, {""current_in_A"": null, ""end_soc"": 0.0, ""end_voltage_in_V"": null, ""power_in_W"": null, ""rate_in_C"": null, ""start_soc"": null, ""start_voltage_in_V"": 3.5, ""voltage_in_V"": 3.5}]","[0.2, 0.8]",1958,1.0,1971.0,0.2,0.8,2,,,,4.0,3.9,2,,,,4.0,3.5,,
RWTH,RWTH/RWTH_039.pkl,47801845,RWTH_039,cylindrical_18650,graphite,NMC,,1.85,1.0,1.0,0,3.9,3.5,4.0,,,,"[{""current_in_A"": 4.0, ""end_soc"": null, ""end_voltage_in_V"": 3.9, ""power_in_W"": null, ""rate_in_C"": null, ""start_soc"": null, ""start_voltage_in_V"": 3.5, ""voltage_in_V"": null}, {""current_in_A"": null, ""end_soc"": 1.0, ""end_voltage_in_V"": null, ""power_in_W"": null, ""rate_in_C"": null, ""start_soc"": null, ""start_voltage_in_V"": 3.9, ""voltage_in_V"": 3.9}]","[{""current_in_A"": 4.0, ""end_soc"": null, ""end_voltage_in_V"": 3.5, ""power_in_W"": null, ""rate_in_C"": null, ""start_soc"": null, ""start_voltage_in_V"": 3.9, ""voltage_in_V"": null}, {""current_in_A"": null, ""end_soc"": 0.0, ""end_voltage_in_V"": null, ""power_in_W"": null, ""rate_in_C"": null, ""start_soc"": null, ""start_voltage_in_V"": 3.5, ""voltage_in_V"": 3.5}]","[0.2, 0.8]",1943,1.0,1955.0,0.2,0.8,2,,,,4.0,3.9,2,,,,4.0,3.5,,
RWTH,RWTH/RWTH_040.pkl,47533834,RWTH_040,cylindrical_18650,graphite,NMC,,1.85,1.0,1.0,0,3.9,3.5,4.0,,,,"[{""current_in_A"": 4.0, ""end_soc"": null, ""end_voltage_in_V"": 3.9, ""power_in_W"": null, ""rate_in_C"": null, ""start_soc"": null, ""start_voltage_in_V"": 3.5, ""voltage_in_V"": null}, {""current_in_A"": null, ""end_soc"": 1.0, ""end_voltage_in_V"": null, ""power_in_W"": null, ""rate_in_C"": null, ""start_soc"": null, ""start_voltage_in_V"": 3.9, ""voltage_in_V"": 3.9}]","[{""current_in_A"": 4.0, ""end_soc"": null, ""end_voltage_in_V"": 3.5, ""power_in_W"": null, ""rate_in_C"": null, ""start_soc"": null, ""start_voltage_in_V"": 3.9, ""voltage_in_V"": null}, {""current_in_A"": null, ""end_soc"": 0.0, ""end_voltage_in_V"": null, ""power_in_W"": null, ""rate_in_C"": null, ""start_soc"": null, ""start_voltage_in_V"": 3.5, ""voltage_in_V"": 3.5}]","[0.2, 0.8]",1938,1.0,1951.0,0.2,0.8,2,,,,4.0,3.9,2,,,,4.0,3.5,,
RWTH,RWTH/RWTH_041.pkl,47462680,RWTH_041,cylindrical_18650,graphite,NMC,,1.85,1.0,1.0,0,3.9,3.5,4.0,,,,"[{""current_in_A"": 4.0, ""end_soc"": null, ""end_voltage_in_V"": 3.9, ""power_in_W"": null, ""rate_in_C"": null, ""start_soc"": null, ""start_voltage_in_V"": 3.5, ""voltage_in_V"": null}, {""current_in_A"": null, ""end_soc"": 1.0, ""end_voltage_in_V"": null, ""power_in_W"": null, ""rate_in_C"": null, ""start_soc"": null, ""start_voltage_in_V"": 3.9, ""voltage_in_V"": 3.9}]","[{""current_in_A"": 4.0, ""end_soc"": null, ""end_voltage_in_V"": 3.5, ""power_in_W"": null, ""rate_in_C"": null, ""start_soc"": null, ""start_voltage_in_V"": 3.9, ""voltage_in_V"": null}, {""current_in_A"": null, ""end_soc"": 0.0, ""end_voltage_in_V"": null, ""power_in_W"": null, ""rate_in_C"": null, ""start_soc"": null, ""start_voltage_in_V"": 3.5, ""voltage_in_V"": 3.5}]","[0.2, 0.8]",1937,1.0,1951.0,0.2,0.8,2,,,,4.0,3.9,2,,,,4.0,3.5,,
RWTH,RWTH/RWTH_042.pkl,46518625,RWTH_042,cylindrical_18650,graphite,NMC,,1.85,1.0,1.0,0,3.9,3.5,4.0,,,,"[{""current_in_A"": 4.0, ""end_soc"": null, ""end_voltage_in_V"": 3.9, ""power_in_W"": null, ""rate_in_C"": null, ""start_soc"": null, ""start_voltage_in_V"": 3.5, ""voltage_in_V"": null}, {""current_in_A"": null, ""end_soc"": 1.0, ""end_voltage_in_V"": null, ""power_in_W"": null, ""rate_in_C"": null, ""start_soc"": null, ""start_voltage_in_V"": 3.9, ""voltage_in_V"": 3.9}]","[{""current_in_A"": 4.0, ""end_soc"": null, ""end_voltage_in_V"": 3.5, ""power_in_W"": null, ""rate_in_C"": null, ""start_soc"": null, ""start_voltage_in_V"": 3.9, ""voltage_in_V"": null}, {""current_in_A"": null, ""end_soc"": 0.0, ""end_voltage_in_V"": null, ""power_in_W"": null, ""rate_in_C"": null, ""start_soc"": null, ""start_voltage_in_V"": 3.5, ""voltage_in_V"": 3.5}]","[0.2, 0.8]",1891,1.0,1901.0,0.2,0.8,2,,,,4.0,3.9,2,,,,4.0,3.5,,
RWTH,RWTH/RWTH_043.pkl,46483435,RWTH_043,cylindrical_18650,graphite,NMC,,1.85,1.0,1.0,0,3.9,3.5,4.0,,,,"[{""current_in_A"": 4.0, ""end_soc"": null, ""end_voltage_in_V"": 3.9, ""power_in_W"": null, ""rate_in_C"": null, ""start_soc"": null, ""start_voltage_in_V"": 3.5, ""voltage_in_V"": null}, {""current_in_A"": null, ""end_soc"": 1.0, ""end_voltage_in_V"": null, ""power_in_W"": null, ""rate_in_C"": null, ""start_soc"": null, ""start_voltage_in_V"": 3.9, ""voltage_in_V"": 3.9}]","[{""current_in_A"": 4.0, ""end_soc"": null, ""end_voltage_in_V"": 3.5, ""power_in_W"": null, ""rate_in_C"": null, ""start_soc"": null, ""start_voltage_in_V"": 3.9, ""voltage_in_V"": null}, {""current_in_A"": null, ""end_soc"": 0.0, ""end_voltage_in_V"": null, ""power_in_W"": null, ""rate_in_C"": null, ""start_soc"": null, ""start_voltage_in_V"": 3.5, ""voltage_in_V"": 3.5}]","[0.2, 0.8]",1890,1.0,1902.0,0.2,0.8,2,,,,4.0,3.9,2,,,,4.0,3.5,,
RWTH,RWTH/RWTH_044.pkl,46655983,RWTH_044,cylindrical_18650,graphite,NMC,,1.85,1.0,1.0,0,3.9,3.5,4.0,,,,"[{""current_in_A"": 4.0, ""end_soc"": null, ""end_voltage_in_V"": 3.9, ""power_in_W"": null, ""rate_in_C"": null, ""start_soc"": null, ""start_voltage_in_V"": 3.5, ""voltage_in_V"": null}, {""current_in_A"": null, ""end_soc"": 1.0, ""end_voltage_in_V"": null, ""power_in_W"": null, ""rate_in_C"": null, ""start_soc"": null, ""start_voltage_in_V"": 3.9, ""voltage_in_V"": 3.9}]","[{""current_in_A"": 4.0, ""end_soc"": null, ""end_voltage_in_V"": 3.5, ""power_in_W"": null, ""rate_in_C"": null, ""start_soc"": null, ""start_voltage_in_V"": 3.9, ""voltage_in_V"": null}, {""current_in_A"": null, ""end_soc"": 0.0, ""end_voltage_in_V"": null, ""power_in_W"": null, ""rate_in_C"": null, ""start_soc"": null, ""start_voltage_in_V"": 3.5, ""voltage_in_V"": 3.5}]","[0.2, 0.8]",1889,1.0,1900.0,0.2,0.8,2,,,,4.0,3.9,2,,,,4.0,3.5,,
RWTH,RWTH/RWTH_045.pkl,46359802,RWTH_045,cylindrical_18650,graphite,NMC,,1.85,1.0,1.0,0,3.9,3.5,4.0,,,,"[{""current_in_A"": 4.0, ""end_soc"": null, ""end_voltage_in_V"": 3.9, ""power_in_W"": null, ""rate_in_C"": null, ""start_soc"": null, ""start_voltage_in_V"": 3.5, ""voltage_in_V"": null}, {""current_in_A"": null, ""end_soc"": 1.0, ""end_voltage_in_V"": null, ""power_in_W"": null, ""rate_in_C"": null, ""start_soc"": null, ""start_voltage_in_V"": 3.9, ""voltage_in_V"": 3.9}]","[{""current_in_A"": 4.0, ""end_soc"": null, ""end_voltage_in_V"": 3.5, ""power_in_W"": null, ""rate_in_C"": null, ""start_soc"": null, ""start_voltage_in_V"": 3.9, ""voltage_in_V"": null}, {""current_in_A"": null, ""end_soc"": 0.0, ""end_voltage_in_V"": null, ""power_in_W"": null, ""rate_in_C"": null, ""start_soc"": null, ""start_voltage_in_V"": 3.5, ""voltage_in_V"": 3.5}]","[0.2, 0.8]",1891,1.0,1901.0,0.2,0.8,2,,,,4.0,3.9,2,,,,4.0,3.5,,
RWTH,RWTH/RWTH_046.pkl,52019193,RWTH_046,cylindrical_18650,graphite,NMC,,1.85,1.0,1.0,0,3.9,3.5,4.0,,,,"[{""current_in_A"": 4.0, ""end_soc"": null, ""end_voltage_in_V"": 3.9, ""power_in_W"": null, ""rate_in_C"": null, ""start_soc"": null, ""start_voltage_in_V"": 3.5, ""voltage_in_V"": null}, {""current_in_A"": null, ""end_soc"": 1.0, ""end_voltage_in_V"": null, ""power_in_W"": null, ""rate_in_C"": null, ""start_soc"": null, ""start_voltage_in_V"": 3.9, ""voltage_in_V"": 3.9}]","[{""current_in_A"": 4.0, ""end_soc"": null, ""end_voltage_in_V"": 3.5, ""power_in_W"": null, ""rate_in_C"": null, ""start_soc"": null, ""start_voltage_in_V"": 3.9, ""voltage_in_V"": null}, {""current_in_A"": null, ""end_soc"": 0.0, ""end_voltage_in_V"": null, ""power_in_W"": null, ""rate_in_C"": null, ""start_soc"": null, ""start_voltage_in_V"": 3.5, ""voltage_in_V"": 3.5}]","[0.2, 0.8]",2129,1.0,2142.0,0.2,0.8,2,,,,4.0,3.9,2,,,,4.0,3.5,,
RWTH,RWTH/RWTH_047.pkl,52930879,RWTH_047,cylindrical_18650,graphite,NMC,,1.85,1.0,1.0,0,3.9,3.5,4.0,,,,"[{""current_in_A"": 4.0, ""end_soc"": null, ""end_voltage_in_V"": 3.9, ""power_in_W"": null, ""rate_in_C"": null, ""start_soc"": null, ""start_voltage_in_V"": 3.5, ""voltage_in_V"": null}, {""current_in_A"": null, ""end_soc"": 1.0, ""end_voltage_in_V"": null, ""power_in_W"": null, ""rate_in_C"": null, ""start_soc"": null, ""start_voltage_in_V"": 3.9, ""voltage_in_V"": 3.9}]","[{""current_in_A"": 4.0, ""end_soc"": null, ""end_voltage_in_V"": 3.5, ""power_in_W"": null, ""rate_in_C"": null, ""start_soc"": null, ""start_voltage_in_V"": 3.9, ""voltage_in_V"": null}, {""current_in_A"": null, ""end_soc"": 0.0, ""end_voltage_in_V"": null, ""power_in_W"": null, ""rate_in_C"": null, ""start_soc"": null, ""start_voltage_in_V"": 3.5, ""voltage_in_V"": 3.5}]","[0.2, 0.8]",2143,1.0,2156.0,0.2,0.8,2,,,,4.0,3.9,2,,,,4.0,3.5,,
RWTH,RWTH/RWTH_048.pkl,52342833,RWTH_048,cylindrical_18650,graphite,NMC,,1.85,1.0,1.0,0,3.9,3.5,4.0,,,,"[{""current_in_A"": 4.0, ""end_soc"": null, ""end_voltage_in_V"": 3.9, ""power_in_W"": null, ""rate_in_C"": null, ""start_soc"": null, ""start_voltage_in_V"": 3.5, ""voltage_in_V"": null}, {""current_in_A"": null, ""end_soc"": 1.0, ""end_voltage_in_V"": null, ""power_in_W"": null, ""rate_in_C"": null, ""start_soc"": null, ""start_voltage_in_V"": 3.9, ""voltage_in_V"": 3.9}]","[{""current_in_A"": 4.0, ""end_soc"": null, ""end_voltage_in_V"": 3.5, ""power_in_W"": null, ""rate_in_C"": null, ""start_soc"": null, ""start_voltage_in_V"": 3.9, ""voltage_in_V"": null}, {""current_in_A"": null, ""end_soc"": 0.0, ""end_voltage_in_V"": null, ""power_in_W"": null, ""rate_in_C"": null, ""start_soc"": null, ""start_voltage_in_V"": 3.5, ""voltage_in_V"": 3.5}]","[0.2, 0.8]",2130,1.0,2144.0,0.2,0.8,2,,,,4.0,3.9,2,,,,4.0,3.5,,
RWTH,RWTH/RWTH_049.pkl,52163211,RWTH_049,cylindrical_18650,graphite,NMC,,1.85,1.0,1.0,0,3.9,3.5,4.0,,,,"[{""current_in_A"": 4.0, ""end_soc"": null, ""end_voltage_in_V"": 3.9, ""power_in_W"": null, ""rate_in_C"": null, ""start_soc"": null, ""start_voltage_in_V"": 3.5, ""voltage_in_V"": null}, {""current_in_A"": null, ""end_soc"": 1.0, ""end_voltage_in_V"": null, ""power_in_W"": null, ""rate_in_C"": null, ""start_soc"": null, ""start_voltage_in_V"": 3.9, ""voltage_in_V"": 3.9}]","[{""current_in_A"": 4.0, ""end_soc"": null, ""end_voltage_in_V"": 3.5, ""power_in_W"": null, ""rate_in_C"": null, ""start_soc"": null, ""start_voltage_in_V"": 3.9, ""voltage_in_V"": null}, {""current_in_A"": null, ""end_soc"": 0.0, ""end_voltage_in_V"": null, ""power_in_W"": null, ""rate_in_C"": null, ""start_soc"": null, ""start_voltage_in_V"": 3.5, ""voltage_in_V"": 3.5}]","[0.2, 0.8]",2129,1.0,2143.0,0.2,0.8,2,,,,4.0,3.9,2,,,,4.0,3.5,,
SDU,SDU/SDU_Battery_1.pkl,72065644,SDU_Battery_1,cylindrical,graphite,NMC_532,,2.4,1.0,1.0,0,4.2,3.0,,,,,[],[],"[0, 1]",961,1.0,961.0,0.0,1.0,0,,,,,,0,,,,,,[],[]
SDU,SDU/SDU_Battery_10.pkl,33889076,SDU_Battery_10,cylindrical,graphite,NMC_532,,2.4,1.0,1.0,0,4.2,3.0,,,,,[],[],"[0, 1]",436,1.0,436.0,0.0,1.0,0,,,,,,0,,,,,,[],[]
SDU,SDU/SDU_Battery_11.pkl,43489617,SDU_Battery_11,cylindrical,graphite,NMC_532,,2.4,1.0,1.0,0,4.2,3.0,,,,,[],[],"[0, 1]",555,1.0,555.0,0.0,1.0,0,,,,,,0,,,,,,[456],[]
SDU,SDU/SDU_Battery_12.pkl,38069174,SDU_Battery_12,cylindrical,graphite,NMC_532,,2.4,1.0,1.0,0,4.2,3.0,,,,,[],[],"[0, 1]",486,1.0,486.0,0.0,1.0,0,,,,,,0,,,,,,[],[]
SDU,SDU/SDU_Battery_13.pkl,41016461,SDU_Battery_13,cylindrical,graphite,NMC_532,,2.4,1.0,1.0,0,4.2,3.0,,,,,[],[],"[0, 1]",521,1.0,521.0,0.0,1.0,0,,,,,,0,,,,,,[],[]
SDU,SDU/SDU_Battery_14.pkl,40312196,SDU_Battery_14,cylindrical,graphite,NMC_532,,2.4,1.0,1.0,0,4.2,3.0,,,,,[],[],"[0, 1]",511,1.0,511.0,0.0,1.0,0,,,,,,0,,,,,,[],[]
SDU,SDU/SDU_Battery_15.pkl,46284200,SDU_Battery_15,cylindrical,graphite,NMC_532,,2.4,1.0,1.0,0,4.2,3.0,,,,,[],[],"[0, 1]",586,1.0,586.0,0.0,1.0,0,,,,,,0,,,,,,[],[]
SDU,SDU/SDU_Battery_16.pkl,46303154,SDU_Battery_16,cylindrical,graphite,NMC_532,,2.4,1.0,1.0,0,4.2,3.0,,,,,[],[],"[0, 1]",586,1.0,586.0,0.0,1.0,0,,,,,,0,,,,,,[],[]
SDU,SDU/SDU_Battery_17.pkl,33350924,SDU_Battery_17,cylindrical,graphite,NMC_532,,2.4,1.0,1.0,0,4.2,3.0,,,,,[],[],"[0, 1]",410,1.0,410.0,0.0,1.0,0,,,,,,0,,,,,,"[201, 206, 211, 216, 221, 226, 231, 233, 236, 241, 246]",[]
SDU,SDU/SDU_Battery_18.pkl,35530994,SDU_Battery_18,cylindrical,graphite,NMC_532,,2.4,1.0,1.0,0,4.2,3.0,,,,,[],[],"[0, 1]",441,1.0,441.0,0.0,1.0,0,,,,,,0,,,,,,[],[]
SDU,SDU/SDU_Battery_19.pkl,34036187,SDU_Battery_19,cylindrical,graphite,NMC_532,,2.4,1.0,1.0,0,4.2,3.0,,,,,[],[],"[0, 1]",416,1.0,416.0,0.0,1.0,0,,,,,,0,,,,,,[],[]
SDU,SDU/SDU_Battery_2.pkl,67556711,SDU_Battery_2,cylindrical,graphite,NMC_532,,2.4,1.0,1.0,0,4.2,3.0,,,,,[],[],"[0, 1]",895,1.0,895.0,0.0,1.0,0,,,,,,0,,,,,,[848],[]
SDU,SDU/SDU_Battery_20.pkl,33819179,SDU_Battery_20,cylindrical,graphite,NMC_532,,2.4,1.0,1.0,0,4.2,3.0,,,,,[],[],"[0, 1]",416,1.0,416.0,0.0,1.0,0,,,,,,0,,,,,,[],[]
SDU,SDU/SDU_Battery_21.pkl,39279755,SDU_Battery_21,cylindrical,graphite,NMC_532,,2.4,1.0,1.0,0,4.2,3.0,,,,,[],[],"[0, 1]",486,1.0,486.0,0.0,1.0,0,,,,,,0,,,,,,[],[]
SDU,SDU/SDU_Battery_22.pkl,39751484,SDU_Battery_22,cylindrical,graphite,NMC_532,,2.4,1.0,1.0,0,4.2,3.0,,,,,[],[],"[0, 1]",491,1.0,491.0,0.0,1.0,0,,,,,,0,,,,,,[],[]
SDU,SDU/SDU_Battery_23.pkl,29503172,SDU_Battery_23,cylindrical,graphite,NMC_532,,2.4,1.0,1.0,0,4.2,3.0,,,,,[],[],"[0, 1]",486,1.0,486.0,0.0,1.0,0,,,,,,0,,,,,,[],[]
SDU,SDU/SDU_Battery_24.pkl,26847893,SDU_Battery_24,cylindrical,graphite,NMC_532,,2.4,1.0,1.0,0,4.2,3.0,,,,,[],[],"[0, 1]",441,1.0,441.0,0.0,1.0,0,,,,,,0,,,,,,[],[]
SDU,SDU/SDU_Battery_25.pkl,26773418,SDU_Battery_25,cylindrical,graphite,NMC_532,,2.4,1.0,1.0,0,4.2,3.0,,,,,[],[],"[0, 1]",441,1.0,441.0,0.0,1.0,0,,,,,,0,,,,,,[],[]
SDU,SDU/SDU_Battery_26.pkl,33119867,SDU_Battery_26,cylindrical,graphite,NMC_532,,2.4,1.0,1.0,0,4.2,3.0,,,,,[],[],"[0, 1]",546,1.0,546.0,0.0,1.0,0,,,,,,0,,,,,,[],[]
SDU,SDU/SDU_Battery_27.pkl,29645132,SDU_Battery_27,cylindrical,graphite,NMC_532,,2.4,1.0,1.0,0,4.2,3.0,,,,,[],[],"[0, 1]",491,1.0,491.0,0.0,1.0,0,,,,,,0,,,,,,[],[]
SDU,SDU/SDU_Battery_28.pkl,27977414,SDU_Battery_28,cylindrical,graphite,NMC_532,,2.4,1.0,1.0,0,4.2,3.0,,,,,[],[],"[0, 1]",461,1.0,461.0,0.0,1.0,0,,,,,,0,,,,,,[],[]
SDU,SDU/SDU_Battery_29.pkl,29785928,SDU_Battery_29,cylindrical,graphite,NMC_532,,2.4,1.0,1.0,0,4.2,3.0,,,,,[],[],"[0, 1]",491,1.0,491.0,0.0,1.0,0,,,,,,0,,,,,,[],[]
SDU,SDU/SDU_Battery_3.pkl,63450772,SDU_Battery_3,cylindrical,graphite,NMC_532,,2.4,1.0,1.0,0,4.2,3.0,,,,,[],[],"[0, 1]",856,1.0,856.0,0.0,1.0,0,,,,,,0,,,,,,[],[]
SDU,SDU/SDU_Battery_30.pkl,27136373,SDU_Battery_30,cylindrical,graphite,NMC_532,,2.4,1.0,1.0,0,4.2,3.0,,,,,[],[],"[0, 1]",446,1.0,446.0,0.0,1.0,0,,,,,,0,,,,,,[],[]
SDU,SDU/SDU_Battery_31.pkl,10573003,SDU_Battery_31,cylindrical,graphite,NMC_532,,2.4,1.0,1.0,0,4.2,3.0,,,,,[],[],"[0, 1]",181,1.0,181.0,0.0,1.0,0,,,,,,0,,,,,,[],[]
SDU,SDU/SDU_Battery_32.pkl,7546748,SDU_Battery_32,cylindrical,graphite,NMC_532,,2.4,1.0,1.0,0,4.2,3.0,,,,,[],[],"[0, 1]",126,1.0,126.0,0.0,1.0,0,,,,,,0,,,,,,[],[]
SDU,SDU/SDU_Battery_33.pkl,11287273,SDU_Battery_33,cylindrical,graphite,NMC_532,,2.4,1.0,1.0,0,4.2,3.0,,,,,[],[],"[0, 1]",196,1.0,196.0,0.0,1.0,0,,,,,,0,,,,,,[],[]
SDU,SDU/SDU_Battery_34.pkl,9679264,SDU_Battery_34,cylindrical,graphite,NMC_532,,2.4,1.0,1.0,0,4.2,3.0,,,,,[],[],"[0, 1]",166,1.0,166.0,0.0,1.0,0,,,,,,0,,,,,,[],[]
SDU,SDU/SDU_Battery_35.pkl,9208055,SDU_Battery_35,cylindrical,graphite,NMC_532,,2.4,1.0,1.0,0,4.2,3.0,,,,,[],[],"[0, 1]",156,1.0,156.0,0.0,1.0,0,,,,,,0,,,,,,[],[]
SDU,SDU/SDU_Battery_36.pkl,8317340,SDU_Battery_36,cylindrical,graphite,NMC_532,,2.4,1.0,1.0,0,4.2,3.0,,,,,[],[],"[0, 1]",141,1.0,141.0,0.0,1.0,0,,,,,,0,,,,,,[],[]
SDU,SDU/SDU_Battery_37.pkl,8849362,SDU_Battery_37,cylindrical,graphite,NMC_532,,2.4,1.0,1.0,0,4.2,3.0,,,,,[],[],"[0, 1]",151,1.0,151.0,0.0,1.0,0,,,,,,0,,,,,,[],[]
SDU,SDU/SDU_Battery_38.pkl,6540293,SDU_Battery_38,cylindrical,graphite,NMC_532,,2.4,1.0,1.0,0,4.2,3.0,,,,,[],[],"[0, 1]",111,1.0,111.0,0.0,1.0,0,,,,,,0,,,,,,[],[]
SDU,SDU/SDU_Battery_39.pkl,4439770,SDU_Battery_39,cylindrical,graphite,NMC_532,,2.4,1.0,1.0,0,4.2,3.0,,,,,[],[],"[0, 1]",76,1.0,76.0,0.0,1.0,0,,,,,,0,,,,,,[],[]
SDU,SDU/SDU_Battery_4.pkl,66881401,SDU_Battery_4,cylindrical,graphite,NMC_532,,2.4,1.0,1.0,0,4.2,3.0,,,,,[],[],"[0, 1]",886,1.0,886.0,0.0,1.0,0,,,,,,0,,,,,,[],[]
SDU,SDU/SDU_Battery_40.pkl,4116186,SDU_Battery_40,cylindrical,graphite,NMC_532,,2.4,1.0,1.0,0,4.2,3.0,,,,,[],[],"[0, 1]",71,1.0,71.0,0.0,1.0,0,,,,,,0,,,,,,[],[]
SDU,SDU/SDU_Battery_41.pkl,5215663,SDU_Battery_41,cylindrical,graphite,NMC_532,,2.4,1.0,1.0,0,4.2,3.0,,,,,[],[],"[0, 1]",91,1.0,91.0,0.0,1.0,0,,,,,,0,,,,,,[],[]
SDU,SDU/SDU_Battery_42.pkl,4386031,SDU_Battery_42,cylindrical,graphite,NMC_532,,2.4,1.0,1.0,0,4.2,3.0,,,,,[],[],"[0, 1]",76,1.0,76.0,0.0,1.0,0,,,,,,0,,,,,,[],[]
SDU,SDU/SDU_Battery_43.pkl,4401916,SDU_Battery_43,cylindrical,graphite,NMC_532,,2.4,1.0,1.0,0,4.2,3.0,,,,,[],[],"[0, 1]",76,1.0,76.0,0.0,1.0,0,,,,,,0,,,,,,[],[]
SDU,SDU/SDU_Battery_44.pkl,3868814,SDU_Battery_44,cylindrical,graphite,NMC_532,,2.4,1.0,1.0,0,4.2,3.0,,,,,[],[],"[0, 1]",66,1.0,66.0,0.0,1.0,0,,,,,,0,,,,,,[],[]
SDU,SDU/SDU_Battery_45.pkl,73179472,SDU_Battery_45,cylindrical,graphite,NMC_532,,2.4,1.0,1.0,0,4.2,3.0,,,,,[],[],"[0, 1]",1121,1.0,1121.0,0.0,1.0,0,,,,,,0,,,,,,[],[]
SDU,SDU/SDU_Battery_46.pkl,70537228,SDU_Battery_46,cylindrical,graphite,NMC_532,,2.4,1.0,1.0,0,4.2,3.0,,,,,[],[],"[0, 1]",1076,1.0,1076.0,0.0,1.0,0,,,,,,0,,,,,,[],[]
SDU,SDU/SDU_Battery_47.pkl,73997236,SDU_Battery_47,cylindrical,graphite,NMC_532,,2.4,1.0,1.0,0,4.2,3.0,,,,,[],[],"[0, 1]",1126,1.0,1126.0,0.0,1.0,0,,,,,,0,,,,,,[],[]
SDU,SDU/SDU_Battery_48.pkl,69935374,SDU_Battery_48,cylindrical,graphite,NMC_532,,2.4,1.0,1.0,0,4.2,3.0,,,,,[],[],"[0, 1]",1059,1.0,1059.0,0.0,1.0,0,,,,,,0,,,,,,"[25, 30]",[]
SDU,SDU/SDU_Battery_49.pkl,85850839,SDU_Battery_49,cylindrical,graphite,NMC_532,,2.4,1.0,1.0,0,4.2,3.0,,,,,[],[],"[0, 1]",1351,1.0,1351.0,0.0,1.0,0,,,,,,0,,,,,,[],[]
SDU,SDU/SDU_Battery_5.pkl,79671108,SDU_Battery_5,cylindrical,graphite,NMC_532,,2.4,1.0,1.0,0,4.2,3.0,,,,,[],[],"[0, 1]",1056,1.0,1056.0,0.0,1.0,0,,,,,,0,,,,,,[],[]
SDU,SDU/SDU_Battery_50.pkl,89800353,SDU_Battery_50,cylindrical,graphite,NMC_532,,2.4,1.0,1.0,0,4.2,3.0,,,,,[],[],"[0, 1]",1414,1.0,1414.0,0.0,1.0,0,,,,,,0,,,,,,"[358, 950]",[]
SDU,SDU/SDU_Battery_51.pkl,90094028,SDU_Battery_51,cylindrical,graphite,NMC_532,,2.4,1.0,1.0,0,4.2,3.0,,,,,[],[],"[0, 1]",1426,1.0,1426.0,0.0,1.0,0,,,,,,0,,,,,,"[152, 155, 167, 168, 172, 177, 179, 207, 208, 211]",[]
SDU,SDU/SDU_Battery_52.pkl,79747240,SDU_Battery_52,cylindrical,graphite,NMC_532,,2.4,1.0,1.0,0,4.2,3.0,,,,,[],[],"[0, 1]",1251,1.0,1251.0,0.0,1.0,0,,,,,,0,,,,,,[],[]
SDU,SDU/SDU_Battery_53.pkl,7522601,SDU_Battery_53,cylindrical,graphite,NMC_532,,2.4,1.0,1.0,0,4.2,3.0,,,,,[],[],"[0, 1]",126,1.0,126.0,0.0,1.0,0,,,,,,0,,,,,,[],[]
SDU,SDU/SDU_Battery_54.pkl,11543701,SDU_Battery_54,cylindrical,graphite,NMC_532,,2.4,1.0,1.0,0,4.2,3.0,,,,,[],[],"[0, 1]",196,1.0,196.0,0.0,1.0,0,,,,,,0,,,,,,[],[]
SDU,SDU/SDU_Battery_55.pkl,7820751,SDU_Battery_55,cylindrical,graphite,NMC_532,,2.4,1.0,1.0,0,4.2,3.0,,,,,[],[],"[0, 1]",131,1.0,131.0,0.0,1.0,0,,,,,,0,,,,,,[],[]
SDU,SDU/SDU_Battery_56.pkl,8618406,SDU_Battery_56,cylindrical,graphite,NMC_532,,2.4,1.0,1.0,0,4.2,3.0,,,,,[],[],"[0, 1]",146,1.0,146.0,0.0,1.0,0,,,,,,0,,,,,,[],[]
SDU,SDU/SDU_Battery_57.pkl,5649400,SDU_Battery_57,cylindrical,graphite,NMC_532,,2.4,1.0,1.0,0,4.2,3.0,,,,,[],[],"[0, 1]",91,1.0,91.0,0.0,1.0,0,,,,,,0,,,,,,[],[]
SDU,SDU/SDU_Battery_58.pkl,4807942,SDU_Battery_58,cylindrical,graphite,NMC_532,,2.4,1.0,1.0,0,4.2,3.0,,,,,[],[],"[0, 1]",76,1.0,76.0,0.0,1.0,0,,,,,,0,,,,,,[],[]
SDU,SDU/SDU_Battery_59.pkl,5633407,SDU_Battery_59,cylindrical,graphite,NMC_532,,2.4,1.0,1.0,0,4.2,3.0,,,,,[],[],"[0, 1]",91,1.0,91.0,0.0,1.0,0,,,,,,0,,,,,,[],[]
SDU,SDU/SDU_Battery_6.pkl,83971542,SDU_Battery_6,cylindrical,graphite,NMC_532,,2.4,1.0,1.0,0,4.2,3.0,,,,,[],[],"[0, 1]",1116,1.0,1116.0,0.0,1.0,0,,,,,,0,,,,,,[],[]
SDU,SDU/SDU_Battery_60.pkl,5295135,SDU_Battery_60,cylindrical,graphite,NMC_532,,2.4,1.0,1.0,0,4.2,3.0,,,,,[],[],"[0, 1]",86,1.0,86.0,0.0,1.0,0,,,,,,0,,,,,,[],[]
SDU,SDU/SDU_Battery_61.pkl,24871007,SDU_Battery_61,cylindrical,graphite,NMC_532,,2.4,1.0,1.0,0,4.2,3.0,,,,,[],[],"[0, 1]",396,1.0,396.0,0.0,1.0,0,,,,,,0,,,,,,[],[]
SDU,SDU/SDU_Battery_62.pkl,27255941,SDU_Battery_62,cylindrical,graphite,NMC_532,,2.4,1.0,1.0,0,4.2,3.0,,,,,[],[],"[0, 1]",436,1.0,436.0,0.0,1.0,0,,,,,,0,,,,,,[],[]
SDU,SDU/SDU_Battery_63.pkl,23405879,SDU_Battery_63,cylindrical,graphite,NMC_532,,2.4,1.0,1.0,0,4.2,3.0,,,,,[],[],"[0, 1]",366,1.0,366.0,0.0,1.0,0,,,,,,0,,,,,,[],[]
SDU,SDU/SDU_Battery_64.pkl,26475845,SDU_Battery_64,cylindrical,graphite,NMC_532,,2.4,1.0,1.0,0,4.2,3.0,,,,,[],[],"[0, 1]",416,1.0,416.0,0.0,1.0,0,,,,,,0,,,,,,[],[]
SDU,SDU/SDU_Battery_65.pkl,15038068,SDU_Battery_65,cylindrical,graphite,NMC_532,,2.4,1.0,1.0,0,4.2,3.0,,,,,[],[],"[0, 1]",235,1.0,235.0,0.0,1.0,0,,,,,,0,,,,,,[223],[]
SDU,SDU/SDU_Battery_66.pkl,17202368,SDU_Battery_66,cylindrical,graphite,NMC_532,,2.4,1.0,1.0,0,4.2,3.0,,,,,[],[],"[0, 1]",276,1.0,276.0,0.0,1.0,0,,,,,,0,,,,,,[],[]
SDU,SDU/SDU_Battery_67.pkl,12061034,SDU_Battery_67,cylindrical,graphite,NMC_532,,2.4,1.0,1.0,0,4.2,3.0,,,,,[],[],"[0, 1]",186,1.0,186.0,0.0,1.0,0,,,,,,0,,,,,,[],[]
SDU,SDU/SDU_Battery_68.pkl,12568918,SDU_Battery_68,cylindrical,graphite,NMC_532,,2.4,1.0,1.0,0,4.2,3.0,,,,,[],[],"[0, 1]",196,1.0,196.0,0.0,1.0,0,,,,,,0,,,,,,[],[]
SDU,SDU/SDU_Battery_69.pkl,3299791,SDU_Battery_69,cylindrical,graphite,NMC_532,,2.4,1.0,1.0,0,4.2,3.0,,,,,[],[],"[0, 1]",76,1.0,76.0,0.0,1.0,0,,,,,,0,,,,,,[],[]
SDU,SDU/SDU_Battery_7.pkl,78559953,SDU_Battery_7,cylindrical,graphite,NMC_532,,2.4,1.0,1.0,0,4.2,3.0,,,,,[],[],"[0, 1]",1046,1.0,1046.0,0.0,1.0,0,,,,,,0,,,,,,[],[]
SDU,SDU/SDU_Battery_70.pkl,4708001,SDU_Battery_70,cylindrical,graphite,NMC_532,,2.4,1.0,1.0,0,4.2,3.0,,,,,[],[],"[0, 1]",111,1.0,111.0,0.0,1.0,0,,,,,,0,,,,,,[],[]
SDU,SDU/SDU_Battery_71.pkl,3710337,SDU_Battery_71,cylindrical,graphite,NMC_532,,2.4,1.0,1.0,0,4.2,3.0,,,,,[],[],"[0, 1]",86,1.0,86.0,0.0,1.0,0,,,,,,0,,,,,,[],[]
SDU,SDU/SDU_Battery_72.pkl,3723513,SDU_Battery_72,cylindrical,graphite,NMC_532,,2.4,1.0,1.0,0,4.2,3.0,,,,,[],[],"[0, 1]",86,1.0,86.0,0.0,1.0,0,,,,,,0,,,,,,[],[]
SDU,SDU/SDU_Battery_73.pkl,181042955,SDU_Battery_73,cylindrical,graphite,NMC_532,,2.4,1.0,1.0,0,4.2,3.0,,,,,[],[],"[0, 1]",1180,1.0,1180.0,0.0,1.0,0,,,,,,0,,,,,,[622],[]
SDU,SDU/SDU_Battery_74.pkl,202233965,SDU_Battery_74,cylindrical,graphite,NMC_532,,2.4,1.0,1.0,0,4.2,3.0,,,,,[],[],"[0, 1]",1320,1.0,1320.0,0.0,1.0,0,,,,,,0,,,,,,[682],[]
SDU,SDU/SDU_Battery_75.pkl,145463822,SDU_Battery_75,cylindrical,graphite,NMC_532,,2.4,1.0,1.0,0,4.2,3.0,,,,,[],[],"[0, 1]",955,1.0,955.0,0.0,1.0,0,,,,,,0,,,,,,[131],[]
SDU,SDU/SDU_Battery_76.pkl,106615772,SDU_Battery_76,cylindrical,graphite,NMC_532,,2.4,1.0,1.0,0,4.2,3.0,,,,,[],[],"[0, 1]",1125,1.0,1125.0,0.0,1.0,0,,,,,,0,,,,,,[977],[]
SDU,SDU/SDU_Battery_77.pkl,101406271,SDU_Battery_77,cylindrical,graphite,NMC_532,,2.4,1.0,1.0,0,4.2,3.0,,,,,[],[],"[0, 1]",1071,1.0,1071.0,0.0,1.0,0,,,,,,0,,,,,,[],[]
SDU,SDU/SDU_Battery_78.pkl,97068496,SDU_Battery_78,cylindrical,graphite,NMC_532,,2.4,1.0,1.0,0,4.2,3.0,,,,,[],[],"[0, 1]",1026,1.0,1026.0,0.0,1.0,0,,,,,,0,,,,,,[],[]
SDU,SDU/SDU_Battery_79.pkl,102614581,SDU_Battery_79,cylindrical,graphite,NMC_532,,2.4,1.0,1.0,0,4.2,3.0,,,,,[],[],"[0, 1]",1081,1.0,1081.0,0.0,1.0,0,,,,,,0,,,,,,[],[]
SDU,SDU/SDU_Battery_8.pkl,52976845,SDU_Battery_8,cylindrical,graphite,NMC_532,,2.4,1.0,1.0,0,4.2,3.0,,,,,[],[],"[0, 1]",711,1.0,711.0,0.0,1.0,0,,,,,,0,,,,,,[],[]
SDU,SDU/SDU_Battery_80.pkl,101281211,SDU_Battery_80,cylindrical,graphite,NMC_532,,2.4,1.0,1.0,0,4.2,3.0,,,,,[],[],"[0, 1]",1065,1.0,1065.0,0.0,1.0,0,,,,,,0,,,,,,[509],[]
SDU,SDU/SDU_Battery_81.pkl,112908244,SDU_Battery_81,cylindrical,graphite,NMC_532,,2.4,1.0,1.0,0,4.2,3.0,,,,,[],[],"[0, 1]",1191,1.0,1191.0,0.0,1.0,0,,,,,,0,,,,,,[],[]
SDU,SDU/SDU_Battery_82.pkl,108563726,SDU_Battery_82,cylindrical,graphite,NMC_532,,2.4,1.0,1.0,0,4.2,3.0,,,,,[],[],"[0, 1]",1145,1.0,1145.0,0.0,1.0,0,,,,,,0,,,,,,[509],[]
SDU,SDU/SDU_Battery_83.pkl,106001783,SDU_Battery_83,cylindrical,graphite,NMC_532,,2.4,1.0,1.0,0,4.2,3.0,,,,,[],[],"[0, 1]",1200,1.0,1200.0,0.0,1.0,0,,,,,,0,,,,,,[689],[]
SDU,SDU/SDU_Battery_84.pkl,99805498,SDU_Battery_84,cylindrical,graphite,NMC_532,,2.4,1.0,1.0,0,4.2,3.0,,,,,[],[],"[0, 1]",1136,1.0,1136.0,0.0,1.0,0,,,,,,0,,,,,,[],[]
SDU,SDU/SDU_Battery_85.pkl,106928689,SDU_Battery_85,cylindrical,graphite,NMC_532,,2.4,1.0,1.0,0,4.2,3.0,,,,,[],[],"[0, 1]",1206,1.0,1206.0,0.0,1.0,0,,,,,,0,,,,,,[],[]
SDU,SDU/SDU_Battery_86.pkl,91742647,SDU_Battery_86,cylindrical,graphite,NMC_532,,2.4,1.0,1.0,0,4.2,3.0,,,,,[],[],"[0, 1]",1041,1.0,1041.0,0.0,1.0,0,,,,,,0,,,,,,[],[]
SDU,SDU/SDU_Battery_9.pkl,32356552,SDU_Battery_9,cylindrical,graphite,NMC_532,,2.4,1.0,1.0,0,4.2,3.0,,,,,[],[],"[0, 1]",416,1.0,416.0,0.0,1.0,0,,,,,,0,,,,,,[],[]
SNL,SNL/SNL_18650_LFP_15C_0-100_0.5-2C_b.pkl,19333931,SNL_18650_LFP_15C_0-100_0.5-2C_b,cylindrical_18650,graphite,LFP,,1.1,1.0,1.0,0,3.6,2.0,30.0,,,,"[{""current_in_A"": null, ""end_soc"": 1.0, ""end_voltage_in_V"": null, ""power_in_W"": null, ""rate_in_C"": 0.5, ""start_soc"": 0.0, ""start_voltage_in_V"": null, ""voltage_in_V"": null}]","[{""current_in_A"": null, ""end_soc"": 0.0, ""end_voltage_in_V"": null, ""power_in_W"": null, ""rate_in_C"": 2.0, ""start_soc"": 1.0, ""start_voltage_in_V"": null, ""voltage_in_V"": null}]","[0, 1]",3754,1.0,3754.0,0.0,1.0,1,0.5,0.5,0.5,,,1,2.0,2.0,2.0,,,,
SNL,SNL/SNL_18650_LFP_25C_0-100_0.5-0.5C_a.pkl,23475679,SNL_18650_LFP_25C_0-100_0.5-0.5C_a,cylindrical_18650,graphite,LFP,,1.1,1.0,1.0,0,3.6,2.0,30.0,,,,"[{""current_in_A"": null, ""end_soc"": 1.0, ""end_voltage_in_V"": null, ""power_in_W"": null, ""rate_in_C"": 0.5, ""start_soc"": 0.0, ""start_voltage_in_V"": null, ""voltage_in_V"": null}]","[{""current_in_A"": null, ""end_soc"": 0.0, ""end_voltage_in_V"": null, ""power_in_W"": null, ""rate_in_C"": 0.5, ""start_soc"": 1.0, ""start_voltage_in_V"": null, ""voltage_in_V"": null}]","[0, 1]",3050,1.0,3050.0,0.0,1.0,1,0.5,0.5,0.5,,,1,0.5,0.5,0.5,,,,
SNL,SNL/SNL_18650_LFP_25C_0-100_0.5-1C_a.pkl,20834438,SNL_18650_LFP_25C_0-100_0.5-1C_a,cylindrical_18650,graphite,LFP,,1.1,1.0,1.0,0,3.6,2.0,30.0,,,,"[{""current_in_A"": null, ""end_soc"": 1.0, ""end_voltage_in_V"": null, ""power_in_W"": null, ""rate_in_C"": 0.5, ""start_soc"": 0.0, ""start_voltage_in_V"": null, ""voltage_in_V"": null}]","[{""current_in_A"": null, ""end_soc"": 0.0, ""end_voltage_in_V"": null, ""power_in_W"": null, ""rate_in_C"": 1.0, ""start_soc"": 1.0, ""start_voltage_in_V"": null, ""voltage_in_V"": null}]","[0, 1]",3545,1.0,3545.0,0.0,1.0,1,0.5,0.5,0.5,,,1,1.0,1.0,1.0,,,,
SNL,SNL/SNL_18650_LFP_25C_0-100_0.5-1C_b.pkl,28210901,SNL_18650_LFP_25C_0-100_0.5-1C_b,cylindrical_18650,graphite,LFP,,1.1,1.0,1.0,0,3.6,2.0,30.0,,,,"[{""current_in_A"": null, ""end_soc"": 1.0, ""end_voltage_in_V"": null, ""power_in_W"": null, ""rate_in_C"": 0.5, ""start_soc"": 0.0, ""start_voltage_in_V"": null, ""voltage_in_V"": null}]","[{""current_in_A"": null, ""end_soc"": 0.0, ""end_voltage_in_V"": null, ""power_in_W"": null, ""rate_in_C"": 1.0, ""start_soc"": 1.0, ""start_voltage_in_V"": null, ""voltage_in_V"": null}]","[0, 1]",3636,1.0,3636.0,0.0,1.0,1,0.5,0.5,0.5,,,1,1.0,1.0,1.0,,,,
SNL,SNL/SNL_18650_LFP_25C_0-100_0.5-1C_c.pkl,18261017,SNL_18650_LFP_25C_0-100_0.5-1C_c,cylindrical_18650,graphite,LFP,,1.1,1.0,1.0,0,3.6,2.0,30.0,,,,"[{""current_in_A"": null, ""end_soc"": 1.0, ""end_voltage_in_V"": null, ""power_in_W"": null, ""rate_in_C"": 0.5, ""start_soc"": 0.0, ""start_voltage_in_V"": null, ""voltage_in_V"": null}]","[{""current_in_A"": null, ""end_soc"": 0.0, ""end_voltage_in_V"": null, ""power_in_W"": null, ""rate_in_C"": 1.0, ""start_soc"": 1.0, ""start_voltage_in_V"": null, ""voltage_in_V"": null}]","[0, 1]",3038,1.0,3038.0,0.0,1.0,1,0.5,0.5,0.5,,,1,1.0,1.0,1.0,,,,
SNL,SNL/SNL_18650_LFP_25C_0-100_0.5-1C_d.pkl,18267335,SNL_18650_LFP_25C_0-100_0.5-1C_d,cylindrical_18650,graphite,LFP,,1.1,1.0,1.0,0,3.6,2.0,30.0,,,,"[{""current_in_A"": null, ""end_soc"": 1.0, ""end_voltage_in_V"": null, ""power_in_W"": null, ""rate_in_C"": 0.5, ""start_soc"": 0.0, ""start_voltage_in_V"": null, ""voltage_in_V"": null}]","[{""current_in_A"": null, ""end_soc"": 0.0, ""end_voltage_in_V"": null, ""power_in_W"": null, ""rate_in_C"": 1.0, ""start_soc"": 1.0, ""start_voltage_in_V"": null, ""voltage_in_V"": null}]","[0, 1]",3038,1.0,3038.0,0.0,1.0,1,0.5,0.5,0.5,,,1,1.0,1.0,1.0,,,,
SNL,SNL/SNL_18650_LFP_25C_0-100_0.5-2C_a.pkl,18218594,SNL_18650_LFP_25C_0-100_0.5-2C_a,cylindrical_18650,graphite,LFP,,1.1,1.0,1.0,0,3.6,2.0,30.0,,,,"[{""current_in_A"": null, ""end_soc"": 1.0, ""end_voltage_in_V"": null, ""power_in_W"": null, ""rate_in_C"": 0.5, ""start_soc"": 0.0, ""start_voltage_in_V"": null, ""voltage_in_V"": null}]","[{""current_in_A"": null, ""end_soc"": 0.0, ""end_voltage_in_V"": null, ""power_in_W"": null, ""rate_in_C"": 2.0, ""start_soc"": 1.0, ""start_voltage_in_V"": null, ""voltage_in_V"": null}]","[0, 1]",3544,1.0,3544.0,0.0,1.0,1,0.5,0.5,0.5,,,1,2.0,2.0,2.0,,,,
SNL,SNL/SNL_18650_LFP_25C_0-100_0.5-2C_b.pkl,20724253,SNL_18650_LFP_25C_0-100_0.5-2C_b,cylindrical_18650,graphite,LFP,,1.1,1.0,1.0,0,3.6,2.0,30.0,,,,"[{""current_in_A"": null, ""end_soc"": 1.0, ""end_voltage_in_V"": null, ""power_in_W"": null, ""rate_in_C"": 0.5, ""start_soc"": 0.0, ""start_voltage_in_V"": null, ""voltage_in_V"": null}]","[{""current_in_A"": null, ""end_soc"": 0.0, ""end_voltage_in_V"": null, ""power_in_W"": null, ""rate_in_C"": 2.0, ""start_soc"": 1.0, ""start_voltage_in_V"": null, ""voltage_in_V"": null}]","[0, 1]",4050,1.0,4050.0,0.0,1.0,1,0.5,0.5,0.5,,,1,2.0,2.0,2.0,,,,
SNL,SNL/SNL_18650_LFP_25C_0-100_0.5-3C_a.pkl,21657739,SNL_18650_LFP_25C_0-100_0.5-3C_a,cylindrical_18650,graphite,LFP,,1.1,1.0,1.0,0,3.6,2.0,30.0,,,,"[{""current_in_A"": null, ""end_soc"": 1.0, ""end_voltage_in_V"": null, ""power_in_W"": null, ""rate_in_C"": 0.5, ""start_soc"": 0.0, ""start_voltage_in_V"": null, ""voltage_in_V"": null}]","[{""current_in_A"": null, ""end_soc"": 0.0, ""end_voltage_in_V"": null, ""power_in_W"": null, ""rate_in_C"": 3.0, ""start_soc"": 1.0, ""start_voltage_in_V"": null, ""voltage_in_V"": null}]","[0, 1]",4569,1.0,4569.0,0.0,1.0,1,0.5,0.5,0.5,,,1,3.0,3.0,3.0,,,,
SNL,SNL/SNL_18650_LFP_25C_0-100_0.5-3C_b.pkl,19494502,SNL_18650_LFP_25C_0-100_0.5-3C_b,cylindrical_18650,graphite,LFP,,1.1,1.0,1.0,0,3.6,2.0,30.0,,,,"[{""current_in_A"": null, ""end_soc"": 1.0, ""end_voltage_in_V"": null, ""power_in_W"": null, ""rate_in_C"": 0.5, ""start_soc"": 0.0, ""start_voltage_in_V"": null, ""voltage_in_V"": null}]","[{""current_in_A"": null, ""end_soc"": 0.0, ""end_voltage_in_V"": null, ""power_in_W"": null, ""rate_in_C"": 3.0, ""start_soc"": 1.0, ""start_voltage_in_V"": null, ""voltage_in_V"": null}]","[0, 1]",4062,1.0,4062.0,0.0,1.0,1,0.5,0.5,0.5,,,1,3.0,3.0,3.0,,,,
SNL,SNL/SNL_18650_LFP_25C_0-100_0.5-3C_c.pkl,16925129,SNL_18650_LFP_25C_0-100_0.5-3C_c,cylindrical_18650,graphite,LFP,,1.1,1.0,1.0,0,3.6,2.0,30.0,,,,"[{""current_in_A"": null, ""end_soc"": 1.0, ""end_voltage_in_V"": null, ""power_in_W"": null, ""rate_in_C"": 0.5, ""start_soc"": 0.0, ""start_voltage_in_V"": null, ""voltage_in_V"": null}]","[{""current_in_A"": null, ""end_soc"": 0.0, ""end_voltage_in_V"": null, ""power_in_W"": null, ""rate_in_C"": 3.0, ""start_soc"": 1.0, ""start_voltage_in_V"": null, ""voltage_in_V"": null}]","[0, 1]",3555,1.0,3555.0,0.0,1.0,1,0.5,0.5,0.5,,,1,3.0,3.0,3.0,,,,
SNL,SNL/SNL_18650_LFP_25C_0-100_0.5-3C_d.pkl,19775932,SNL_18650_LFP_25C_0-100_0.5-3C_d,cylindrical_18650,graphite,LFP,,1.1,1.0,1.0,0,3.6,2.0,30.0,,,,"[{""current_in_A"": null, ""end_soc"": 1.0, ""end_voltage_in_V"": null, ""power_in_W"": null, ""rate_in_C"": 0.5, ""start_soc"": 0.0, ""start_voltage_in_V"": null, ""voltage_in_V"": null}]","[{""current_in_A"": null, ""end_soc"": 0.0, ""end_voltage_in_V"": null, ""power_in_W"": null, ""rate_in_C"": 3.0, ""start_soc"": 1.0, ""start_voltage_in_V"": null, ""voltage_in_V"": null}]","[0, 1]",4062,1.0,4062.0,0.0,1.0,1,0.5,0.5,0.5,,,1,3.0,3.0,3.0,,,,
SNL,SNL/SNL_18650_LFP_35C_0-100_0.5-1C_a.pkl,22156769,SNL_18650_LFP_35C_0-100_0.5-1C_a,cylindrical_18650,graphite,LFP,,1.1,1.0,1.0,0,3.6,2.0,30.0,,,,"[{""current_in_A"": null, ""end_soc"": 1.0, ""end_voltage_in_V"": null, ""power_in_W"": null, ""rate_in_C"": 0.5, ""start_soc"": 0.0, ""start_voltage_in_V"": null, ""voltage_in_V"": null}]","[{""current_in_A"": null, ""end_soc"": 0.0, ""end_voltage_in_V"": null, ""power_in_W"": null, ""rate_in_C"": 1.0, ""start_soc"": 1.0, ""start_voltage_in_V"": null, ""voltage_in_V"": null}]","[0, 1]",3156,1.0,3156.0,0.0,1.0,1,0.5,0.5,0.5,,,1,1.0,1.0,1.0,,,,
SNL,SNL/SNL_18650_LFP_35C_0-100_0.5-1C_b.pkl,22626818,SNL_18650_LFP_35C_0-100_0.5-1C_b,cylindrical_18650,graphite,LFP,,1.1,1.0,1.0,0,3.6,2.0,30.0,,,,"[{""current_in_A"": null, ""end_soc"": 1.0, ""end_voltage_in_V"": null, ""power_in_W"": null, ""rate_in_C"": 0.5, ""start_soc"": 0.0, ""start_voltage_in_V"": null, ""voltage_in_V"": null}]","[{""current_in_A"": null, ""end_soc"": 0.0, ""end_voltage_in_V"": null, ""power_in_W"": null, ""rate_in_C"": 1.0, ""start_soc"": 1.0, ""start_voltage_in_V"": null, ""voltage_in_V"": null}]","[0, 1]",3342,1.0,3342.0,0.0,1.0,1,0.5,0.5,0.5,,,1,1.0,1.0,1.0,,,,
SNL,SNL/SNL_18650_LFP_35C_0-100_0.5-1C_c.pkl,22633772,SNL_18650_LFP_35C_0-100_0.5-1C_c,cylindrical_18650,graphite,LFP,,1.1,1.0,1.0,0,3.6,2.0,30.0,,,,"[{""current_in_A"": null, ""end_soc"": 1.0, ""end_voltage_in_V"": null, ""power_in_W"": null, ""rate_in_C"": 0.5, ""start_soc"": 0.0, ""start_voltage_in_V"": null, ""voltage_in_V"": null}]","[{""current_in_A"": null, ""end_soc"": 0.0, ""end_voltage_in_V"": null, ""power_in_W"": null, ""rate_in_C"": 1.0, ""start_soc"": 1.0, ""start_voltage_in_V"": null, ""voltage_in_V"": null}]","[0, 1]",3342,1.0,3342.0,0.0,1.0,1,0.5,0.5,0.5,,,1,1.0,1.0,1.0,,,,
SNL,SNL/SNL_18650_LFP_35C_0-100_0.5-1C_d.pkl,25744271,SNL_18650_LFP_35C_0-100_0.5-1C_d,cylindrical_18650,graphite,LFP,,1.1,1.0,1.0,0,3.6,2.0,30.0,,,,"[{""current_in_A"": null, ""end_soc"": 1.0, ""end_voltage_in_V"": null, ""power_in_W"": null, ""rate_in_C"": 0.5, ""start_soc"": 0.0, ""start_voltage_in_V"": null, ""voltage_in_V"": null}]","[{""current_in_A"": null, ""end_soc"": 0.0, ""end_voltage_in_V"": null, ""power_in_W"": null, ""rate_in_C"": 1.0, ""start_soc"": 1.0, ""start_voltage_in_V"": null, ""voltage_in_V"": null}]","[0, 1]",3798,1.0,3798.0,0.0,1.0,1,0.5,0.5,0.5,,,1,1.0,1.0,1.0,,,,
SNL,SNL/SNL_18650_LFP_35C_0-100_0.5-2C_a.pkl,23644487,SNL_18650_LFP_35C_0-100_0.5-2C_a,cylindrical_18650,graphite,LFP,,1.1,1.0,1.0,0,3.6,2.0,30.0,,,,"[{""current_in_A"": null, ""end_soc"": 1.0, ""end_voltage_in_V"": null, ""power_in_W"": null, ""rate_in_C"": 0.5, ""start_soc"": 0.0, ""start_voltage_in_V"": null, ""voltage_in_V"": null}]","[{""current_in_A"": null, ""end_soc"": 0.0, ""end_voltage_in_V"": null, ""power_in_W"": null, ""rate_in_C"": 2.0, ""start_soc"": 1.0, ""start_voltage_in_V"": null, ""voltage_in_V"": null}]","[0, 1]",3856,1.0,3856.0,0.0,1.0,1,0.5,0.5,0.5,,,1,2.0,2.0,2.0,,,,
SNL,SNL/SNL_18650_LFP_35C_0-100_0.5-2C_b.pkl,21249599,SNL_18650_LFP_35C_0-100_0.5-2C_b,cylindrical_18650,graphite,LFP,,1.1,1.0,1.0,0,3.6,2.0,30.0,,,,"[{""current_in_A"": null, ""end_soc"": 1.0, ""end_voltage_in_V"": null, ""power_in_W"": null, ""rate_in_C"": 0.5, ""start_soc"": 0.0, ""start_voltage_in_V"": null, ""voltage_in_V"": null}]","[{""current_in_A"": null, ""end_soc"": 0.0, ""end_voltage_in_V"": null, ""power_in_W"": null, ""rate_in_C"": 2.0, ""start_soc"": 1.0, ""start_voltage_in_V"": null, ""voltage_in_V"": null}]","[0, 1]",3598,1.0,3598.0,0.0,1.0,1,0.5,0.5,0.5,,,1,2.0,2.0,2.0,,,,
SNL,SNL/SNL_18650_NCA_15C_0-100_0.5-1C_a.pkl,3381614,SNL_18650_NCA_15C_0-100_0.5-1C_a,cylindrical_18650,graphite,NCA,,2.8800000000000003,1.0,1.0,0,4.2,2.5,6.0,,,,"[{""current_in_A"": null, ""end_soc"": 1.0, ""end_voltage_in_V"": null, ""power_in_W"": null, ""rate_in_C"": 0.5, ""start_soc"": 0.0, ""start_voltage_in_V"": null, ""voltage_in_V"": null}]","[{""current_in_A"": null, ""end_soc"": 0.0, ""end_voltage_in_V"": null, ""power_in_W"": null, ""rate_in_C"": 1.0, ""start_soc"": 1.0, ""start_voltage_in_V"": null, ""voltage_in_V"": null}]","[0, 1]",522,1.0,522.0,0.0,1.0,1,0.5,0.5,0.5,,,1,1.0,1.0,1.0,,,,
SNL,SNL/SNL_18650_NCA_15C_0-100_0.5-1C_b.pkl,5485112,SNL_18650_NCA_15C_0-100_0.5-1C_b,cylindrical_18650,graphite,NCA,,2.8800000000000003,1.0,1.0,0,4.2,2.5,6.0,,,,"[{""current_in_A"": null, ""end_soc"": 1.0, ""end_voltage_in_V"": null, ""power_in_W"": null, ""rate_in_C"": 0.5, ""start_soc"": 0.0, ""start_voltage_in_V"": null, ""voltage_in_V"": null}]","[{""current_in_A"": null, ""end_soc"": 0.0, ""end_voltage_in_V"": null, ""power_in_W"": null, ""rate_in_C"": 1.0, ""start_soc"": 1.0, ""start_voltage_in_V"": null, ""voltage_in_V"": null}]","[0, 1]",918,1.0,918.0,0.0,1.0,1,0.5,0.5,0.5,,,1,1.0,1.0,1.0,,,,
SNL,SNL/SNL_18650_NCA_15C_0-100_0.5-2C_a.pkl,5247371,SNL_18650_NCA_15C_0-100_0.5-2C_a,cylindrical_18650,graphite,NCA,,2.8800000000000003,1.0,1.0,0,4.2,2.5,6.0,,,,"[{""current_in_A"": null, ""end_soc"": 1.0, ""end_voltage_in_V"": null, ""power_in_W"": null, ""rate_in_C"": 0.5, ""start_soc"": 0.0, ""start_voltage_in_V"": null, ""voltage_in_V"": null}]","[{""current_in_A"": null, ""end_soc"": 0.0, ""end_voltage_in_V"": null, ""power_in_W"": null, ""rate_in_C"": 2.0, ""start_soc"": 1.0, ""start_voltage_in_V"": null, ""voltage_in_V"": null}]","[0, 1]",916,1.0,916.0,0.0,1.0,1,0.5,0.5,0.5,,,1,2.0,2.0,2.0,,,,
SNL,SNL/SNL_18650_NCA_15C_0-100_0.5-2C_b.pkl,4305254,SNL_18650_NCA_15C_0-100_0.5-2C_b,cylindrical_18650,graphite,NCA,,2.8800000000000003,1.0,1.0,0,4.2,2.5,6.0,,,,"[{""current_in_A"": null, ""end_soc"": 1.0, ""end_voltage_in_V"": null, ""power_in_W"": null, ""rate_in_C"": 0.5, ""start_soc"": 0.0, ""start_voltage_in_V"": null, ""voltage_in_V"": null}]","[{""current_in_A"": null, ""end_soc"": 0.0, ""end_voltage_in_V"": null, ""power_in_W"": null, ""rate_in_C"": 2.0, ""start_soc"": 1.0, ""start_voltage_in_V"": null, ""voltage_in_V"": null}]","[0, 1]",784,1.0,784.0,0.0,1.0,1,0.5,0.5,0.5,,,1,2.0,2.0,2.0,,,,
SNL,SNL/SNL_18650_NCA_25C_0-100_0.5-0.5C_a.pkl,9208069,SNL_18650_NCA_25C_0-100_0.5-0.5C_a,cylindrical_18650,graphite,NCA,,3.2,1.0,1.0,0,4.2,2.5,6.0,,,,"[{""current_in_A"": null, ""end_soc"": 1.0, ""end_voltage_in_V"": null, ""power_in_W"": null, ""rate_in_C"": 0.5, ""start_soc"": 0.0, ""start_voltage_in_V"": null, ""voltage_in_V"": null}]","[{""current_in_A"": null, ""end_soc"": 0.0, ""end_voltage_in_V"": null, ""power_in_W"": null, ""rate_in_C"": 0.5, ""start_soc"": 1.0, ""start_voltage_in_V"": null, ""voltage_in_V"": null}]","[0, 1]",513,1.0,513.0,0.0,1.0,1,0.5,0.5,0.5,,,1,0.5,0.5,0.5,,,,
SNL,SNL/SNL_18650_NCA_25C_0-100_0.5-0.5C_b.pkl,12421918,SNL_18650_NCA_25C_0-100_0.5-0.5C_b,cylindrical_18650,graphite,NCA,,3.2,1.0,1.0,0,4.2,2.5,6.0,,,,"[{""current_in_A"": null, ""end_soc"": 1.0, ""end_voltage_in_V"": null, ""power_in_W"": null, ""rate_in_C"": 0.5, ""start_soc"": 0.0, ""start_voltage_in_V"": null, ""voltage_in_V"": null}]","[{""current_in_A"": null, ""end_soc"": 0.0, ""end_voltage_in_V"": null, ""power_in_W"": null, ""rate_in_C"": 0.5, ""start_soc"": 1.0, ""start_voltage_in_V"": null, ""voltage_in_V"": null}]","[0, 1]",916,1.0,916.0,0.0,1.0,1,0.5,0.5,0.5,,,1,0.5,0.5,0.5,,,,
SNL,SNL/SNL_18650_NCA_25C_0-100_0.5-1C_a.pkl,4519637,SNL_18650_NCA_25C_0-100_0.5-1C_a,cylindrical_18650,graphite,NCA,,3.2,1.0,1.0,0,4.2,2.5,6.0,,,,"[{""current_in_A"": null, ""end_soc"": 1.0, ""end_voltage_in_V"": null, ""power_in_W"": null, ""rate_in_C"": 0.5, ""start_soc"": 0.0, ""start_voltage_in_V"": null, ""voltage_in_V"": null}]","[{""current_in_A"": null, ""end_soc"": 0.0, ""end_voltage_in_V"": null, ""power_in_W"": null, ""rate_in_C"": 1.0, ""start_soc"": 1.0, ""start_voltage_in_V"": null, ""voltage_in_V"": null}]","[0, 1]",654,1.0,654.0,0.0,1.0,1,0.5,0.5,0.5,,,1,1.0,1.0,1.0,,,,
SNL,SNL/SNL_18650_NCA_25C_0-100_0.5-1C_b.pkl,3749108,SNL_18650_NCA_25C_0-100_0.5-1C_b,cylindrical_18650,graphite,NCA,,3.2,1.0,1.0,0,4.2,2.5,6.0,,,,"[{""current_in_A"": null, ""end_soc"": 1.0, ""end_voltage_in_V"": null, ""power_in_W"": null, ""rate_in_C"": 0.5, ""start_soc"": 0.0, ""start_voltage_in_V"": null, ""voltage_in_V"": null}]","[{""current_in_A"": null, ""end_soc"": 0.0, ""end_voltage_in_V"": null, ""power_in_W"": null, ""rate_in_C"": 1.0, ""start_soc"": 1.0, ""start_voltage_in_V"": null, ""voltage_in_V"": null}]","[0, 1]",522,1.0,522.0,0.0,1.0,1,0.5,0.5,0.5,,,1,1.0,1.0,1.0,,,,
SNL,SNL/SNL_18650_NCA_25C_0-100_0.5-1C_c.pkl,3867896,SNL_18650_NCA_25C_0-100_0.5-1C_c,cylindrical_18650,graphite,NCA,,3.2,1.0,1.0,0,4.2,2.5,6.0,,,,"[{""current_in_A"": null, ""end_soc"": 1.0, ""end_voltage_in_V"": null, ""power_in_W"": null, ""rate_in_C"": 0.5, ""start_soc"": 0.0, ""start_voltage_in_V"": null, ""voltage_in_V"": null}]","[{""current_in_A"": null, ""end_soc"": 0.0, ""end_voltage_in_V"": null, ""power_in_W"": null, ""rate_in_C"": 1.0, ""start_soc"": 1.0, ""start_voltage_in_V"": null, ""voltage_in_V"": null}]","[0, 1]",522,1.0,522.0,0.0,1.0,1,0.5,0.5,0.5,,,1,1.0,1.0,1.0,,,,
SNL,SNL/SNL_18650_NCA_25C_0-100_0.5-1C_d.pkl,4873355,SNL_18650_NCA_25C_0-100_0.5-1C_d,cylindrical_18650,graphite,NCA,,3.2,1.0,1.0,0,4.2,2.5,6.0,,,,"[{""current_in_A"": null, ""end_soc"": 1.0, ""end_voltage_in_V"": null, ""power_in_W"": null, ""rate_in_C"": 0.5, ""start_soc"": 0.0, ""start_voltage_in_V"": null, ""voltage_in_V"": null}]","[{""current_in_A"": null, ""end_soc"": 0.0, ""end_voltage_in_V"": null, ""power_in_W"": null, ""rate_in_C"": 1.0, ""start_soc"": 1.0, ""start_voltage_in_V"": null, ""voltage_in_V"": null}]","[0, 1]",654,1.0,654.0,0.0,1.0,1,0.5,0.5,0.5,,,1,1.0,1.0,1.0,,,,
SNL,SNL/SNL_18650_NCA_25C_0-100_0.5-2C_a.pkl,5319452,SNL_18650_NCA_25C_0-100_0.5-2C_a,cylindrical_18650,graphite,NCA,,3.2,1.0,1.0,0,4.2,2.5,6.0,,,,"[{""current_in_A"": null, ""end_soc"": 1.0, ""end_voltage_in_V"": null, ""power_in_W"": null, ""rate_in_C"": 0.5, ""start_soc"": 0.0, ""start_voltage_in_V"": null, ""voltage_in_V"": null}]","[{""current_in_A"": null, ""end_soc"": 0.0, ""end_voltage_in_V"": null, ""power_in_W"": null, ""rate_in_C"": 2.0, ""start_soc"": 1.0, ""start_voltage_in_V"": null, ""voltage_in_V"": null}]","[0, 1]",786,1.0,786.0,0.0,1.0,1,0.5,0.5,0.5,,,1,2.0,2.0,2.0,,,,
SNL,SNL/SNL_18650_NCA_25C_0-100_0.5-2C_b.pkl,4341629,SNL_18650_NCA_25C_0-100_0.5-2C_b,cylindrical_18650,graphite,NCA,,3.2,1.0,1.0,0,4.2,2.5,6.0,,,,"[{""current_in_A"": null, ""end_soc"": 1.0, ""end_voltage_in_V"": null, ""power_in_W"": null, ""rate_in_C"": 0.5, ""start_soc"": 0.0, ""start_voltage_in_V"": null, ""voltage_in_V"": null}]","[{""current_in_A"": null, ""end_soc"": 0.0, ""end_voltage_in_V"": null, ""power_in_W"": null, ""rate_in_C"": 2.0, ""start_soc"": 1.0, ""start_voltage_in_V"": null, ""voltage_in_V"": null}]","[0, 1]",786,1.0,786.0,0.0,1.0,1,0.5,0.5,0.5,,,1,2.0,2.0,2.0,,,,
SNL,SNL/SNL_18650_NCA_25C_20-80_0.5-0.5C_a.pkl,12591335,SNL_18650_NCA_25C_20-80_0.5-0.5C_a,cylindrical_18650,graphite,NCA,,3.2,1.0,1.0,0,4.2,2.5,6.0,,,,"[{""current_in_A"": null, ""end_soc"": 1.0, ""end_voltage_in_V"": null, ""power_in_W"": null, ""rate_in_C"": 0.5, ""start_soc"": 0.0, ""start_voltage_in_V"": null, ""voltage_in_V"": null}]","[{""current_in_A"": null, ""end_soc"": 0.0, ""end_voltage_in_V"": null, ""power_in_W"": null, ""rate_in_C"": 0.5, ""start_soc"": 1.0, ""start_voltage_in_V"": null, ""voltage_in_V"": null}]","[0.2, 0.8]",1123,1.0,1123.0,0.2,0.8,1,0.5,0.5,0.5,,,1,0.5,0.5,0.5,,,,
SNL,SNL/SNL_18650_NCA_25C_20-80_0.5-0.5C_b.pkl,13176338,SNL_18650_NCA_25C_20-80_0.5-0.5C_b,cylindrical_18650,graphite,NCA,,3.2,1.0,1.0,0,4.2,2.5,6.0,,,,"[{""current_in_A"": null, ""end_soc"": 1.0, ""end_voltage_in_V"": null, ""power_in_W"": null, ""rate_in_C"": 0.5, ""start_soc"": 0.0, ""start_voltage_in_V"": null, ""voltage_in_V"": null}]","[{""current_in_A"": null, ""end_soc"": 0.0, ""end_voltage_in_V"": null, ""power_in_W"": null, ""rate_in_C"": 0.5, ""start_soc"": 1.0, ""start_voltage_in_V"": null, ""voltage_in_V"": null}]","[0.2, 0.8]",1250,1.0,1250.0,0.2,0.8,1,0.5,0.5,0.5,,,1,0.5,0.5,0.5,,,,
SNL,SNL/SNL_18650_NCA_25C_20-80_0.5-0.5C_c.pkl,13046822,SNL_18650_NCA_25C_20-80_0.5-0.5C_c,cylindrical_18650,graphite,NCA,,3.2,1.0,1.0,0,4.2,2.5,6.0,,,,"[{""current_in_A"": null, ""end_soc"": 1.0, ""end_voltage_in_V"": null, ""power_in_W"": null, ""rate_in_C"": 0.5, ""start_soc"": 0.0, ""start_voltage_in_V"": null, ""voltage_in_V"": null}]","[{""current_in_A"": null, ""end_soc"": 0.0, ""end_voltage_in_V"": null, ""power_in_W"": null, ""rate_in_C"": 0.5, ""start_soc"": 1.0, ""start_voltage_in_V"": null, ""voltage_in_V"": null}]","[0.2, 0.8]",1251,1.0,1251.0,0.2,0.8,1,0.5,0.5,0.5,,,1,0.5,0.5,0.5,,,,
SNL,SNL/SNL_18650_NCA_25C_20-80_0.5-0.5C_d.pkl,13762322,SNL_18650_NCA_25C_20-80_0.5-0.5C_d,cylindrical_18650,graphite,NCA,,3.2,1.0,1.0,0,4.2,2.5,6.0,,,,"[{""current_in_A"": null, ""end_soc"": 1.0, ""end_voltage_in_V"": null, ""power_in_W"": null, ""rate_in_C"": 0.5, ""start_soc"": 0.0, ""start_voltage_in_V"": null, ""voltage_in_V"": null}]","[{""current_in_A"": null, ""end_soc"": 0.0, ""end_voltage_in_V"": null, ""power_in_W"": null, ""rate_in_C"": 0.5, ""start_soc"": 1.0, ""start_voltage_in_V"": null, ""voltage_in_V"": null}]","[0.2, 0.8]",1509,1.0,1509.0,0.2,0.8,1,0.5,0.5,0.5,,,1,0.5,0.5,0.5,,,,
SNL,SNL/SNL_18650_NCA_35C_0-100_0.5-1C_a.pkl,3684137,SNL_18650_NCA_35C_0-100_0.5-1C_a,cylindrical_18650,graphite,NCA,,3.2,1.0,1.0,0,4.2,2.5,6.0,,,,"[{""current_in_A"": null, ""end_soc"": 1.0, ""end_voltage_in_V"": null, ""power_in_W"": null, ""rate_in_C"": 0.5, ""start_soc"": 0.0, ""start_voltage_in_V"": null, ""voltage_in_V"": null}]","[{""current_in_A"": null, ""end_soc"": 0.0, ""end_voltage_in_V"": null, ""power_in_W"": null, ""rate_in_C"": 1.0, ""start_soc"": 1.0, ""start_voltage_in_V"": null, ""voltage_in_V"": null}]","[0, 1]",515,1.0,515.0,0.0,1.0,1,0.5,0.5,0.5,,,1,1.0,1.0,1.0,,,,
SNL,SNL/SNL_18650_NCA_35C_0-100_0.5-1C_b.pkl,3400964,SNL_18650_NCA_35C_0-100_0.5-1C_b,cylindrical_18650,graphite,NCA,,3.2,1.0,1.0,0,4.2,2.5,6.0,,,,"[{""current_in_A"": null, ""end_soc"": 1.0, ""end_voltage_in_V"": null, ""power_in_W"": null, ""rate_in_C"": 0.5, ""start_soc"": 0.0, ""start_voltage_in_V"": null, ""voltage_in_V"": null}]","[{""current_in_A"": null, ""end_soc"": 0.0, ""end_voltage_in_V"": null, ""power_in_W"": null, ""rate_in_C"": 1.0, ""start_soc"": 1.0, ""start_voltage_in_V"": null, ""voltage_in_V"": null}]","[0, 1]",464,1.0,464.0,0.0,1.0,1,0.5,0.5,0.5,,,1,1.0,1.0,1.0,,,,
SNL,SNL/SNL_18650_NCA_35C_0-100_0.5-1C_c.pkl,3762254,SNL_18650_NCA_35C_0-100_0.5-1C_c,cylindrical_18650,graphite,NCA,,3.2,1.0,1.0,0,4.2,2.5,6.0,,,,"[{""current_in_A"": null, ""end_soc"": 1.0, ""end_voltage_in_V"": null, ""power_in_W"": null, ""rate_in_C"": 0.5, ""start_soc"": 0.0, ""start_voltage_in_V"": null, ""voltage_in_V"": null}]","[{""current_in_A"": null, ""end_soc"": 0.0, ""end_voltage_in_V"": null, ""power_in_W"": null, ""rate_in_C"": 1.0, ""start_soc"": 1.0, ""start_voltage_in_V"": null, ""voltage_in_V"": null}]","[0, 1]",515,1.0,515.0,0.0,1.0,1,0.5,0.5,0.5,,,1,1.0,1.0,1.0,,,,
SNL,SNL/SNL_18650_NCA_35C_0-100_0.5-1C_d.pkl,5242154,SNL_18650_NCA_35C_0-100_0.5-1C_d,cylindrical_18650,graphite,NCA,,3.2,1.0,1.0,0,4.2,2.5,6.0,,,,"[{""current_in_A"": null, ""end_soc"": 1.0, ""end_voltage_in_V"": null, ""power_in_W"": null, ""rate_in_C"": 0.5, ""start_soc"": 0.0, ""start_voltage_in_V"": null, ""voltage_in_V"": null}]","[{""current_in_A"": null, ""end_soc"": 0.0, ""end_voltage_in_V"": null, ""power_in_W"": null, ""rate_in_C"": 1.0, ""start_soc"": 1.0, ""start_voltage_in_V"": null, ""voltage_in_V"": null}]","[0, 1]",654,1.0,654.0,0.0,1.0,1,0.5,0.5,0.5,,,1,1.0,1.0,1.0,,,,
SNL,SNL/SNL_18650_NCA_35C_0-100_0.5-2C_a.pkl,4923380,SNL_18650_NCA_35C_0-100_0.5-2C_a,cylindrical_18650,graphite,NCA,,3.2,1.0,1.0,0,4.2,2.5,6.0,,,,"[{""current_in_A"": null, ""end_soc"": 1.0, ""end_voltage_in_V"": null, ""power_in_W"": null, ""rate_in_C"": 0.5, ""start_soc"": 0.0, ""start_voltage_in_V"": null, ""voltage_in_V"": null}]","[{""current_in_A"": null, ""end_soc"": 0.0, ""end_voltage_in_V"": null, ""power_in_W"": null, ""rate_in_C"": 2.0, ""start_soc"": 1.0, ""start_voltage_in_V"": null, ""voltage_in_V"": null}]","[0, 1]",654,1.0,654.0,0.0,1.0,1,0.5,0.5,0.5,,,1,2.0,2.0,2.0,,,,
SNL,SNL/SNL_18650_NCA_35C_0-100_0.5-2C_b.pkl,5782565,SNL_18650_NCA_35C_0-100_0.5-2C_b,cylindrical_18650,graphite,NCA,,3.2,1.0,1.0,0,4.2,2.5,6.0,,,,"[{""current_in_A"": null, ""end_soc"": 1.0, ""end_voltage_in_V"": null, ""power_in_W"": null, ""rate_in_C"": 0.5, ""start_soc"": 0.0, ""start_voltage_in_V"": null, ""voltage_in_V"": null}]","[{""current_in_A"": null, ""end_soc"": 0.0, ""end_voltage_in_V"": null, ""power_in_W"": null, ""rate_in_C"": 2.0, ""start_soc"": 1.0, ""start_voltage_in_V"": null, ""voltage_in_V"": null}]","[0, 1]",786,1.0,786.0,0.0,1.0,1,0.5,0.5,0.5,,,1,2.0,2.0,2.0,,,,
SNL,SNL/SNL_18650_NMC_15C_0-100_0.5-1C_a.pkl,2890163,SNL_18650_NMC_15C_0-100_0.5-1C_a,cylindrical_18650,graphite,NMC,,2.7,1.0,1.0,0,4.2,2.0,20.0,,,,"[{""current_in_A"": null, ""end_soc"": 1.0, ""end_voltage_in_V"": null, ""power_in_W"": null, ""rate_in_C"": 0.5, ""start_soc"": 0.0, ""start_voltage_in_V"": null, ""voltage_in_V"": null}]","[{""current_in_A"": null, ""end_soc"": 0.0, ""end_voltage_in_V"": null, ""power_in_W"": null, ""rate_in_C"": 1.0, ""start_soc"": 1.0, ""start_voltage_in_V"": null, ""voltage_in_V"": null}]","[0, 1]",513,1.0,513.0,0.0,1.0,1,0.5,0.5,0.5,,,1,1.0,1.0,1.0,,,,
SNL,SNL/SNL_18650_NMC_15C_0-100_0.5-1C_b.pkl,2871848,SNL_18650_NMC_15C_0-100_0.5-1C_b,cylindrical_18650,graphite,NMC,,2.7,1.0,1.0,0,4.2,2.0,20.0,,,,"[{""current_in_A"": null, ""end_soc"": 1.0, ""end_voltage_in_V"": null, ""power_in_W"": null, ""rate_in_C"": 0.5, ""start_soc"": 0.0, ""start_voltage_in_V"": null, ""voltage_in_V"": null}]","[{""current_in_A"": null, ""end_soc"": 0.0, ""end_voltage_in_V"": null, ""power_in_W"": null, ""rate_in_C"": 1.0, ""start_soc"": 1.0, ""start_voltage_in_V"": null, ""voltage_in_V"": null}]","[0, 1]",513,1.0,513.0,0.0,1.0,1,0.5,0.5,0.5,,,1,1.0,1.0,1.0,,,,
SNL,SNL/SNL_18650_NMC_15C_0-100_0.5-2C_a.pkl,2297414,SNL_18650_NMC_15C_0-100_0.5-2C_a,cylindrical_18650,graphite,NMC,,2.7,1.0,1.0,0,4.2,2.0,20.0,,,,"[{""current_in_A"": null, ""end_soc"": 1.0, ""end_voltage_in_V"": null, ""power_in_W"": null, ""rate_in_C"": 0.5, ""start_soc"": 0.0, ""start_voltage_in_V"": null, ""voltage_in_V"": null}]","[{""current_in_A"": null, ""end_soc"": 0.0, ""end_voltage_in_V"": null, ""power_in_W"": null, ""rate_in_C"": 2.0, ""start_soc"": 1.0, ""start_voltage_in_V"": null, ""voltage_in_V"": null}]","[0, 1]",389,1.0,389.0,0.0,1.0,1,0.5,0.5,0.5,,,1,2.0,2.0,2.0,,,,
SNL,SNL/SNL_18650_NMC_15C_0-100_0.5-2C_b.pkl,2013785,SNL_18650_NMC_15C_0-100_0.5-2C_b,cylindrical_18650,graphite,NMC,,2.7,1.0,1.0,0,4.2,2.0,20.0,,,,"[{""current_in_A"": null, ""end_soc"": 1.0, ""end_voltage_in_V"": null, ""power_in_W"": null, ""rate_in_C"": 0.5, ""start_soc"": 0.0, ""start_voltage_in_V"": null, ""voltage_in_V"": null}]","[{""current_in_A"": null, ""end_soc"": 0.0, ""end_voltage_in_V"": null, ""power_in_W"": null, ""rate_in_C"": 2.0, ""start_soc"": 1.0, ""start_voltage_in_V"": null, ""voltage_in_V"": null}]","[0, 1]",389,1.0,389.0,0.0,1.0,1,0.5,0.5,0.5,,,1,2.0,2.0,2.0,,,,
SNL,SNL/SNL_18650_NMC_25C_0-100_0.5-0.5C_b.pkl,6286203,SNL_18650_NMC_25C_0-100_0.5-0.5C_b,cylindrical_18650,graphite,NMC,,3.0,1.0,1.0,0,4.2,2.0,20.0,,,,"[{""current_in_A"": null, ""end_soc"": 1.0, ""end_voltage_in_V"": null, ""power_in_W"": null, ""rate_in_C"": 0.5, ""start_soc"": 0.0, ""start_voltage_in_V"": null, ""voltage_in_V"": null}]","[{""current_in_A"": null, ""end_soc"": 0.0, ""end_voltage_in_V"": null, ""power_in_W"": null, ""rate_in_C"": 0.5, ""start_soc"": 1.0, ""start_voltage_in_V"": null, ""voltage_in_V"": null}]","[0, 1]",679,1.0,679.0,0.0,1.0,1,0.5,0.5,0.5,,,1,0.5,0.5,0.5,,,,
SNL,SNL/SNL_18650_NMC_25C_0-100_0.5-1C_a.pkl,3802768,SNL_18650_NMC_25C_0-100_0.5-1C_a,cylindrical_18650,graphite,NMC,,3.0,1.0,1.0,0,4.2,2.0,20.0,,,,"[{""current_in_A"": null, ""end_soc"": 1.0, ""end_voltage_in_V"": null, ""power_in_W"": null, ""rate_in_C"": 0.5, ""start_soc"": 0.0, ""start_voltage_in_V"": null, ""voltage_in_V"": null}]","[{""current_in_A"": null, ""end_soc"": 0.0, ""end_voltage_in_V"": null, ""power_in_W"": null, ""rate_in_C"": 1.0, ""start_soc"": 1.0, ""start_voltage_in_V"": null, ""voltage_in_V"": null}]","[0, 1]",521,1.0,521.0,0.0,1.0,1,0.5,0.5,0.5,,,1,1.0,1.0,1.0,,,,
SNL,SNL/SNL_18650_NMC_25C_0-100_0.5-1C_b.pkl,5973229,SNL_18650_NMC_25C_0-100_0.5-1C_b,cylindrical_18650,graphite,NMC,,3.0,1.0,1.0,0,4.2,2.0,20.0,,,,"[{""current_in_A"": null, ""end_soc"": 1.0, ""end_voltage_in_V"": null, ""power_in_W"": null, ""rate_in_C"": 0.5, ""start_soc"": 0.0, ""start_voltage_in_V"": null, ""voltage_in_V"": null}]","[{""current_in_A"": null, ""end_soc"": 0.0, ""end_voltage_in_V"": null, ""power_in_W"": null, ""rate_in_C"": 1.0, ""start_soc"": 1.0, ""start_voltage_in_V"": null, ""voltage_in_V"": null}]","[0, 1]",785,1.0,785.0,0.0,1.0,1,0.5,0.5,0.5,,,1,1.0,1.0,1.0,,,,
SNL,SNL/SNL_18650_NMC_25C_0-100_0.5-1C_c.pkl,3561496,SNL_18650_NMC_25C_0-100_0.5-1C_c,cylindrical_18650,graphite,NMC,,3.0,1.0,1.0,0,4.2,2.0,20.0,,,,"[{""current_in_A"": null, ""end_soc"": 1.0, ""end_voltage_in_V"": null, ""power_in_W"": null, ""rate_in_C"": 0.5, ""start_soc"": 0.0, ""start_voltage_in_V"": null, ""voltage_in_V"": null}]","[{""current_in_A"": null, ""end_soc"": 0.0, ""end_voltage_in_V"": null, ""power_in_W"": null, ""rate_in_C"": 1.0, ""start_soc"": 1.0, ""start_voltage_in_V"": null, ""voltage_in_V"": null}]","[0, 1]",397,1.0,397.0,0.0,1.0,1,0.5,0.5,0.5,,,1,1.0,1.0,1.0,,,,
SNL,SNL/SNL_18650_NMC_25C_0-100_0.5-1C_d.pkl,4354660,SNL_18650_NMC_25C_0-100_0.5-1C_d,cylindrical_18650,graphite,NMC,,3.0,1.0,1.0,0,4.2,2.0,20.0,,,,"[{""current_in_A"": null, ""end_soc"": 1.0, ""end_voltage_in_V"": null, ""power_in_W"": null, ""rate_in_C"": 0.5, ""start_soc"": 0.0, ""start_voltage_in_V"": null, ""voltage_in_V"": null}]","[{""current_in_A"": null, ""end_soc"": 0.0, ""end_voltage_in_V"": null, ""power_in_W"": null, ""rate_in_C"": 1.0, ""start_soc"": 1.0, ""start_voltage_in_V"": null, ""voltage_in_V"": null}]","[0, 1]",529,1.0,529.0,0.0,1.0,1,0.5,0.5,0.5,,,1,1.0,1.0,1.0,,,,
SNL,SNL/SNL_18650_NMC_25C_0-100_0.5-2C_a.pkl,5159584,SNL_18650_NMC_25C_0-100_0.5-2C_a,cylindrical_18650,graphite,NMC,,3.0,1.0,1.0,0,4.2,2.0,20.0,,,,"[{""current_in_A"": null, ""end_soc"": 1.0, ""end_voltage_in_V"": null, ""power_in_W"": null, ""rate_in_C"": 0.5, ""start_soc"": 0.0, ""start_voltage_in_V"": null, ""voltage_in_V"": null}]","[{""current_in_A"": null, ""end_soc"": 0.0, ""end_voltage_in_V"": null, ""power_in_W"": null, ""rate_in_C"": 2.0, ""start_soc"": 1.0, ""start_voltage_in_V"": null, ""voltage_in_V"": null}]","[0, 1]",661,1.0,661.0,0.0,1.0,1,0.5,0.5,0.5,,,1,2.0,2.0,2.0,,,,
SNL,SNL/SNL_18650_NMC_25C_0-100_0.5-2C_b.pkl,9815817,SNL_18650_NMC_25C_0-100_0.5-2C_b,cylindrical_18650,graphite,NMC,,3.0,1.0,1.0,0,4.2,2.0,20.0,,,,"[{""current_in_A"": null, ""end_soc"": 1.0, ""end_voltage_in_V"": null, ""power_in_W"": null, ""rate_in_C"": 0.5, ""start_soc"": 0.0, ""start_voltage_in_V"": null, ""voltage_in_V"": null}]","[{""current_in_A"": null, ""end_soc"": 0.0, ""end_voltage_in_V"": null, ""power_in_W"": null, ""rate_in_C"": 2.0, ""start_soc"": 1.0, ""start_voltage_in_V"": null, ""voltage_in_V"": null}]","[0, 1]",1321,1.0,1321.0,0.0,1.0,1,0.5,0.5,0.5,,,1,2.0,2.0,2.0,,,,
SNL,SNL/SNL_18650_NMC_25C_0-100_0.5-3C_a.pkl,3762835,SNL_18650_NMC_25C_0-100_0.5-3C_a,cylindrical_18650,graphite,NMC,,3.0,1.0,1.0,0,4.2,2.0,20.0,,,,"[{""current_in_A"": null, ""end_soc"": 1.0, ""end_voltage_in_V"": null, ""power_in_W"": null, ""rate_in_C"": 0.5, ""start_soc"": 0.0, ""start_voltage_in_V"": null, ""voltage_in_V"": null}]","[{""current_in_A"": null, ""end_soc"": 0.0, ""end_voltage_in_V"": null, ""power_in_W"": null, ""rate_in_C"": 3.0, ""start_soc"": 1.0, ""start_voltage_in_V"": null, ""voltage_in_V"": null}]","[0, 1]",730,1.0,730.0,0.0,1.0,1,0.5,0.5,0.5,,,1,3.0,3.0,3.0,,,,
SNL,SNL/SNL_18650_NMC_25C_0-100_0.5-3C_b.pkl,3170200,SNL_18650_NMC_25C_0-100_0.5-3C_b,cylindrical_18650,graphite,NMC,,3.0,1.0,1.0,0,4.2,2.0,20.0,,,,"[{""current_in_A"": null, ""end_soc"": 1.0, ""end_voltage_in_V"": null, ""power_in_W"": null, ""rate_in_C"": 0.5, ""start_soc"": 0.0, ""start_voltage_in_V"": null, ""voltage_in_V"": null}]","[{""current_in_A"": null, ""end_soc"": 0.0, ""end_voltage_in_V"": null, ""power_in_W"": null, ""rate_in_C"": 3.0, ""start_soc"": 1.0, ""start_voltage_in_V"": null, ""voltage_in_V"": null}]","[0, 1]",552,1.0,552.0,0.0,1.0,1,0.5,0.5,0.5,,,1,3.0,3.0,3.0,,,,
SNL,SNL/SNL_18650_NMC_25C_0-100_0.5-3C_c.pkl,4551841,SNL_18650_NMC_25C_0-100_0.5-3C_c,cylindrical_18650,graphite,NMC,,3.0,1.0,1.0,0,4.2,2.0,20.0,,,,"[{""current_in_A"": null, ""end_soc"": 1.0, ""end_voltage_in_V"": null, ""power_in_W"": null, ""rate_in_C"": 0.5, ""start_soc"": 0.0, ""start_voltage_in_V"": null, ""voltage_in_V"": null}]","[{""current_in_A"": null, ""end_soc"": 0.0, ""end_voltage_in_V"": null, ""power_in_W"": null, ""rate_in_C"": 3.0, ""start_soc"": 1.0, ""start_voltage_in_V"": null, ""voltage_in_V"": null}]","[0, 1]",698,1.0,698.0,0.0,1.0,1,0.5,0.5,0.5,,,1,3.0,3.0,3.0,,,,
SNL,SNL/SNL_18650_NMC_25C_0-100_0.5-3C_d.pkl,5378842,SNL_18650_NMC_25C_0-100_0.5-3C_d,cylindrical_18650,graphite,NMC,,3.0,1.0,1.0,0,4.2,2.0,20.0,,,,"[{""current_in_A"": null, ""end_soc"": 1.0, ""end_voltage_in_V"": null, ""power_in_W"": null, ""rate_in_C"": 0.5, ""start_soc"": 0.0, ""start_voltage_in_V"": null, ""voltage_in_V"": null}]","[{""current_in_A"": null, ""end_soc"": 0.0, ""end_voltage_in_V"": null, ""power_in_W"": null, ""rate_in_C"": 3.0, ""start_soc"": 1.0, ""start_voltage_in_V"": null, ""voltage_in_V"": null}]","[0, 1]",905,1.0,905.0,0.0,1.0,1,0.5,0.5,0.5,,,1,3.0,3.0,3.0,,,,
SNL,SNL/SNL_18650_NMC_35C_0-100_0.5-1C_a.pkl,6175126,SNL_18650_NMC_35C_0-100_0.5-1C_a,cylindrical_18650,graphite,NMC,,3.0,1.0,1.0,0,4.2,2.0,20.0,,,,"[{""current_in_A"": null, ""end_soc"": 1.0, ""end_voltage_in_V"": null, ""power_in_W"": null, ""rate_in_C"": 0.5, ""start_soc"": 0.0, ""start_voltage_in_V"": null, ""voltage_in_V"": null}]","[{""current_in_A"": null, ""end_soc"": 0.0, ""end_voltage_in_V"": null, ""power_in_W"": null, ""rate_in_C"": 1.0, ""start_soc"": 1.0, ""start_voltage_in_V"": null, ""voltage_in_V"": null}]","[0, 1]",786,1.0,786.0,0.0,1.0,1,0.5,0.5,0.5,,,1,1.0,1.0,1.0,,,,
SNL,SNL/SNL_18650_NMC_35C_0-100_0.5-1C_b.pkl,6333604,SNL_18650_NMC_35C_0-100_0.5-1C_b,cylindrical_18650,graphite,NMC,,3.0,1.0,1.0,0,4.2,2.0,20.0,,,,"[{""current_in_A"": null, ""end_soc"": 1.0, ""end_voltage_in_V"": null, ""power_in_W"": null, ""rate_in_C"": 0.5, ""start_soc"": 0.0, ""start_voltage_in_V"": null, ""voltage_in_V"": null}]","[{""current_in_A"": null, ""end_soc"": 0.0, ""end_voltage_in_V"": null, ""power_in_W"": null, ""rate_in_C"": 1.0, ""start_soc"": 1.0, ""start_voltage_in_V"": null, ""voltage_in_V"": null}]","[0, 1]",786,1.0,786.0,0.0,1.0,1,0.5,0.5,0.5,,,1,1.0,1.0,1.0,,,,
SNL,SNL/SNL_18650_NMC_35C_0-100_0.5-1C_c.pkl,5750653,SNL_18650_NMC_35C_0-100_0.5-1C_c,cylindrical_18650,graphite,NMC,,3.0,1.0,1.0,0,4.2,2.0,20.0,,,,"[{""current_in_A"": null, ""end_soc"": 1.0, ""end_voltage_in_V"": null, ""power_in_W"": null, ""rate_in_C"": 0.5, ""start_soc"": 0.0, ""start_voltage_in_V"": null, ""voltage_in_V"": null}]","[{""current_in_A"": null, ""end_soc"": 0.0, ""end_voltage_in_V"": null, ""power_in_W"": null, ""rate_in_C"": 1.0, ""start_soc"": 1.0, ""start_voltage_in_V"": null, ""voltage_in_V"": null}]","[0, 1]",785,1.0,785.0,0.0,1.0,1,0.5,0.5,0.5,,,1,1.0,1.0,1.0,,,,
SNL,SNL/SNL_18650_NMC_35C_0-100_0.5-1C_d.pkl,6029059,SNL_18650_NMC_35C_0-100_0.5-1C_d,cylindrical_18650,graphite,NMC,,3.0,1.0,1.0,0,4.2,2.0,20.0,,,,"[{""current_in_A"": null, ""end_soc"": 1.0, ""end_voltage_in_V"": null, ""power_in_W"": null, ""rate_in_C"": 0.5, ""start_soc"": 0.0, ""start_voltage_in_V"": null, ""voltage_in_V"": null}]","[{""current_in_A"": null, ""end_soc"": 0.0, ""end_voltage_in_V"": null, ""power_in_W"": null, ""rate_in_C"": 1.0, ""start_soc"": 1.0, ""start_voltage_in_V"": null, ""voltage_in_V"": null}]","[0, 1]",786,1.0,786.0,0.0,1.0,1,0.5,0.5,0.5,,,1,1.0,1.0,1.0,,,,
SNL,SNL/SNL_18650_NMC_35C_0-100_0.5-2C_a.pkl,5672344,SNL_18650_NMC_35C_0-100_0.5-2C_a,cylindrical_18650,graphite,NMC,,3.0,1.0,1.0,0,4.2,2.0,20.0,,,,"[{""current_in_A"": null, ""end_soc"": 1.0, ""end_voltage_in_V"": null, ""power_in_W"": null, ""rate_in_C"": 0.5, ""start_soc"": 0.0, ""start_voltage_in_V"": null, ""voltage_in_V"": null}]","[{""current_in_A"": null, ""end_soc"": 0.0, ""end_voltage_in_V"": null, ""power_in_W"": null, ""rate_in_C"": 2.0, ""start_soc"": 1.0, ""start_voltage_in_V"": null, ""voltage_in_V"": null}]","[0, 1]",786,1.0,786.0,0.0,1.0,1,0.5,0.5,0.5,,,1,2.0,2.0,2.0,,,,
SNL,SNL/SNL_18650_NMC_35C_0-100_0.5-2C_b.pkl,4514368,SNL_18650_NMC_35C_0-100_0.5-2C_b,cylindrical_18650,graphite,NMC,,3.0,1.0,1.0,0,4.2,2.0,20.0,,,,"[{""current_in_A"": null, ""end_soc"": 1.0, ""end_voltage_in_V"": null, ""power_in_W"": null, ""rate_in_C"": 0.5, ""start_soc"": 0.0, ""start_voltage_in_V"": null, ""voltage_in_V"": null}]","[{""current_in_A"": null, ""end_soc"": 0.0, ""end_voltage_in_V"": null, ""power_in_W"": null, ""rate_in_C"": 2.0, ""start_soc"": 1.0, ""start_voltage_in_V"": null, ""voltage_in_V"": null}]","[0, 1]",772,1.0,772.0,0.0,1.0,1,0.5,0.5,0.5,,,1,2.0,2.0,2.0,,,,
Stanford_2,Stanford_2/Stanford_Nova_Regular_100.pkl,99319640,Stanford_Nova_Regular_100,pouch,graphite,LiNi0.5Mn0.3Co0.2O2,,0.24,1.0,1.0,0,4.4,3.0,,,,,"[{""current_in_A"": null, ""end_soc"": 1.0, ""end_voltage_in_V"": null, ""power_in_W"": null, ""rate_in_C"": 1.0, ""start_soc"": 0.0, ""start_voltage_in_V"": null, ""voltage_in_V"": null}]","[{""current_in_A"": null, ""end_soc"": 0.0, ""end_voltage_in_V"": null, ""power_in_W"": null, ""rate_in_C"": 0.75, ""start_soc"": 1.0, ""start_voltage_in_V"": null, ""voltage_in_V"": null}]","[0, 1]",919,1.0,919.0,0.0,1.0,1,1.0,1.0,1.0,,,1,0.75,0.75,0.75,,,,
Stanford_2,Stanford_2/Stanford_Nova_Regular_101.pkl,92772974,Stanford_Nova_Regular_101,pouch,graphite,LiNi0.5Mn0.3Co0.2O2,,0.24,1.0,1.0,0,4.4,3.0,,,,,"[{""current_in_A"": null, ""end_soc"": 1.0, ""end_voltage_in_V"": null, ""power_in_W"": null, ""rate_in_C"": 1.0, ""start_soc"": 0.0, ""start_voltage_in_V"": null, ""voltage_in_V"": null}]","[{""current_in_A"": null, ""end_soc"": 0.0, ""end_voltage_in_V"": null, ""power_in_W"": null, ""rate_in_C"": 0.75, ""start_soc"": 1.0, ""start_voltage_in_V"": null, ""voltage_in_V"": null}]","[0, 1]",859,1.0,859.0,0.0,1.0,1,1.0,1.0,1.0,,,1,0.75,0.75,0.75,,,,
Stanford_2,Stanford_2/Stanford_Nova_Regular_102.pkl,111405922,Stanford_Nova_Regular_102,pouch,graphite,LiNi0.5Mn0.3Co0.2O2,,0.24,1.0,1.0,0,4.4,3.0,,,,,"[{""current_in_A"": null, ""end_soc"": 1.0, ""end_voltage_in_V"": null, ""power_in_W"": null, ""rate_in_C"": 1.0, ""start_soc"": 0.0, ""start_voltage_in_V"": null, ""voltage_in_V"": null}]","[{""current_in_A"": null, ""end_soc"": 0.0, ""end_voltage_in_V"": null, ""power_in_W"": null, ""rate_in_C"": 0.75, ""start_soc"": 1.0, ""start_voltage_in_V"": null, ""voltage_in_V"": null}]","[0, 1]",1032,1.0,1032.0,0.0,1.0,1,1.0,1.0,1.0,,,1,0.75,0.75,0.75,,,,
Stanford_2,Stanford_2/Stanford_Nova_Regular_103.pkl,88513829,Stanford_Nova_Regular_103,pouch,graphite,LiNi0.5Mn0.3Co0.2O2,,0.24,1.0,1.0,0,4.4,3.0,,,,,"[{""current_in_A"": null, ""end_soc"": 1.0, ""end_voltage_in_V"": null, ""power_in_W"": null, ""rate_in_C"": 1.0, ""start_soc"": 0.0, ""start_voltage_in_V"": null, ""voltage_in_V"": null}]","[{""current_in_A"": null, ""end_soc"": 0.0, ""end_voltage_in_V"": null, ""power_in_W"": null, ""rate_in_C"": 0.75, ""start_soc"": 1.0, ""start_voltage_in_V"": null, ""voltage_in_V"": null}]","[0, 1]",819,1.0,819.0,0.0,1.0,1,1.0,1.0,1.0,,,1,0.75,0.75,0.75,,,,
Stanford_2,Stanford_2/Stanford_Nova_Regular_104.pkl,109217491,Stanford_Nova_Regular_104,pouch,graphite,LiNi0.5Mn0.3Co0.2O2,,0.24,1.0,1.0,0,4.4,3.0,,,,,"[{""current_in_A"": null, ""end_soc"": 1.0, ""end_voltage_in_V"": null, ""power_in_W"": null, ""rate_in_C"": 1.0, ""start_soc"": 0.0, ""start_voltage_in_V"": null, ""voltage_in_V"": null}]","[{""current_in_A"": null, ""end_soc"": 0.0, ""end_voltage_in_V"": null, ""power_in_W"": null, ""rate_in_C"": 0.75, ""start_soc"": 1.0, ""start_voltage_in_V"": null, ""voltage_in_V"": null}]","[0, 1]",1012,1.0,1012.0,0.0,1.0,1,1.0,1.0,1.0,,,1,0.75,0.75,0.75,,,,
Stanford_2,Stanford_2/Stanford_Nova_Regular_105.pkl,83360582,Stanford_Nova_Regular_105,pouch,graphite,LiNi0.5Mn0.3Co0.2O2,,0.24,1.0,1.0,0,4.4,3.0,,,,,"[{""current_in_A"": null, ""end_soc"": 1.0, ""end_voltage_in_V"": null, ""power_in_W"": null, ""rate_in_C"": 1.0, ""start_soc"": 0.0, ""start_voltage_in_V"": null, ""voltage_in_V"": null}]","[{""current_in_A"": null, ""end_soc"": 0.0, ""end_voltage_in_V"": null, ""power_in_W"": null, ""rate_in_C"": 0.75, ""start_soc"": 1.0, ""start_voltage_in_V"": null, ""voltage_in_V"": null}]","[0, 1]",773,1.0,773.0,0.0,1.0,1,1.0,1.0,1.0,,,1,0.75,0.75,0.75,,,,
Stanford_2,Stanford_2/Stanford_Nova_Regular_106.pkl,112667329,Stanford_Nova_Regular_106,pouch,graphite,LiNi0.5Mn0.3Co0.2O2,,0.24,1.0,1.0,0,4.4,3.0,,,,,"[{""current_in_A"": null, ""end_soc"": 1.0, ""end_voltage_in_V"": null, ""power_in_W"": null, ""rate_in_C"": 1.0, ""start_soc"": 0.0, ""start_voltage_in_V"": null, ""voltage_in_V"": null}]","[{""current_in_A"": null, ""end_soc"": 0.0, ""end_voltage_in_V"": null, ""power_in_W"": null, ""rate_in_C"": 0.75, ""start_soc"": 1.0, ""start_voltage_in_V"": null, ""voltage_in_V"": null}]","[0, 1]",1043,1.0,1043.0,0.0,1.0,1,1.0,1.0,1.0,,,1,0.75,0.75,0.75,,,,
Stanford_2,Stanford_2/Stanford_Nova_Regular_107.pkl,112235737,Stanford_Nova_Regular_107,pouch,graphite,LiNi0.5Mn0.3Co0.2O2,,0.24,1.0,1.0,0,4.4,3.0,,,,,"[{""current_in_A"": null, ""end_soc"": 1.0, ""end_voltage_in_V"": null, ""power_in_W"": null, ""rate_in_C"": 1.0, ""start_soc"": 0.0, ""start_voltage_in_V"": null, ""voltage_in_V"": null}]","[{""current_in_A"": null, ""end_soc"": 0.0, ""end_voltage_in_V"": null, ""power_in_W"": null, ""rate_in_C"": 0.75, ""start_soc"": 1.0, ""start_voltage_in_V"": null, ""voltage_in_V"": null}]","[0, 1]",1039,1.0,1039.0,0.0,1.0,1,1.0,1.0,1.0,,,1,0.75,0.75,0.75,,,,
Stanford_2,Stanford_2/Stanford_Nova_Regular_108.pkl,112339270,Stanford_Nova_Regular_108,pouch,graphite,LiNi0.5Mn0.3Co0.2O2,,0.24,1.0,1.0,0,4.4,3.0,,,,,"[{""current_in_A"": null, ""end_soc"": 1.0, ""end_voltage_in_V"": null, ""power_in_W"": null, ""rate_in_C"": 1.0, ""start_soc"": 0.0, ""start_voltage_in_V"": null, ""voltage_in_V"": null}]","[{""current_in_A"": null, ""end_soc"": 0.0, ""end_voltage_in_V"": null, ""power_in_W"": null, ""rate_in_C"": 0.75, ""start_soc"": 1.0, ""start_voltage_in_V"": null, ""voltage_in_V"": null}]","[0, 1]",1040,1.0,1040.0,0.0,1.0,1,1.0,1.0,1.0,,,1,0.75,0.75,0.75,,,,
Stanford_2,Stanford_2/Stanford_Nova_Regular_109.pkl,126308479,Stanford_Nova_Regular_109,pouch,graphite,LiNi0.5Mn0.3Co0.2O2,,0.24,1.0,1.0,0,4.4,3.0,,,,,"[{""current_in_A"": null, ""end_soc"": 1.0, ""end_voltage_in_V"": null, ""power_in_W"": null, ""rate_in_C"": 1.0, ""start_soc"": 0.0, ""start_voltage_in_V"": null, ""voltage_in_V"": null}]","[{""current_in_A"": null, ""end_soc"": 0.0, ""end_voltage_in_V"": null, ""power_in_W"": null, ""rate_in_C"": 0.75, ""start_soc"": 1.0, ""start_voltage_in_V"": null, ""voltage_in_V"": null}]","[0, 1]",1171,1.0,1171.0,0.0,1.0,1,1.0,1.0,1.0,,,1,0.75,0.75,0.75,,,,
Stanford_2,Stanford_2/Stanford_Nova_Regular_110.pkl,110472082,Stanford_Nova_Regular_110,pouch,graphite,LiNi0.5Mn0.3Co0.2O2,,0.24,1.0,1.0,0,4.4,3.0,,,,,"[{""current_in_A"": null, ""end_soc"": 1.0, ""end_voltage_in_V"": null, ""power_in_W"": null, ""rate_in_C"": 1.0, ""start_soc"": 0.0, ""start_voltage_in_V"": null, ""voltage_in_V"": null}]","[{""current_in_A"": null, ""end_soc"": 0.0, ""end_voltage_in_V"": null, ""power_in_W"": null, ""rate_in_C"": 0.75, ""start_soc"": 1.0, ""start_voltage_in_V"": null, ""voltage_in_V"": null}]","[0, 1]",1023,1.0,1023.0,0.0,1.0,1,1.0,1.0,1.0,,,1,0.75,0.75,0.75,,,,
Stanford_2,Stanford_2/Stanford_Nova_Regular_112.pkl,88512155,Stanford_Nova_Regular_112,pouch,graphite,LiNi0.5Mn0.3Co0.2O2,,0.24,1.0,1.0,0,4.4,3.0,,,,,"[{""current_in_A"": null, ""end_soc"": 1.0, ""end_voltage_in_V"": null, ""power_in_W"": null, ""rate_in_C"": 1.0, ""start_soc"": 0.0, ""start_voltage_in_V"": null, ""voltage_in_V"": null}]","[{""current_in_A"": null, ""end_soc"": 0.0, ""end_voltage_in_V"": null, ""power_in_W"": null, ""rate_in_C"": 0.75, ""start_soc"": 1.0, ""start_voltage_in_V"": null, ""voltage_in_V"": null}]","[0, 1]",819,1.0,819.0,0.0,1.0,1,1.0,1.0,1.0,,,1,0.75,0.75,0.75,,,,
Stanford_2,Stanford_2/Stanford_Nova_Regular_113.pkl,100455629,Stanford_Nova_Regular_113,pouch,graphite,LiNi0.5Mn0.3Co0.2O2,,0.24,1.0,1.0,0,4.4,3.0,,,,,"[{""current_in_A"": null, ""end_soc"": 1.0, ""end_voltage_in_V"": null, ""power_in_W"": null, ""rate_in_C"": 1.0, ""start_soc"": 0.0, ""start_voltage_in_V"": null, ""voltage_in_V"": null}]","[{""current_in_A"": null, ""end_soc"": 0.0, ""end_voltage_in_V"": null, ""power_in_W"": null, ""rate_in_C"": 0.75, ""start_soc"": 1.0, ""start_voltage_in_V"": null, ""voltage_in_V"": null}]","[0, 1]",930,1.0,930.0,0.0,1.0,1,1.0,1.0,1.0,,,1,0.75,0.75,0.75,,,,
Stanford_2,Stanford_2/Stanford_Nova_Regular_114.pkl,111259720,Stanford_Nova_Regular_114,pouch,graphite,LiNi0.5Mn0.3Co0.2O2,,0.24,1.0,1.0,0,4.4,3.0,,,,,"[{""current_in_A"": null, ""end_soc"": 1.0, ""end_voltage_in_V"": null, ""power_in_W"": null, ""rate_in_C"": 1.0, ""start_soc"": 0.0, ""start_voltage_in_V"": null, ""voltage_in_V"": null}]","[{""current_in_A"": null, ""end_soc"": 0.0, ""end_voltage_in_V"": null, ""power_in_W"": null, ""rate_in_C"": 0.75, ""start_soc"": 1.0, ""start_voltage_in_V"": null, ""voltage_in_V"": null}]","[0, 1]",1031,1.0,1031.0,0.0,1.0,1,1.0,1.0,1.0,,,1,0.75,0.75,0.75,,,,
Stanford_2,Stanford_2/Stanford_Nova_Regular_115.pkl,90423794,Stanford_Nova_Regular_115,pouch,graphite,LiNi0.5Mn0.3Co0.2O2,,0.24,1.0,1.0,0,4.4,3.0,,,,,"[{""current_in_A"": null, ""end_soc"": 1.0, ""end_voltage_in_V"": null, ""power_in_W"": null, ""rate_in_C"": 1.0, ""start_soc"": 0.0, ""start_voltage_in_V"": null, ""voltage_in_V"": null}]","[{""current_in_A"": null, ""end_soc"": 0.0, ""end_voltage_in_V"": null, ""power_in_W"": null, ""rate_in_C"": 0.75, ""start_soc"": 1.0, ""start_voltage_in_V"": null, ""voltage_in_V"": null}]","[0, 1]",838,1.0,838.0,0.0,1.0,1,1.0,1.0,1.0,,,1,0.75,0.75,0.75,,,,
Stanford_2,Stanford_2/Stanford_Nova_Regular_116.pkl,112433536,Stanford_Nova_Regular_116,pouch,graphite,LiNi0.5Mn0.3Co0.2O2,,0.24,1.0,1.0,0,4.4,3.0,,,,,"[{""current_in_A"": null, ""end_soc"": 1.0, ""end_voltage_in_V"": null, ""power_in_W"": null, ""rate_in_C"": 1.0, ""start_soc"": 0.0, ""start_voltage_in_V"": null, ""voltage_in_V"": null}]","[{""current_in_A"": null, ""end_soc"": 0.0, ""end_voltage_in_V"": null, ""power_in_W"": null, ""rate_in_C"": 0.75, ""start_soc"": 1.0, ""start_voltage_in_V"": null, ""voltage_in_V"": null}]","[0, 1]",1043,1.0,1043.0,0.0,1.0,1,1.0,1.0,1.0,,,1,0.75,0.75,0.75,,,,
Stanford_2,Stanford_2/Stanford_Nova_Regular_117.pkl,100771922,Stanford_Nova_Regular_117,pouch,graphite,LiNi0.5Mn0.3Co0.2O2,,0.24,1.0,1.0,0,4.4,3.0,,,,,"[{""current_in_A"": null, ""end_soc"": 1.0, ""end_voltage_in_V"": null, ""power_in_W"": null, ""rate_in_C"": 1.0, ""start_soc"": 0.0, ""start_voltage_in_V"": null, ""voltage_in_V"": null}]","[{""current_in_A"": null, ""end_soc"": 0.0, ""end_voltage_in_V"": null, ""power_in_W"": null, ""rate_in_C"": 0.75, ""start_soc"": 1.0, ""start_voltage_in_V"": null, ""voltage_in_V"": null}]","[0, 1]",934,1.0,934.0,0.0,1.0,1,1.0,1.0,1.0,,,1,0.75,0.75,0.75,,,,
Stanford_2,Stanford_2/Stanford_Nova_Regular_118.pkl,95160500,Stanford_Nova_Regular_118,pouch,graphite,LiNi0.5Mn0.3Co0.2O2,,0.24,1.0,1.0,0,4.4,3.0,,,,,"[{""current_in_A"": null, ""end_soc"": 1.0, ""end_voltage_in_V"": null, ""power_in_W"": null, ""rate_in_C"": 1.0, ""start_soc"": 0.0, ""start_voltage_in_V"": null, ""voltage_in_V"": null}]","[{""current_in_A"": null, ""end_soc"": 0.0, ""end_voltage_in_V"": null, ""power_in_W"": null, ""rate_in_C"": 0.75, ""start_soc"": 1.0, ""start_voltage_in_V"": null, ""voltage_in_V"": null}]","[0, 1]",881,1.0,881.0,0.0,1.0,1,1.0,1.0,1.0,,,1,0.75,0.75,0.75,,,,
Stanford_2,Stanford_2/Stanford_Nova_Regular_119.pkl,90070139,Stanford_Nova_Regular_119,pouch,graphite,LiNi0.5Mn0.3Co0.2O2,,0.24,1.0,1.0,0,4.4,3.0,,,,,"[{""current_in_A"": null, ""end_soc"": 1.0, ""end_voltage_in_V"": null, ""power_in_W"": null, ""rate_in_C"": 1.0, ""start_soc"": 0.0, ""start_voltage_in_V"": null, ""voltage_in_V"": null}]","[{""current_in_A"": null, ""end_soc"": 0.0, ""end_voltage_in_V"": null, ""power_in_W"": null, ""rate_in_C"": 0.75, ""start_soc"": 1.0, ""start_voltage_in_V"": null, ""voltage_in_V"": null}]","[0, 1]",835,1.0,835.0,0.0,1.0,1,1.0,1.0,1.0,,,1,0.75,0.75,0.75,,,,
Stanford_2,Stanford_2/Stanford_Nova_Regular_120.pkl,92998733,Stanford_Nova_Regular_120,pouch,graphite,LiNi0.5Mn0.3Co0.2O2,,0.24,1.0,1.0,0,4.4,3.0,,,,,"[{""current_in_A"": null, ""end_soc"": 1.0, ""end_voltage_in_V"": null, ""power_in_W"": null, ""rate_in_C"": 1.0, ""start_soc"": 0.0, ""start_voltage_in_V"": null, ""voltage_in_V"": null}]","[{""current_in_A"": null, ""end_soc"": 0.0, ""end_voltage_in_V"": null, ""power_in_W"": null, ""rate_in_C"": 0.75, ""start_soc"": 1.0, ""start_voltage_in_V"": null, ""voltage_in_V"": null}]","[0, 1]",861,1.0,861.0,0.0,1.0,1,1.0,1.0,1.0,,,1,0.75,0.75,0.75,,,,
Stanford_2,Stanford_2/Stanford_Nova_Regular_121.pkl,90351155,Stanford_Nova_Regular_121,pouch,graphite,LiNi0.5Mn0.3Co0.2O2,,0.24,1.0,1.0,0,4.4,3.0,,,,,"[{""current_in_A"": null, ""end_soc"": 1.0, ""end_voltage_in_V"": null, ""power_in_W"": null, ""rate_in_C"": 1.0, ""start_soc"": 0.0, ""start_voltage_in_V"": null, ""voltage_in_V"": null}]","[{""current_in_A"": null, ""end_soc"": 0.0, ""end_voltage_in_V"": null, ""power_in_W"": null, ""rate_in_C"": 0.75, ""start_soc"": 1.0, ""start_voltage_in_V"": null, ""voltage_in_V"": null}]","[0, 1]",836,1.0,836.0,0.0,1.0,1,1.0,1.0,1.0,,,1,0.75,0.75,0.75,,,,
Stanford_2,Stanford_2/Stanford_Nova_Regular_122.pkl,88528619,Stanford_Nova_Regular_122,pouch,graphite,LiNi0.5Mn0.3Co0.2O2,,0.24,1.0,1.0,0,4.4,3.0,,,,,"[{""current_in_A"": null, ""end_soc"": 1.0, ""end_voltage_in_V"": null, ""power_in_W"": null, ""rate_in_C"": 1.0, ""start_soc"": 0.0, ""start_voltage_in_V"": null, ""voltage_in_V"": null}]","[{""current_in_A"": null, ""end_soc"": 0.0, ""end_voltage_in_V"": null, ""power_in_W"": null, ""rate_in_C"": 0.75, ""start_soc"": 1.0, ""start_voltage_in_V"": null, ""voltage_in_V"": null}]","[0, 1]",820,1.0,820.0,0.0,1.0,1,1.0,1.0,1.0,,,1,0.75,0.75,0.75,,,,
Stanford_2,Stanford_2/Stanford_Nova_Regular_123.pkl,92261558,Stanford_Nova_Regular_123,pouch,graphite,LiNi0.5Mn0.3Co0.2O2,,0.24,1.0,1.0,0,4.4,3.0,,,,,"[{""current_in_A"": null, ""end_soc"": 1.0, ""end_voltage_in_V"": null, ""power_in_W"": null, ""rate_in_C"": 1.0, ""start_soc"": 0.0, ""start_voltage_in_V"": null, ""voltage_in_V"": null}]","[{""current_in_A"": null, ""end_soc"": 0.0, ""end_voltage_in_V"": null, ""power_in_W"": null, ""rate_in_C"": 0.75, ""start_soc"": 1.0, ""start_voltage_in_V"": null, ""voltage_in_V"": null}]","[0, 1]",854,1.0,854.0,0.0,1.0,1,1.0,1.0,1.0,,,1,0.75,0.75,0.75,,,,
Stanford_2,Stanford_2/Stanford_Nova_Regular_124.pkl,99680747,Stanford_Nova_Regular_124,pouch,graphite,LiNi0.5Mn0.3Co0.2O2,,0.24,1.0,1.0,0,4.4,3.0,,,,,"[{""current_in_A"": null, ""end_soc"": 1.0, ""end_voltage_in_V"": null, ""power_in_W"": null, ""rate_in_C"": 1.0, ""start_soc"": 0.0, ""start_voltage_in_V"": null, ""voltage_in_V"": null}]","[{""current_in_A"": null, ""end_soc"": 0.0, ""end_voltage_in_V"": null, ""power_in_W"": null, ""rate_in_C"": 0.75, ""start_soc"": 1.0, ""start_voltage_in_V"": null, ""voltage_in_V"": null}]","[0, 1]",924,1.0,924.0,0.0,1.0,1,1.0,1.0,1.0,,,1,0.75,0.75,0.75,,,,
Stanford_2,Stanford_2/Stanford_Nova_Regular_125.pkl,106378151,Stanford_Nova_Regular_125,pouch,graphite,LiNi0.5Mn0.3Co0.2O2,,0.24,1.0,1.0,0,4.4,3.0,,,,,"[{""current_in_A"": null, ""end_soc"": 1.0, ""end_voltage_in_V"": null, ""power_in_W"": null, ""rate_in_C"": 1.0, ""start_soc"": 0.0, ""start_voltage_in_V"": null, ""voltage_in_V"": null}]","[{""current_in_A"": null, ""end_soc"": 0.0, ""end_voltage_in_V"": null, ""power_in_W"": null, ""rate_in_C"": 0.75, ""start_soc"": 1.0, ""start_voltage_in_V"": null, ""voltage_in_V"": null}]","[0, 1]",985,1.0,985.0,0.0,1.0,1,1.0,1.0,1.0,,,1,0.75,0.75,0.75,,,,
Stanford_2,Stanford_2/Stanford_Nova_Regular_126.pkl,125077273,Stanford_Nova_Regular_126,pouch,graphite,LiNi0.5Mn0.3Co0.2O2,,0.24,1.0,1.0,0,4.4,3.0,,,,,"[{""current_in_A"": null, ""end_soc"": 1.0, ""end_voltage_in_V"": null, ""power_in_W"": null, ""rate_in_C"": 1.0, ""start_soc"": 0.0, ""start_voltage_in_V"": null, ""voltage_in_V"": null}]","[{""current_in_A"": null, ""end_soc"": 0.0, ""end_voltage_in_V"": null, ""power_in_W"": null, ""rate_in_C"": 0.75, ""start_soc"": 1.0, ""start_voltage_in_V"": null, ""voltage_in_V"": null}]","[0, 1]",1159,1.0,1159.0,0.0,1.0,1,1.0,1.0,1.0,,,1,0.75,0.75,0.75,,,,
Stanford_2,Stanford_2/Stanford_Nova_Regular_127.pkl,110024341,Stanford_Nova_Regular_127,pouch,graphite,LiNi0.5Mn0.3Co0.2O2,,0.24,1.0,1.0,0,4.4,3.0,,,,,"[{""current_in_A"": null, ""end_soc"": 1.0, ""end_voltage_in_V"": null, ""power_in_W"": null, ""rate_in_C"": 1.0, ""start_soc"": 0.0, ""start_voltage_in_V"": null, ""voltage_in_V"": null}]","[{""current_in_A"": null, ""end_soc"": 0.0, ""end_voltage_in_V"": null, ""power_in_W"": null, ""rate_in_C"": 0.75, ""start_soc"": 1.0, ""start_voltage_in_V"": null, ""voltage_in_V"": null}]","[0, 1]",1020,1.0,1020.0,0.0,1.0,1,1.0,1.0,1.0,,,1,0.75,0.75,0.75,,,,
Stanford_2,Stanford_2/Stanford_Nova_Regular_128.pkl,113319577,Stanford_Nova_Regular_128,pouch,graphite,LiNi0.5Mn0.3Co0.2O2,,0.24,1.0,1.0,0,4.4,3.0,,,,,"[{""current_in_A"": null, ""end_soc"": 1.0, ""end_voltage_in_V"": null, ""power_in_W"": null, ""rate_in_C"": 1.0, ""start_soc"": 0.0, ""start_voltage_in_V"": null, ""voltage_in_V"": null}]","[{""current_in_A"": null, ""end_soc"": 0.0, ""end_voltage_in_V"": null, ""power_in_W"": null, ""rate_in_C"": 0.75, ""start_soc"": 1.0, ""start_voltage_in_V"": null, ""voltage_in_V"": null}]","[0, 1]",1050,1.0,1050.0,0.0,1.0,1,1.0,1.0,1.0,,,1,0.75,0.75,0.75,,,,
Stanford_2,Stanford_2/Stanford_Nova_Regular_129.pkl,113250868,Stanford_Nova_Regular_129,pouch,graphite,LiNi0.5Mn0.3Co0.2O2,,0.24,1.0,1.0,0,4.4,3.0,,,,,"[{""current_in_A"": null, ""end_soc"": 1.0, ""end_voltage_in_V"": null, ""power_in_W"": null, ""rate_in_C"": 1.0, ""start_soc"": 0.0, ""start_voltage_in_V"": null, ""voltage_in_V"": null}]","[{""current_in_A"": null, ""end_soc"": 0.0, ""end_voltage_in_V"": null, ""power_in_W"": null, ""rate_in_C"": 0.75, ""start_soc"": 1.0, ""start_voltage_in_V"": null, ""voltage_in_V"": null}]","[0, 1]",1050,1.0,1050.0,0.0,1.0,1,1.0,1.0,1.0,,,1,0.75,0.75,0.75,,,,
Stanford_2,Stanford_2/Stanford_Nova_Regular_130.pkl,101304200,Stanford_Nova_Regular_130,pouch,graphite,LiNi0.5Mn0.3Co0.2O2,,0.24,1.0,1.0,0,4.4,3.0,,,,,"[{""current_in_A"": null, ""end_soc"": 1.0, ""end_voltage_in_V"": null, ""power_in_W"": null, ""rate_in_C"": 1.0, ""start_soc"": 0.0, ""start_voltage_in_V"": null, ""voltage_in_V"": null}]","[{""current_in_A"": null, ""end_soc"": 0.0, ""end_voltage_in_V"": null, ""power_in_W"": null, ""rate_in_C"": 0.75, ""start_soc"": 1.0, ""start_voltage_in_V"": null, ""voltage_in_V"": null}]","[0, 1]",938,1.0,938.0,0.0,1.0,1,1.0,1.0,1.0,,,1,0.75,0.75,0.75,,,,
Stanford_2,Stanford_2/Stanford_Nova_Regular_131.pkl,94158779,Stanford_Nova_Regular_131,pouch,graphite,LiNi0.5Mn0.3Co0.2O2,,0.24,1.0,1.0,0,4.4,3.0,,,,,"[{""current_in_A"": null, ""end_soc"": 1.0, ""end_voltage_in_V"": null, ""power_in_W"": null, ""rate_in_C"": 1.0, ""start_soc"": 0.0, ""start_voltage_in_V"": null, ""voltage_in_V"": null}]","[{""current_in_A"": null, ""end_soc"": 0.0, ""end_voltage_in_V"": null, ""power_in_W"": null, ""rate_in_C"": 0.75, ""start_soc"": 1.0, ""start_voltage_in_V"": null, ""voltage_in_V"": null}]","[0, 1]",873,1.0,873.0,0.0,1.0,1,1.0,1.0,1.0,,,1,0.75,0.75,0.75,,,,
Stanford_2,Stanford_2/Stanford_Nova_Regular_134.pkl,104203742,Stanford_Nova_Regular_134,pouch,graphite,LiNi0.5Mn0.3Co0.2O2,,0.24,1.0,1.0,0,4.4,3.0,,,,,"[{""current_in_A"": null, ""end_soc"": 1.0, ""end_voltage_in_V"": null, ""power_in_W"": null, ""rate_in_C"": 1.0, ""start_soc"": 0.0, ""start_voltage_in_V"": null, ""voltage_in_V"": null}]","[{""current_in_A"": null, ""end_soc"": 0.0, ""end_voltage_in_V"": null, ""power_in_W"": null, ""rate_in_C"": 0.75, ""start_soc"": 1.0, ""start_voltage_in_V"": null, ""voltage_in_V"": null}]","[0, 1]",966,1.0,966.0,0.0,1.0,1,1.0,1.0,1.0,,,1,0.75,0.75,0.75,,,,
Stanford_2,Stanford_2/Stanford_Nova_Regular_135.pkl,89513882,Stanford_Nova_Regular_135,pouch,graphite,LiNi0.5Mn0.3Co0.2O2,,0.24,1.0,1.0,0,4.4,3.0,,,,,"[{""current_in_A"": null, ""end_soc"": 1.0, ""end_voltage_in_V"": null, ""power_in_W"": null, ""rate_in_C"": 1.0, ""start_soc"": 0.0, ""start_voltage_in_V"": null, ""voltage_in_V"": null}]","[{""current_in_A"": null, ""end_soc"": 0.0, ""end_voltage_in_V"": null, ""power_in_W"": null, ""rate_in_C"": 0.75, ""start_soc"": 1.0, ""start_voltage_in_V"": null, ""voltage_in_V"": null}]","[0, 1]",830,1.0,830.0,0.0,1.0,1,1.0,1.0,1.0,,,1,0.75,0.75,0.75,,,,
Stanford_2,Stanford_2/Stanford_Nova_Regular_136.pkl,105792626,Stanford_Nova_Regular_136,pouch,graphite,LiNi0.5Mn0.3Co0.2O2,,0.24,1.0,1.0,0,4.4,3.0,,,,,"[{""current_in_A"": null, ""end_soc"": 1.0, ""end_voltage_in_V"": null, ""power_in_W"": null, ""rate_in_C"": 1.0, ""start_soc"": 0.0, ""start_voltage_in_V"": null, ""voltage_in_V"": null}]","[{""current_in_A"": null, ""end_soc"": 0.0, ""end_voltage_in_V"": null, ""power_in_W"": null, ""rate_in_C"": 0.75, ""start_soc"": 1.0, ""start_voltage_in_V"": null, ""voltage_in_V"": null}]","[0, 1]",980,1.0,980.0,0.0,1.0,1,1.0,1.0,1.0,,,1,0.75,0.75,0.75,,,,
Stanford_2,Stanford_2/Stanford_Nova_Regular_137.pkl,110614234,Stanford_Nova_Regular_137,pouch,graphite,LiNi0.5Mn0.3Co0.2O2,,0.24,1.0,1.0,0,4.4,3.0,,,,,"[{""current_in_A"": null, ""end_soc"": 1.0, ""end_voltage_in_V"": null, ""power_in_W"": null, ""rate_in_C"": 1.0, ""start_soc"": 0.0, ""start_voltage_in_V"": null, ""voltage_in_V"": null}]","[{""current_in_A"": null, ""end_soc"": 0.0, ""end_voltage_in_V"": null, ""power_in_W"": null, ""rate_in_C"": 0.75, ""start_soc"": 1.0, ""start_voltage_in_V"": null, ""voltage_in_V"": null}]","[0, 1]",1024,1.0,1024.0,0.0,1.0,1,1.0,1.0,1.0,,,1,0.75,0.75,0.75,,,,
Stanford_2,Stanford_2/Stanford_Nova_Regular_138.pkl,100202375,Stanford_Nova_Regular_138,pouch,graphite,LiNi0.5Mn0.3Co0.2O2,,0.24,1.0,1.0,0,4.4,3.0,,,,,"[{""current_in_A"": null, ""end_soc"": 1.0, ""end_voltage_in_V"": null, ""power_in_W"": null, ""rate_in_C"": 1.0, ""start_soc"": 0.0, ""start_voltage_in_V"": null, ""voltage_in_V"": null}]","[{""current_in_A"": null, ""end_soc"": 0.0, ""end_voltage_in_V"": null, ""power_in_W"": null, ""rate_in_C"": 0.75, ""start_soc"": 1.0, ""start_voltage_in_V"": null, ""voltage_in_V"": null}]","[0, 1]",928,1.0,928.0,0.0,1.0,1,1.0,1.0,1.0,,,1,0.75,0.75,0.75,,,,
Stanford_2,Stanford_2/Stanford_Nova_Regular_139.pkl,125245771,Stanford_Nova_Regular_139,pouch,graphite,LiNi0.5Mn0.3Co0.2O2,,0.24,1.0,1.0,0,4.4,3.0,,,,,"[{""current_in_A"": null, ""end_soc"": 1.0, ""end_voltage_in_V"": null, ""power_in_W"": null, ""rate_in_C"": 1.0, ""start_soc"": 0.0, ""start_voltage_in_V"": null, ""voltage_in_V"": null}]","[{""current_in_A"": null, ""end_soc"": 0.0, ""end_voltage_in_V"": null, ""power_in_W"": null, ""rate_in_C"": 0.75, ""start_soc"": 1.0, ""start_voltage_in_V"": null, ""voltage_in_V"": null}]","[0, 1]",1161,1.0,1161.0,0.0,1.0,1,1.0,1.0,1.0,,,1,0.75,0.75,0.75,,,,
Stanford_2,Stanford_2/Stanford_Nova_Regular_140.pkl,99807665,Stanford_Nova_Regular_140,pouch,graphite,LiNi0.5Mn0.3Co0.2O2,,0.24,1.0,1.0,0,4.4,3.0,,,,,"[{""current_in_A"": null, ""end_soc"": 1.0, ""end_voltage_in_V"": null, ""power_in_W"": null, ""rate_in_C"": 1.0, ""start_soc"": 0.0, ""start_voltage_in_V"": null, ""voltage_in_V"": null}]","[{""current_in_A"": null, ""end_soc"": 0.0, ""end_voltage_in_V"": null, ""power_in_W"": null, ""rate_in_C"": 0.75, ""start_soc"": 1.0, ""start_voltage_in_V"": null, ""voltage_in_V"": null}]","[0, 1]",924,1.0,924.0,0.0,1.0,1,1.0,1.0,1.0,,,1,0.75,0.75,0.75,,,,
Stanford_2,Stanford_2/Stanford_Nova_Regular_141.pkl,91702049,Stanford_Nova_Regular_141,pouch,graphite,LiNi0.5Mn0.3Co0.2O2,,0.24,1.0,1.0,0,4.4,3.0,,,,,"[{""current_in_A"": null, ""end_soc"": 1.0, ""end_voltage_in_V"": null, ""power_in_W"": null, ""rate_in_C"": 1.0, ""start_soc"": 0.0, ""start_voltage_in_V"": null, ""voltage_in_V"": null}]","[{""current_in_A"": null, ""end_soc"": 0.0, ""end_voltage_in_V"": null, ""power_in_W"": null, ""rate_in_C"": 0.75, ""start_soc"": 1.0, ""start_voltage_in_V"": null, ""voltage_in_V"": null}]","[0, 1]",849,1.0,849.0,0.0,1.0,1,1.0,1.0,1.0,,,1,0.75,0.75,0.75,,,,
Stanford_2,Stanford_2/Stanford_Nova_Regular_142.pkl,110116750,Stanford_Nova_Regular_142,pouch,graphite,LiNi0.5Mn0.3Co0.2O2,,0.24,1.0,1.0,0,4.4,3.0,,,,,"[{""current_in_A"": null, ""end_soc"": 1.0, ""end_voltage_in_V"": null, ""power_in_W"": null, ""rate_in_C"": 1.0, ""start_soc"": 0.0, ""start_voltage_in_V"": null, ""voltage_in_V"": null}]","[{""current_in_A"": null, ""end_soc"": 0.0, ""end_voltage_in_V"": null, ""power_in_W"": null, ""rate_in_C"": 0.75, ""start_soc"": 1.0, ""start_voltage_in_V"": null, ""voltage_in_V"": null}]","[0, 1]",1019,1.0,1019.0,0.0,1.0,1,1.0,1.0,1.0,,,1,0.75,0.75,0.75,,,,
Stanford_2,Stanford_2/Stanford_Nova_Regular_143.pkl,140445061,Stanford_Nova_Regular_143,pouch,graphite,LiNi0.5Mn0.3Co0.2O2,,0.24,1.0,1.0,0,4.4,3.0,,,,,"[{""current_in_A"": null, ""end_soc"": 1.0, ""end_voltage_in_V"": null, ""power_in_W"": null, ""rate_in_C"": 1.0, ""start_soc"": 0.0, ""start_voltage_in_V"": null, ""voltage_in_V"": null}]","[{""current_in_A"": null, ""end_soc"": 0.0, ""end_voltage_in_V"": null, ""power_in_W"": null, ""rate_in_C"": 0.75, ""start_soc"": 1.0, ""start_voltage_in_V"": null, ""voltage_in_V"": null}]","[0, 1]",1300,1.0,1300.0,0.0,1.0,1,1.0,1.0,1.0,,,1,0.75,0.75,0.75,,,,
Stanford_2,Stanford_2/Stanford_Nova_Regular_144.pkl,100884320,Stanford_Nova_Regular_144,pouch,graphite,LiNi0.5Mn0.3Co0.2O2,,0.24,1.0,1.0,0,4.4,3.0,,,,,"[{""current_in_A"": null, ""end_soc"": 1.0, ""end_voltage_in_V"": null, ""power_in_W"": null, ""rate_in_C"": 1.0, ""start_soc"": 0.0, ""start_voltage_in_V"": null, ""voltage_in_V"": null}]","[{""current_in_A"": null, ""end_soc"": 0.0, ""end_voltage_in_V"": null, ""power_in_W"": null, ""rate_in_C"": 0.75, ""start_soc"": 1.0, ""start_voltage_in_V"": null, ""voltage_in_V"": null}]","[0, 1]",935,1.0,935.0,0.0,1.0,1,1.0,1.0,1.0,,,1,0.75,0.75,0.75,,,,
Stanford_2,Stanford_2/Stanford_Nova_Regular_145.pkl,99482576,Stanford_Nova_Regular_145,pouch,graphite,LiNi0.5Mn0.3Co0.2O2,,0.24,1.0,1.0,0,4.4,3.0,,,,,"[{""current_in_A"": null, ""end_soc"": 1.0, ""end_voltage_in_V"": null, ""power_in_W"": null, ""rate_in_C"": 1.0, ""start_soc"": 0.0, ""start_voltage_in_V"": null, ""voltage_in_V"": null}]","[{""current_in_A"": null, ""end_soc"": 0.0, ""end_voltage_in_V"": null, ""power_in_W"": null, ""rate_in_C"": 0.75, ""start_soc"": 1.0, ""start_voltage_in_V"": null, ""voltage_in_V"": null}]","[0, 1]",921,1.0,921.0,0.0,1.0,1,1.0,1.0,1.0,,,1,0.75,0.75,0.75,,,,
Stanford_2,Stanford_2/Stanford_Nova_Regular_146.pkl,99371852,Stanford_Nova_Regular_146,pouch,graphite,LiNi0.5Mn0.3Co0.2O2,,0.24,1.0,1.0,0,4.4,3.0,,,,,"[{""current_in_A"": null, ""end_soc"": 1.0, ""end_voltage_in_V"": null, ""power_in_W"": null, ""rate_in_C"": 1.0, ""start_soc"": 0.0, ""start_voltage_in_V"": null, ""voltage_in_V"": null}]","[{""current_in_A"": null, ""end_soc"": 0.0, ""end_voltage_in_V"": null, ""power_in_W"": null, ""rate_in_C"": 0.75, ""start_soc"": 1.0, ""start_voltage_in_V"": null, ""voltage_in_V"": null}]","[0, 1]",920,1.0,920.0,0.0,1.0,1,1.0,1.0,1.0,,,1,0.75,0.75,0.75,,,,
Stanford_2,Stanford_2/Stanford_Nova_Regular_147.pkl,96942419,Stanford_Nova_Regular_147,pouch,graphite,LiNi0.5Mn0.3Co0.2O2,,0.24,1.0,1.0,0,4.4,3.0,,,,,"[{""current_in_A"": null, ""end_soc"": 1.0, ""end_voltage_in_V"": null, ""power_in_W"": null, ""rate_in_C"": 1.0, ""start_soc"": 0.0, ""start_voltage_in_V"": null, ""voltage_in_V"": null}]","[{""current_in_A"": null, ""end_soc"": 0.0, ""end_voltage_in_V"": null, ""power_in_W"": null, ""rate_in_C"": 0.75, ""start_soc"": 1.0, ""start_voltage_in_V"": null, ""voltage_in_V"": null}]","[0, 1]",897,1.0,897.0,0.0,1.0,1,1.0,1.0,1.0,,,1,0.75,0.75,0.75,,,,
Stanford_2,Stanford_2/Stanford_Nova_Regular_148.pkl,110034499,Stanford_Nova_Regular_148,pouch,graphite,LiNi0.5Mn0.3Co0.2O2,,0.24,1.0,1.0,0,4.4,3.0,,,,,"[{""current_in_A"": null, ""end_soc"": 1.0, ""end_voltage_in_V"": null, ""power_in_W"": null, ""rate_in_C"": 1.0, ""start_soc"": 0.0, ""start_voltage_in_V"": null, ""voltage_in_V"": null}]","[{""current_in_A"": null, ""end_soc"": 0.0, ""end_voltage_in_V"": null, ""power_in_W"": null, ""rate_in_C"": 0.75, ""start_soc"": 1.0, ""start_voltage_in_V"": null, ""voltage_in_V"": null}]","[0, 1]",1019,1.0,1019.0,0.0,1.0,1,1.0,1.0,1.0,,,1,0.75,0.75,0.75,,,,
Stanford_2,Stanford_2/Stanford_Nova_Regular_149.pkl,116805022,Stanford_Nova_Regular_149,pouch,graphite,LiNi0.5Mn0.3Co0.2O2,,0.24,1.0,1.0,0,4.4,3.0,,,,,"[{""current_in_A"": null, ""end_soc"": 1.0, ""end_voltage_in_V"": null, ""power_in_W"": null, ""rate_in_C"": 1.0, ""start_soc"": 0.0, ""start_voltage_in_V"": null, ""voltage_in_V"": null}]","[{""current_in_A"": null, ""end_soc"": 0.0, ""end_voltage_in_V"": null, ""power_in_W"": null, ""rate_in_C"": 0.75, ""start_soc"": 1.0, ""start_voltage_in_V"": null, ""voltage_in_V"": null}]","[0, 1]",1083,1.0,1083.0,0.0,1.0,1,1.0,1.0,1.0,,,1,0.75,0.75,0.75,,,,
Stanford_2,Stanford_2/Stanford_Nova_Regular_150.pkl,92484995,Stanford_Nova_Regular_150,pouch,graphite,LiNi0.5Mn0.3Co0.2O2,,0.24,1.0,1.0,0,4.4,3.0,,,,,"[{""current_in_A"": null, ""end_soc"": 1.0, ""end_voltage_in_V"": null, ""power_in_W"": null, ""rate_in_C"": 1.0, ""start_soc"": 0.0, ""start_voltage_in_V"": null, ""voltage_in_V"": null}]","[{""current_in_A"": null, ""end_soc"": 0.0, ""end_voltage_in_V"": null, ""power_in_W"": null, ""rate_in_C"": 0.75, ""start_soc"": 1.0, ""start_voltage_in_V"": null, ""voltage_in_V"": null}]","[0, 1]",856,1.0,856.0,0.0,1.0,1,1.0,1.0,1.0,,,1,0.75,0.75,0.75,,,,
Stanford_2,Stanford_2/Stanford_Nova_Regular_151.pkl,99699587,Stanford_Nova_Regular_151,pouch,graphite,LiNi0.5Mn0.3Co0.2O2,,0.24,1.0,1.0,0,4.4,3.0,,,,,"[{""current_in_A"": null, ""end_soc"": 1.0, ""end_voltage_in_V"": null, ""power_in_W"": null, ""rate_in_C"": 1.0, ""start_soc"": 0.0, ""start_voltage_in_V"": null, ""voltage_in_V"": null}]","[{""current_in_A"": null, ""end_soc"": 0.0, ""end_voltage_in_V"": null, ""power_in_W"": null, ""rate_in_C"": 0.75, ""start_soc"": 1.0, ""start_voltage_in_V"": null, ""voltage_in_V"": null}]","[0, 1]",923,1.0,923.0,0.0,1.0,1,1.0,1.0,1.0,,,1,0.75,0.75,0.75,,,,
Stanford_2,Stanford_2/Stanford_Nova_Regular_152.pkl,108140134,Stanford_Nova_Regular_152,pouch,graphite,LiNi0.5Mn0.3Co0.2O2,,0.24,1.0,1.0,0,4.4,3.0,,,,,"[{""current_in_A"": null, ""end_soc"": 1.0, ""end_voltage_in_V"": null, ""power_in_W"": null, ""rate_in_C"": 1.0, ""start_soc"": 0.0, ""start_voltage_in_V"": null, ""voltage_in_V"": null}]","[{""current_in_A"": null, ""end_soc"": 0.0, ""end_voltage_in_V"": null, ""power_in_W"": null, ""rate_in_C"": 0.75, ""start_soc"": 1.0, ""start_voltage_in_V"": null, ""voltage_in_V"": null}]","[0, 1]",1001,1.0,1001.0,0.0,1.0,1,1.0,1.0,1.0,,,1,0.75,0.75,0.75,,,,
Stanford_2,Stanford_2/Stanford_Nova_Regular_154.pkl,103172312,Stanford_Nova_Regular_154,pouch,graphite,LiNi0.5Mn0.3Co0.2O2,,0.24,1.0,1.0,0,4.4,3.0,,,,,"[{""current_in_A"": null, ""end_soc"": 1.0, ""end_voltage_in_V"": null, ""power_in_W"": null, ""rate_in_C"": 1.0, ""start_soc"": 0.0, ""start_voltage_in_V"": null, ""voltage_in_V"": null}]","[{""current_in_A"": null, ""end_soc"": 0.0, ""end_voltage_in_V"": null, ""power_in_W"": null, ""rate_in_C"": 0.75, ""start_soc"": 1.0, ""start_voltage_in_V"": null, ""voltage_in_V"": null}]","[0, 1]",956,1.0,956.0,0.0,1.0,1,1.0,1.0,1.0,,,1,0.75,0.75,0.75,,,,
Stanford_2,Stanford_2/Stanford_Nova_Regular_155.pkl,100888472,Stanford_Nova_Regular_155,pouch,graphite,LiNi0.5Mn0.3Co0.2O2,,0.24,1.0,1.0,0,4.4,3.0,,,,,"[{""current_in_A"": null, ""end_soc"": 1.0, ""end_voltage_in_V"": null, ""power_in_W"": null, ""rate_in_C"": 1.0, ""start_soc"": 0.0, ""start_voltage_in_V"": null, ""voltage_in_V"": null}]","[{""current_in_A"": null, ""end_soc"": 0.0, ""end_voltage_in_V"": null, ""power_in_W"": null, ""rate_in_C"": 0.75, ""start_soc"": 1.0, ""start_voltage_in_V"": null, ""voltage_in_V"": null}]","[0, 1]",934,1.0,934.0,0.0,1.0,1,1.0,1.0,1.0,,,1,0.75,0.75,0.75,,,,
Stanford_2,Stanford_2/Stanford_Nova_Regular_156.pkl,108652846,Stanford_Nova_Regular_156,pouch,graphite,LiNi0.5Mn0.3Co0.2O2,,0.24,1.0,1.0,0,4.4,3.0,,,,,"[{""current_in_A"": null, ""end_soc"": 1.0, ""end_voltage_in_V"": null, ""power_in_W"": null, ""rate_in_C"": 1.0, ""start_soc"": 0.0, ""start_voltage_in_V"": null, ""voltage_in_V"": null}]","[{""current_in_A"": null, ""end_soc"": 0.0, ""end_voltage_in_V"": null, ""power_in_W"": null, ""rate_in_C"": 0.75, ""start_soc"": 1.0, ""start_voltage_in_V"": null, ""voltage_in_V"": null}]","[0, 1]",1006,1.0,1006.0,0.0,1.0,1,1.0,1.0,1.0,,,1,0.75,0.75,0.75,,,,
Stanford_2,Stanford_2/Stanford_Nova_Regular_157.pkl,115368775,Stanford_Nova_Regular_157,pouch,graphite,LiNi0.5Mn0.3Co0.2O2,,0.24,1.0,1.0,0,4.4,3.0,,,,,"[{""current_in_A"": null, ""end_soc"": 1.0, ""end_voltage_in_V"": null, ""power_in_W"": null, ""rate_in_C"": 1.0, ""start_soc"": 0.0, ""start_voltage_in_V"": null, ""voltage_in_V"": null}]","[{""current_in_A"": null, ""end_soc"": 0.0, ""end_voltage_in_V"": null, ""power_in_W"": null, ""rate_in_C"": 0.75, ""start_soc"": 1.0, ""start_voltage_in_V"": null, ""voltage_in_V"": null}]","[0, 1]",1068,1.0,1068.0,0.0,1.0,1,1.0,1.0,1.0,,,1,0.75,0.75,0.75,,,,
Stanford_2,Stanford_2/Stanford_Nova_Regular_158.pkl,100174625,Stanford_Nova_Regular_158,pouch,graphite,LiNi0.5Mn0.3Co0.2O2,,0.24,1.0,1.0,0,4.4,3.0,,,,,"[{""current_in_A"": null, ""end_soc"": 1.0, ""end_voltage_in_V"": null, ""power_in_W"": null, ""rate_in_C"": 1.0, ""start_soc"": 0.0, ""start_voltage_in_V"": null, ""voltage_in_V"": null}]","[{""current_in_A"": null, ""end_soc"": 0.0, ""end_voltage_in_V"": null, ""power_in_W"": null, ""rate_in_C"": 0.75, ""start_soc"": 1.0, ""start_voltage_in_V"": null, ""voltage_in_V"": null}]","[0, 1]",927,1.0,927.0,0.0,1.0,1,1.0,1.0,1.0,,,1,0.75,0.75,0.75,,,,
Stanford_2,Stanford_2/Stanford_Nova_Regular_159.pkl,104616272,Stanford_Nova_Regular_159,pouch,graphite,LiNi0.5Mn0.3Co0.2O2,,0.24,1.0,1.0,0,4.4,3.0,,,,,"[{""current_in_A"": null, ""end_soc"": 1.0, ""end_voltage_in_V"": null, ""power_in_W"": null, ""rate_in_C"": 1.0, ""start_soc"": 0.0, ""start_voltage_in_V"": null, ""voltage_in_V"": null}]","[{""current_in_A"": null, ""end_soc"": 0.0, ""end_voltage_in_V"": null, ""power_in_W"": null, ""rate_in_C"": 0.75, ""start_soc"": 1.0, ""start_voltage_in_V"": null, ""voltage_in_V"": null}]","[0, 1]",968,1.0,968.0,0.0,1.0,1,1.0,1.0,1.0,,,1,0.75,0.75,0.75,,,,
Stanford_2,Stanford_2/Stanford_Nova_Regular_160.pkl,109317118,Stanford_Nova_Regular_160,pouch,graphite,LiNi0.5Mn0.3Co0.2O2,,0.24,1.0,1.0,0,4.4,3.0,,,,,"[{""current_in_A"": null, ""end_soc"": 1.0, ""end_voltage_in_V"": null, ""power_in_W"": null, ""rate_in_C"": 1.0, ""start_soc"": 0.0, ""start_voltage_in_V"": null, ""voltage_in_V"": null}]","[{""current_in_A"": null, ""end_soc"": 0.0, ""end_voltage_in_V"": null, ""power_in_W"": null, ""rate_in_C"": 0.75, ""start_soc"": 1.0, ""start_voltage_in_V"": null, ""voltage_in_V"": null}]","[0, 1]",1012,1.0,1012.0,0.0,1.0,1,1.0,1.0,1.0,,,1,0.75,0.75,0.75,,,,
Stanford_2,Stanford_2/Stanford_Nova_Regular_161.pkl,99483494,Stanford_Nova_Regular_161,pouch,graphite,LiNi0.5Mn0.3Co0.2O2,,0.24,1.0,1.0,0,4.4,3.0,,,,,"[{""current_in_A"": null, ""end_soc"": 1.0, ""end_voltage_in_V"": null, ""power_in_W"": null, ""rate_in_C"": 1.0, ""start_soc"": 0.0, ""start_voltage_in_V"": null, ""voltage_in_V"": null}]","[{""current_in_A"": null, ""end_soc"": 0.0, ""end_voltage_in_V"": null, ""power_in_W"": null, ""rate_in_C"": 0.75, ""start_soc"": 1.0, ""start_voltage_in_V"": null, ""voltage_in_V"": null}]","[0, 1]",921,1.0,921.0,0.0,1.0,1,1.0,1.0,1.0,,,1,0.75,0.75,0.75,,,,
Stanford_2,Stanford_2/Stanford_Nova_Regular_162.pkl,94836275,Stanford_Nova_Regular_162,pouch,graphite,LiNi0.5Mn0.3Co0.2O2,,0.24,1.0,1.0,0,4.4,3.0,,,,,"[{""current_in_A"": null, ""end_soc"": 1.0, ""end_voltage_in_V"": null, ""power_in_W"": null, ""rate_in_C"": 1.0, ""start_soc"": 0.0, ""start_voltage_in_V"": null, ""voltage_in_V"": null}]","[{""current_in_A"": null, ""end_soc"": 0.0, ""end_voltage_in_V"": null, ""power_in_W"": null, ""rate_in_C"": 0.75, ""start_soc"": 1.0, ""start_voltage_in_V"": null, ""voltage_in_V"": null}]","[0, 1]",878,1.0,878.0,0.0,1.0,1,1.0,1.0,1.0,,,1,0.75,0.75,0.75,,,,
Stanford_2,Stanford_2/Stanford_Nova_Regular_163.pkl,123302968,Stanford_Nova_Regular_163,pouch,graphite,LiNi0.5Mn0.3Co0.2O2,,0.24,1.0,1.0,0,4.4,3.0,,,,,"[{""current_in_A"": null, ""end_soc"": 1.0, ""end_voltage_in_V"": null, ""power_in_W"": null, ""rate_in_C"": 1.0, ""start_soc"": 0.0, ""start_voltage_in_V"": null, ""voltage_in_V"": null}]","[{""current_in_A"": null, ""end_soc"": 0.0, ""end_voltage_in_V"": null, ""power_in_W"": null, ""rate_in_C"": 0.75, ""start_soc"": 1.0, ""start_voltage_in_V"": null, ""voltage_in_V"": null}]","[0, 1]",1141,1.0,1141.0,0.0,1.0,1,1.0,1.0,1.0,,,1,0.75,0.75,0.75,,,,
Stanford_2,Stanford_2/Stanford_Nova_Regular_165.pkl,134606308,Stanford_Nova_Regular_165,pouch,graphite,LiNi0.5Mn0.3Co0.2O2,,0.24,1.0,1.0,0,4.4,3.0,,,,,"[{""current_in_A"": null, ""end_soc"": 1.0, ""end_voltage_in_V"": null, ""power_in_W"": null, ""rate_in_C"": 1.0, ""start_soc"": 0.0, ""start_voltage_in_V"": null, ""voltage_in_V"": null}]","[{""current_in_A"": null, ""end_soc"": 0.0, ""end_voltage_in_V"": null, ""power_in_W"": null, ""rate_in_C"": 0.75, ""start_soc"": 1.0, ""start_voltage_in_V"": null, ""voltage_in_V"": null}]","[0, 1]",1246,1.0,1246.0,0.0,1.0,1,1.0,1.0,1.0,,,1,0.75,0.75,0.75,,,,
Stanford_2,Stanford_2/Stanford_Nova_Regular_166.pkl,100126004,Stanford_Nova_Regular_166,pouch,graphite,LiNi0.5Mn0.3Co0.2O2,,0.24,1.0,1.0,0,4.4,3.0,,,,,"[{""current_in_A"": null, ""end_soc"": 1.0, ""end_voltage_in_V"": null, ""power_in_W"": null, ""rate_in_C"": 1.0, ""start_soc"": 0.0, ""start_voltage_in_V"": null, ""voltage_in_V"": null}]","[{""current_in_A"": null, ""end_soc"": 0.0, ""end_voltage_in_V"": null, ""power_in_W"": null, ""rate_in_C"": 0.75, ""start_soc"": 1.0, ""start_voltage_in_V"": null, ""voltage_in_V"": null}]","[0, 1]",927,1.0,927.0,0.0,1.0,1,1.0,1.0,1.0,,,1,0.75,0.75,0.75,,,,
Stanford_2,Stanford_2/Stanford_Nova_Regular_167.pkl,107264723,Stanford_Nova_Regular_167,pouch,graphite,LiNi0.5Mn0.3Co0.2O2,,0.24,1.0,1.0,0,4.4,3.0,,,,,"[{""current_in_A"": null, ""end_soc"": 1.0, ""end_voltage_in_V"": null, ""power_in_W"": null, ""rate_in_C"": 1.0, ""start_soc"": 0.0, ""start_voltage_in_V"": null, ""voltage_in_V"": null}]","[{""current_in_A"": null, ""end_soc"": 0.0, ""end_voltage_in_V"": null, ""power_in_W"": null, ""rate_in_C"": 0.75, ""start_soc"": 1.0, ""start_voltage_in_V"": null, ""voltage_in_V"": null}]","[0, 1]",993,1.0,993.0,0.0,1.0,1,1.0,1.0,1.0,,,1,0.75,0.75,0.75,,,,
Stanford_2,Stanford_2/Stanford_Nova_Regular_168.pkl,103580621,Stanford_Nova_Regular_168,pouch,graphite,LiNi0.5Mn0.3Co0.2O2,,0.24,1.0,1.0,0,4.4,3.0,,,,,"[{""current_in_A"": null, ""end_soc"": 1.0, ""end_voltage_in_V"": null, ""power_in_W"": null, ""rate_in_C"": 1.0, ""start_soc"": 0.0, ""start_voltage_in_V"": null, ""voltage_in_V"": null}]","[{""current_in_A"": null, ""end_soc"": 0.0, ""end_voltage_in_V"": null, ""power_in_W"": null, ""rate_in_C"": 0.75, ""start_soc"": 1.0, ""start_voltage_in_V"": null, ""voltage_in_V"": null}]","[0, 1]",959,1.0,959.0,0.0,1.0,1,1.0,1.0,1.0,,,1,0.75,0.75,0.75,,,,
Stanford_2,Stanford_2/Stanford_Nova_Regular_169.pkl,99537191,Stanford_Nova_Regular_169,pouch,graphite,LiNi0.5Mn0.3Co0.2O2,,0.24,1.0,1.0,0,4.4,3.0,,,,,"[{""current_in_A"": null, ""end_soc"": 1.0, ""end_voltage_in_V"": null, ""power_in_W"": null, ""rate_in_C"": 1.0, ""start_soc"": 0.0, ""start_voltage_in_V"": null, ""voltage_in_V"": null}]","[{""current_in_A"": null, ""end_soc"": 0.0, ""end_voltage_in_V"": null, ""power_in_W"": null, ""rate_in_C"": 0.75, ""start_soc"": 1.0, ""start_voltage_in_V"": null, ""voltage_in_V"": null}]","[0, 1]",921,1.0,921.0,0.0,1.0,1,1.0,1.0,1.0,,,1,0.75,0.75,0.75,,,,
Stanford_2,Stanford_2/Stanford_Nova_Regular_170.pkl,110182201,Stanford_Nova_Regular_170,pouch,graphite,LiNi0.5Mn0.3Co0.2O2,,0.24,1.0,1.0,0,4.4,3.0,,,,,"[{""current_in_A"": null, ""end_soc"": 1.0, ""end_voltage_in_V"": null, ""power_in_W"": null, ""rate_in_C"": 1.0, ""start_soc"": 0.0, ""start_voltage_in_V"": null, ""voltage_in_V"": null}]","[{""current_in_A"": null, ""end_soc"": 0.0, ""end_voltage_in_V"": null, ""power_in_W"": null, ""rate_in_C"": 0.75, ""start_soc"": 1.0, ""start_voltage_in_V"": null, ""voltage_in_V"": null}]","[0, 1]",1020,1.0,1020.0,0.0,1.0,1,1.0,1.0,1.0,,,1,0.75,0.75,0.75,,,,
Stanford_2,Stanford_2/Stanford_Nova_Regular_171.pkl,100222463,Stanford_Nova_Regular_171,pouch,graphite,LiNi0.5Mn0.3Co0.2O2,,0.24,1.0,1.0,0,4.4,3.0,,,,,"[{""current_in_A"": null, ""end_soc"": 1.0, ""end_voltage_in_V"": null, ""power_in_W"": null, ""rate_in_C"": 1.0, ""start_soc"": 0.0, ""start_voltage_in_V"": null, ""voltage_in_V"": null}]","[{""current_in_A"": null, ""end_soc"": 0.0, ""end_voltage_in_V"": null, ""power_in_W"": null, ""rate_in_C"": 0.75, ""start_soc"": 1.0, ""start_voltage_in_V"": null, ""voltage_in_V"": null}]","[0, 1]",928,1.0,928.0,0.0,1.0,1,1.0,1.0,1.0,,,1,0.75,0.75,0.75,,,,
Stanford_2,Stanford_2/Stanford_Nova_Regular_172.pkl,101969216,Stanford_Nova_Regular_172,pouch,graphite,LiNi0.5Mn0.3Co0.2O2,,0.24,1.0,1.0,0,4.4,3.0,,,,,"[{""current_in_A"": null, ""end_soc"": 1.0, ""end_voltage_in_V"": null, ""power_in_W"": null, ""rate_in_C"": 1.0, ""start_soc"": 0.0, ""start_voltage_in_V"": null, ""voltage_in_V"": null}]","[{""current_in_A"": null, ""end_soc"": 0.0, ""end_voltage_in_V"": null, ""power_in_W"": null, ""rate_in_C"": 0.75, ""start_soc"": 1.0, ""start_voltage_in_V"": null, ""voltage_in_V"": null}]","[0, 1]",944,1.0,944.0,0.0,1.0,1,1.0,1.0,1.0,,,1,0.75,0.75,0.75,,,,
Stanford_2,Stanford_2/Stanford_Nova_Regular_173.pkl,107696381,Stanford_Nova_Regular_173,pouch,graphite,LiNi0.5Mn0.3Co0.2O2,,0.24,1.0,1.0,0,4.4,3.0,,,,,"[{""current_in_A"": null, ""end_soc"": 1.0, ""end_voltage_in_V"": null, ""power_in_W"": null, ""rate_in_C"": 1.0, ""start_soc"": 0.0, ""start_voltage_in_V"": null, ""voltage_in_V"": null}]","[{""current_in_A"": null, ""end_soc"": 0.0, ""end_voltage_in_V"": null, ""power_in_W"": null, ""rate_in_C"": 0.75, ""start_soc"": 1.0, ""start_voltage_in_V"": null, ""voltage_in_V"": null}]","[0, 1]",997,1.0,997.0,0.0,1.0,1,1.0,1.0,1.0,,,1,0.75,0.75,0.75,,,,
Stanford_2,Stanford_2/Stanford_Nova_Regular_174.pkl,104015363,Stanford_Nova_Regular_174,pouch,graphite,LiNi0.5Mn0.3Co0.2O2,,0.24,1.0,1.0,0,4.4,3.0,,,,,"[{""current_in_A"": null, ""end_soc"": 1.0, ""end_voltage_in_V"": null, ""power_in_W"": null, ""rate_in_C"": 1.0, ""start_soc"": 0.0, ""start_voltage_in_V"": null, ""voltage_in_V"": null}]","[{""current_in_A"": null, ""end_soc"": 0.0, ""end_voltage_in_V"": null, ""power_in_W"": null, ""rate_in_C"": 0.75, ""start_soc"": 1.0, ""start_voltage_in_V"": null, ""voltage_in_V"": null}]","[0, 1]",964,1.0,964.0,0.0,1.0,1,1.0,1.0,1.0,,,1,0.75,0.75,0.75,,,,
Stanford_2,Stanford_2/Stanford_Nova_Regular_175.pkl,99875828,Stanford_Nova_Regular_175,pouch,graphite,LiNi0.5Mn0.3Co0.2O2,,0.24,1.0,1.0,0,4.4,3.0,,,,,"[{""current_in_A"": null, ""end_soc"": 1.0, ""end_voltage_in_V"": null, ""power_in_W"": null, ""rate_in_C"": 1.0, ""start_soc"": 0.0, ""start_voltage_in_V"": null, ""voltage_in_V"": null}]","[{""current_in_A"": null, ""end_soc"": 0.0, ""end_voltage_in_V"": null, ""power_in_W"": null, ""rate_in_C"": 0.75, ""start_soc"": 1.0, ""start_voltage_in_V"": null, ""voltage_in_V"": null}]","[0, 1]",925,1.0,925.0,0.0,1.0,1,1.0,1.0,1.0,,,1,0.75,0.75,0.75,,,,
Stanford_2,Stanford_2/Stanford_Nova_Regular_176.pkl,103176575,Stanford_Nova_Regular_176,pouch,graphite,LiNi0.5Mn0.3Co0.2O2,,0.24,1.0,1.0,0,4.4,3.0,,,,,"[{""current_in_A"": null, ""end_soc"": 1.0, ""end_voltage_in_V"": null, ""power_in_W"": null, ""rate_in_C"": 1.0, ""start_soc"": 0.0, ""start_voltage_in_V"": null, ""voltage_in_V"": null}]","[{""current_in_A"": null, ""end_soc"": 0.0, ""end_voltage_in_V"": null, ""power_in_W"": null, ""rate_in_C"": 0.75, ""start_soc"": 1.0, ""start_voltage_in_V"": null, ""voltage_in_V"": null}]","[0, 1]",956,1.0,956.0,0.0,1.0,1,1.0,1.0,1.0,,,1,0.75,0.75,0.75,,,,
Stanford_2,Stanford_2/Stanford_Nova_Regular_177.pkl,99244085,Stanford_Nova_Regular_177,pouch,graphite,LiNi0.5Mn0.3Co0.2O2,,0.24,1.0,1.0,0,4.4,3.0,,,,,"[{""current_in_A"": null, ""end_soc"": 1.0, ""end_voltage_in_V"": null, ""power_in_W"": null, ""rate_in_C"": 1.0, ""start_soc"": 0.0, ""start_voltage_in_V"": null, ""voltage_in_V"": null}]","[{""current_in_A"": null, ""end_soc"": 0.0, ""end_voltage_in_V"": null, ""power_in_W"": null, ""rate_in_C"": 0.75, ""start_soc"": 1.0, ""start_voltage_in_V"": null, ""voltage_in_V"": null}]","[0, 1]",919,1.0,919.0,0.0,1.0,1,1.0,1.0,1.0,,,1,0.75,0.75,0.75,,,,
Stanford_2,Stanford_2/Stanford_Nova_Regular_178.pkl,101482703,Stanford_Nova_Regular_178,pouch,graphite,LiNi0.5Mn0.3Co0.2O2,,0.24,1.0,1.0,0,4.4,3.0,,,,,"[{""current_in_A"": null, ""end_soc"": 1.0, ""end_voltage_in_V"": null, ""power_in_W"": null, ""rate_in_C"": 1.0, ""start_soc"": 0.0, ""start_voltage_in_V"": null, ""voltage_in_V"": null}]","[{""current_in_A"": null, ""end_soc"": 0.0, ""end_voltage_in_V"": null, ""power_in_W"": null, ""rate_in_C"": 0.75, ""start_soc"": 1.0, ""start_voltage_in_V"": null, ""voltage_in_V"": null}]","[0, 1]",939,1.0,939.0,0.0,1.0,1,1.0,1.0,1.0,,,1,0.75,0.75,0.75,,,,
Stanford_2,Stanford_2/Stanford_Nova_Regular_179.pkl,99866324,Stanford_Nova_Regular_179,pouch,graphite,LiNi0.5Mn0.3Co0.2O2,,0.24,1.0,1.0,0,4.4,3.0,,,,,"[{""current_in_A"": null, ""end_soc"": 1.0, ""end_voltage_in_V"": null, ""power_in_W"": null, ""rate_in_C"": 1.0, ""start_soc"": 0.0, ""start_voltage_in_V"": null, ""voltage_in_V"": null}]","[{""current_in_A"": null, ""end_soc"": 0.0, ""end_voltage_in_V"": null, ""power_in_W"": null, ""rate_in_C"": 0.75, ""start_soc"": 1.0, ""start_voltage_in_V"": null, ""voltage_in_V"": null}]","[0, 1]",925,1.0,925.0,0.0,1.0,1,1.0,1.0,1.0,,,1,0.75,0.75,0.75,,,,
Stanford_2,Stanford_2/Stanford_Nova_Regular_180.pkl,93117461,Stanford_Nova_Regular_180,pouch,graphite,LiNi0.5Mn0.3Co0.2O2,,0.24,1.0,1.0,0,4.4,3.0,,,,,"[{""current_in_A"": null, ""end_soc"": 1.0, ""end_voltage_in_V"": null, ""power_in_W"": null, ""rate_in_C"": 1.0, ""start_soc"": 0.0, ""start_voltage_in_V"": null, ""voltage_in_V"": null}]","[{""current_in_A"": null, ""end_soc"": 0.0, ""end_voltage_in_V"": null, ""power_in_W"": null, ""rate_in_C"": 0.75, ""start_soc"": 1.0, ""start_voltage_in_V"": null, ""voltage_in_V"": null}]","[0, 1]",862,1.0,862.0,0.0,1.0,1,1.0,1.0,1.0,,,1,0.75,0.75,0.75,,,,
Stanford_2,Stanford_2/Stanford_Nova_Regular_181.pkl,91382273,Stanford_Nova_Regular_181,pouch,graphite,LiNi0.5Mn0.3Co0.2O2,,0.24,1.0,1.0,0,4.4,3.0,,,,,"[{""current_in_A"": null, ""end_soc"": 1.0, ""end_voltage_in_V"": null, ""power_in_W"": null, ""rate_in_C"": 1.0, ""start_soc"": 0.0, ""start_voltage_in_V"": null, ""voltage_in_V"": null}]","[{""current_in_A"": null, ""end_soc"": 0.0, ""end_voltage_in_V"": null, ""power_in_W"": null, ""rate_in_C"": 0.75, ""start_soc"": 1.0, ""start_voltage_in_V"": null, ""voltage_in_V"": null}]","[0, 1]",846,1.0,846.0,0.0,1.0,1,1.0,1.0,1.0,,,1,0.75,0.75,0.75,,,,
Stanford_2,Stanford_2/Stanford_Nova_Regular_182.pkl,100660820,Stanford_Nova_Regular_182,pouch,graphite,LiNi0.5Mn0.3Co0.2O2,,0.24,1.0,1.0,0,4.4,3.0,,,,,"[{""current_in_A"": null, ""end_soc"": 1.0, ""end_voltage_in_V"": null, ""power_in_W"": null, ""rate_in_C"": 1.0, ""start_soc"": 0.0, ""start_voltage_in_V"": null, ""voltage_in_V"": null}]","[{""current_in_A"": null, ""end_soc"": 0.0, ""end_voltage_in_V"": null, ""power_in_W"": null, ""rate_in_C"": 0.75, ""start_soc"": 1.0, ""start_voltage_in_V"": null, ""voltage_in_V"": null}]","[0, 1]",933,1.0,933.0,0.0,1.0,1,1.0,1.0,1.0,,,1,0.75,0.75,0.75,,,,
Stanford_2,Stanford_2/Stanford_Nova_Regular_183.pkl,109912009,Stanford_Nova_Regular_183,pouch,graphite,LiNi0.5Mn0.3Co0.2O2,,0.24,1.0,1.0,0,4.4,3.0,,,,,"[{""current_in_A"": null, ""end_soc"": 1.0, ""end_voltage_in_V"": null, ""power_in_W"": null, ""rate_in_C"": 1.0, ""start_soc"": 0.0, ""start_voltage_in_V"": null, ""voltage_in_V"": null}]","[{""current_in_A"": null, ""end_soc"": 0.0, ""end_voltage_in_V"": null, ""power_in_W"": null, ""rate_in_C"": 0.75, ""start_soc"": 1.0, ""start_voltage_in_V"": null, ""voltage_in_V"": null}]","[0, 1]",1019,1.0,1019.0,0.0,1.0,1,1.0,1.0,1.0,,,1,0.75,0.75,0.75,,,,
Stanford_2,Stanford_2/Stanford_Nova_Regular_184.pkl,89651828,Stanford_Nova_Regular_184,pouch,graphite,LiNi0.5Mn0.3Co0.2O2,,0.24,1.0,1.0,0,4.4,3.0,,,,,"[{""current_in_A"": null, ""end_soc"": 1.0, ""end_voltage_in_V"": null, ""power_in_W"": null, ""rate_in_C"": 1.0, ""start_soc"": 0.0, ""start_voltage_in_V"": null, ""voltage_in_V"": null}]","[{""current_in_A"": null, ""end_soc"": 0.0, ""end_voltage_in_V"": null, ""power_in_W"": null, ""rate_in_C"": 0.75, ""start_soc"": 1.0, ""start_voltage_in_V"": null, ""voltage_in_V"": null}]","[0, 1]",830,1.0,830.0,0.0,1.0,1,1.0,1.0,1.0,,,1,0.75,0.75,0.75,,,,
Stanford_2,Stanford_2/Stanford_Nova_Regular_185.pkl,101406764,Stanford_Nova_Regular_185,pouch,graphite,LiNi0.5Mn0.3Co0.2O2,,0.24,1.0,1.0,0,4.4,3.0,,,,,"[{""current_in_A"": null, ""end_soc"": 1.0, ""end_voltage_in_V"": null, ""power_in_W"": null, ""rate_in_C"": 1.0, ""start_soc"": 0.0, ""start_voltage_in_V"": null, ""voltage_in_V"": null}]","[{""current_in_A"": null, ""end_soc"": 0.0, ""end_voltage_in_V"": null, ""power_in_W"": null, ""rate_in_C"": 0.75, ""start_soc"": 1.0, ""start_voltage_in_V"": null, ""voltage_in_V"": null}]","[0, 1]",940,1.0,940.0,0.0,1.0,1,1.0,1.0,1.0,,,1,0.75,0.75,0.75,,,,
Stanford_2,Stanford_2/Stanford_Nova_Regular_186.pkl,101381585,Stanford_Nova_Regular_186,pouch,graphite,LiNi0.5Mn0.3Co0.2O2,,0.24,1.0,1.0,0,4.4,3.0,,,,,"[{""current_in_A"": null, ""end_soc"": 1.0, ""end_voltage_in_V"": null, ""power_in_W"": null, ""rate_in_C"": 1.0, ""start_soc"": 0.0, ""start_voltage_in_V"": null, ""voltage_in_V"": null}]","[{""current_in_A"": null, ""end_soc"": 0.0, ""end_voltage_in_V"": null, ""power_in_W"": null, ""rate_in_C"": 0.75, ""start_soc"": 1.0, ""start_voltage_in_V"": null, ""voltage_in_V"": null}]","[0, 1]",939,1.0,939.0,0.0,1.0,1,1.0,1.0,1.0,,,1,0.75,0.75,0.75,,,,
Stanford_2,Stanford_2/Stanford_Nova_Regular_187.pkl,89197439,Stanford_Nova_Regular_187,pouch,graphite,LiNi0.5Mn0.3Co0.2O2,,0.24,1.0,1.0,0,4.4,3.0,,,,,"[{""current_in_A"": null, ""end_soc"": 1.0, ""end_voltage_in_V"": null, ""power_in_W"": null, ""rate_in_C"": 1.0, ""start_soc"": 0.0, ""start_voltage_in_V"": null, ""voltage_in_V"": null}]","[{""current_in_A"": null, ""end_soc"": 0.0, ""end_voltage_in_V"": null, ""power_in_W"": null, ""rate_in_C"": 0.75, ""start_soc"": 1.0, ""start_voltage_in_V"": null, ""voltage_in_V"": null}]","[0, 1]",826,1.0,826.0,0.0,1.0,1,1.0,1.0,1.0,,,1,0.75,0.75,0.75,,,,
Stanford_2,Stanford_2/Stanford_Nova_Regular_188.pkl,89034215,Stanford_Nova_Regular_188,pouch,graphite,LiNi0.5Mn0.3Co0.2O2,,0.24,1.0,1.0,0,4.4,3.0,,,,,"[{""current_in_A"": null, ""end_soc"": 1.0, ""end_voltage_in_V"": null, ""power_in_W"": null, ""rate_in_C"": 1.0, ""start_soc"": 0.0, ""start_voltage_in_V"": null, ""voltage_in_V"": null}]","[{""current_in_A"": null, ""end_soc"": 0.0, ""end_voltage_in_V"": null, ""power_in_W"": null, ""rate_in_C"": 0.75, ""start_soc"": 1.0, ""start_voltage_in_V"": null, ""voltage_in_V"": null}]","[0, 1]",825,1.0,825.0,0.0,1.0,1,1.0,1.0,1.0,,,1,0.75,0.75,0.75,,,,
Stanford_2,Stanford_2/Stanford_Nova_Regular_189.pkl,101832950,Stanford_Nova_Regular_189,pouch,graphite,LiNi0.5Mn0.3Co0.2O2,,0.24,1.0,1.0,0,4.4,3.0,,,,,"[{""current_in_A"": null, ""end_soc"": 1.0, ""end_voltage_in_V"": null, ""power_in_W"": null, ""rate_in_C"": 1.0, ""start_soc"": 0.0, ""start_voltage_in_V"": null, ""voltage_in_V"": null}]","[{""current_in_A"": null, ""end_soc"": 0.0, ""end_voltage_in_V"": null, ""power_in_W"": null, ""rate_in_C"": 0.75, ""start_soc"": 1.0, ""start_voltage_in_V"": null, ""voltage_in_V"": null}]","[0, 1]",943,1.0,943.0,0.0,1.0,1,1.0,1.0,1.0,,,1,0.75,0.75,0.75,,,,
Stanford_2,Stanford_2/Stanford_Nova_Regular_190.pkl,102815675,Stanford_Nova_Regular_190,pouch,graphite,LiNi0.5Mn0.3Co0.2O2,,0.24,1.0,1.0,0,4.4,3.0,,,,,"[{""current_in_A"": null, ""end_soc"": 1.0, ""end_voltage_in_V"": null, ""power_in_W"": null, ""rate_in_C"": 1.0, ""start_soc"": 0.0, ""start_voltage_in_V"": null, ""voltage_in_V"": null}]","[{""current_in_A"": null, ""end_soc"": 0.0, ""end_voltage_in_V"": null, ""power_in_W"": null, ""rate_in_C"": 0.75, ""start_soc"": 1.0, ""start_voltage_in_V"": null, ""voltage_in_V"": null}]","[0, 1]",953,1.0,953.0,0.0,1.0,1,1.0,1.0,1.0,,,1,0.75,0.75,0.75,,,,
Stanford_2,Stanford_2/Stanford_Nova_Regular_191.pkl,112465186,Stanford_Nova_Regular_191,pouch,graphite,LiNi0.5Mn0.3Co0.2O2,,0.24,1.0,1.0,0,4.4,3.0,,,,,"[{""current_in_A"": null, ""end_soc"": 1.0, ""end_voltage_in_V"": null, ""power_in_W"": null, ""rate_in_C"": 1.0, ""start_soc"": 0.0, ""start_voltage_in_V"": null, ""voltage_in_V"": null}]","[{""current_in_A"": null, ""end_soc"": 0.0, ""end_voltage_in_V"": null, ""power_in_W"": null, ""rate_in_C"": 0.75, ""start_soc"": 1.0, ""start_voltage_in_V"": null, ""voltage_in_V"": null}]","[0, 1]",1042,1.0,1042.0,0.0,1.0,1,1.0,1.0,1.0,,,1,0.75,0.75,0.75,,,,
Stanford_2,Stanford_2/Stanford_Nova_Regular_192.pkl,100870373,Stanford_Nova_Regular_192,pouch,graphite,LiNi0.5Mn0.3Co0.2O2,,0.24,1.0,1.0,0,4.4,3.0,,,,,"[{""current_in_A"": null, ""end_soc"": 1.0, ""end_voltage_in_V"": null, ""power_in_W"": null, ""rate_in_C"": 1.0, ""start_soc"": 0.0, ""start_voltage_in_V"": null, ""voltage_in_V"": null}]","[{""current_in_A"": null, ""end_soc"": 0.0, ""end_voltage_in_V"": null, ""power_in_W"": null, ""rate_in_C"": 0.75, ""start_soc"": 1.0, ""start_voltage_in_V"": null, ""voltage_in_V"": null}]","[0, 1]",934,1.0,934.0,0.0,1.0,1,1.0,1.0,1.0,,,1,0.75,0.75,0.75,,,,
Stanford_2,Stanford_2/Stanford_Nova_Regular_193.pkl,91450154,Stanford_Nova_Regular_193,pouch,graphite,LiNi0.5Mn0.3Co0.2O2,,0.24,1.0,1.0,0,4.4,3.0,,,,,"[{""current_in_A"": null, ""end_soc"": 1.0, ""end_voltage_in_V"": null, ""power_in_W"": null, ""rate_in_C"": 1.0, ""start_soc"": 0.0, ""start_voltage_in_V"": null, ""voltage_in_V"": null}]","[{""current_in_A"": null, ""end_soc"": 0.0, ""end_voltage_in_V"": null, ""power_in_W"": null, ""rate_in_C"": 0.75, ""start_soc"": 1.0, ""start_voltage_in_V"": null, ""voltage_in_V"": null}]","[0, 1]",847,1.0,847.0,0.0,1.0,1,1.0,1.0,1.0,,,1,0.75,0.75,0.75,,,,
Stanford_2,Stanford_2/Stanford_Nova_Regular_194.pkl,104794829,Stanford_Nova_Regular_194,pouch,graphite,LiNi0.5Mn0.3Co0.2O2,,0.24,1.0,1.0,0,4.4,3.0,,,,,"[{""current_in_A"": null, ""end_soc"": 1.0, ""end_voltage_in_V"": null, ""power_in_W"": null, ""rate_in_C"": 1.0, ""start_soc"": 0.0, ""start_voltage_in_V"": null, ""voltage_in_V"": null}]","[{""current_in_A"": null, ""end_soc"": 0.0, ""end_voltage_in_V"": null, ""power_in_W"": null, ""rate_in_C"": 0.75, ""start_soc"": 1.0, ""start_voltage_in_V"": null, ""voltage_in_V"": null}]","[0, 1]",971,1.0,971.0,0.0,1.0,1,1.0,1.0,1.0,,,1,0.75,0.75,0.75,,,,
Stanford_2,Stanford_2/Stanford_Nova_Regular_195.pkl,110118532,Stanford_Nova_Regular_195,pouch,graphite,LiNi0.5Mn0.3Co0.2O2,,0.24,1.0,1.0,0,4.4,3.0,,,,,"[{""current_in_A"": null, ""end_soc"": 1.0, ""end_voltage_in_V"": null, ""power_in_W"": null, ""rate_in_C"": 1.0, ""start_soc"": 0.0, ""start_voltage_in_V"": null, ""voltage_in_V"": null}]","[{""current_in_A"": null, ""end_soc"": 0.0, ""end_voltage_in_V"": null, ""power_in_W"": null, ""rate_in_C"": 0.75, ""start_soc"": 1.0, ""start_voltage_in_V"": null, ""voltage_in_V"": null}]","[0, 1]",1019,1.0,1019.0,0.0,1.0,1,1.0,1.0,1.0,,,1,0.75,0.75,0.75,,,,
Stanford_2,Stanford_2/Stanford_Nova_Regular_196.pkl,100534652,Stanford_Nova_Regular_196,pouch,graphite,LiNi0.5Mn0.3Co0.2O2,,0.24,1.0,1.0,0,4.4,3.0,,,,,"[{""current_in_A"": null, ""end_soc"": 1.0, ""end_voltage_in_V"": null, ""power_in_W"": null, ""rate_in_C"": 1.0, ""start_soc"": 0.0, ""start_voltage_in_V"": null, ""voltage_in_V"": null}]","[{""current_in_A"": null, ""end_soc"": 0.0, ""end_voltage_in_V"": null, ""power_in_W"": null, ""rate_in_C"": 0.75, ""start_soc"": 1.0, ""start_voltage_in_V"": null, ""voltage_in_V"": null}]","[0, 1]",932,1.0,932.0,0.0,1.0,1,1.0,1.0,1.0,,,1,0.75,0.75,0.75,,,,
Stanford_2,Stanford_2/Stanford_Nova_Regular_198.pkl,91486232,Stanford_Nova_Regular_198,pouch,graphite,LiNi0.5Mn0.3Co0.2O2,,0.24,1.0,1.0,0,4.4,3.0,,,,,"[{""current_in_A"": null, ""end_soc"": 1.0, ""end_voltage_in_V"": null, ""power_in_W"": null, ""rate_in_C"": 1.0, ""start_soc"": 0.0, ""start_voltage_in_V"": null, ""voltage_in_V"": null}]","[{""current_in_A"": null, ""end_soc"": 0.0, ""end_voltage_in_V"": null, ""power_in_W"": null, ""rate_in_C"": 0.75, ""start_soc"": 1.0, ""start_voltage_in_V"": null, ""voltage_in_V"": null}]","[0, 1]",848,1.0,848.0,0.0,1.0,1,1.0,1.0,1.0,,,1,0.75,0.75,0.75,,,,
Stanford_2,Stanford_2/Stanford_Nova_Regular_199.pkl,108545044,Stanford_Nova_Regular_199,pouch,graphite,LiNi0.5Mn0.3Co0.2O2,,0.24,1.0,1.0,0,4.4,3.0,,,,,"[{""current_in_A"": null, ""end_soc"": 1.0, ""end_voltage_in_V"": null, ""power_in_W"": null, ""rate_in_C"": 1.0, ""start_soc"": 0.0, ""start_voltage_in_V"": null, ""voltage_in_V"": null}]","[{""current_in_A"": null, ""end_soc"": 0.0, ""end_voltage_in_V"": null, ""power_in_W"": null, ""rate_in_C"": 0.75, ""start_soc"": 1.0, ""start_voltage_in_V"": null, ""voltage_in_V"": null}]","[0, 1]",1006,1.0,1006.0,0.0,1.0,1,1.0,1.0,1.0,,,1,0.75,0.75,0.75,,,,
Stanford_2,Stanford_2/Stanford_Nova_Regular_200.pkl,110829427,Stanford_Nova_Regular_200,pouch,graphite,LiNi0.5Mn0.3Co0.2O2,,0.24,1.0,1.0,0,4.4,3.0,,,,,"[{""current_in_A"": null, ""end_soc"": 1.0, ""end_voltage_in_V"": null, ""power_in_W"": null, ""rate_in_C"": 1.0, ""start_soc"": 0.0, ""start_voltage_in_V"": null, ""voltage_in_V"": null}]","[{""current_in_A"": null, ""end_soc"": 0.0, ""end_voltage_in_V"": null, ""power_in_W"": null, ""rate_in_C"": 0.75, ""start_soc"": 1.0, ""start_voltage_in_V"": null, ""voltage_in_V"": null}]","[0, 1]",1027,1.0,1027.0,0.0,1.0,1,1.0,1.0,1.0,,,1,0.75,0.75,0.75,,,,
Stanford_2,Stanford_2/Stanford_Nova_Regular_201.pkl,99286205,Stanford_Nova_Regular_201,pouch,graphite,LiNi0.5Mn0.3Co0.2O2,,0.24,1.0,1.0,0,4.4,3.0,,,,,"[{""current_in_A"": null, ""end_soc"": 1.0, ""end_voltage_in_V"": null, ""power_in_W"": null, ""rate_in_C"": 1.0, ""start_soc"": 0.0, ""start_voltage_in_V"": null, ""voltage_in_V"": null}]","[{""current_in_A"": null, ""end_soc"": 0.0, ""end_voltage_in_V"": null, ""power_in_W"": null, ""rate_in_C"": 0.75, ""start_soc"": 1.0, ""start_voltage_in_V"": null, ""voltage_in_V"": null}]","[0, 1]",919,1.0,919.0,0.0,1.0,1,1.0,1.0,1.0,,,1,0.75,0.75,0.75,,,,
Stanford_2,Stanford_2/Stanford_Nova_Regular_202.pkl,109633897,Stanford_Nova_Regular_202,pouch,graphite,LiNi0.5Mn0.3Co0.2O2,,0.24,1.0,1.0,0,4.4,3.0,,,,,"[{""current_in_A"": null, ""end_soc"": 1.0, ""end_voltage_in_V"": null, ""power_in_W"": null, ""rate_in_C"": 1.0, ""start_soc"": 0.0, ""start_voltage_in_V"": null, ""voltage_in_V"": null}]","[{""current_in_A"": null, ""end_soc"": 0.0, ""end_voltage_in_V"": null, ""power_in_W"": null, ""rate_in_C"": 0.75, ""start_soc"": 1.0, ""start_voltage_in_V"": null, ""voltage_in_V"": null}]","[0, 1]",1016,1.0,1016.0,0.0,1.0,1,1.0,1.0,1.0,,,1,0.75,0.75,0.75,,,,
Stanford_2,Stanford_2/Stanford_Nova_Regular_203.pkl,89676359,Stanford_Nova_Regular_203,pouch,graphite,LiNi0.5Mn0.3Co0.2O2,,0.24,1.0,1.0,0,4.4,3.0,,,,,"[{""current_in_A"": null, ""end_soc"": 1.0, ""end_voltage_in_V"": null, ""power_in_W"": null, ""rate_in_C"": 1.0, ""start_soc"": 0.0, ""start_voltage_in_V"": null, ""voltage_in_V"": null}]","[{""current_in_A"": null, ""end_soc"": 0.0, ""end_voltage_in_V"": null, ""power_in_W"": null, ""rate_in_C"": 0.75, ""start_soc"": 1.0, ""start_voltage_in_V"": null, ""voltage_in_V"": null}]","[0, 1]",831,1.0,831.0,0.0,1.0,1,1.0,1.0,1.0,,,1,0.75,0.75,0.75,,,,
Stanford_2,Stanford_2/Stanford_Nova_Regular_204.pkl,90120197,Stanford_Nova_Regular_204,pouch,graphite,LiNi0.5Mn0.3Co0.2O2,,0.24,1.0,1.0,0,4.4,3.0,,,,,"[{""current_in_A"": null, ""end_soc"": 1.0, ""end_voltage_in_V"": null, ""power_in_W"": null, ""rate_in_C"": 1.0, ""start_soc"": 0.0, ""start_voltage_in_V"": null, ""voltage_in_V"": null}]","[{""current_in_A"": null, ""end_soc"": 0.0, ""end_voltage_in_V"": null, ""power_in_W"": null, ""rate_in_C"": 0.75, ""start_soc"": 1.0, ""start_voltage_in_V"": null, ""voltage_in_V"": null}]","[0, 1]",835,1.0,835.0,0.0,1.0,1,1.0,1.0,1.0,,,1,0.75,0.75,0.75,,,,
Stanford_2,Stanford_2/Stanford_Nova_Regular_205.pkl,89895518,Stanford_Nova_Regular_205,pouch,graphite,LiNi0.5Mn0.3Co0.2O2,,0.24,1.0,1.0,0,4.4,3.0,,,,,"[{""current_in_A"": null, ""end_soc"": 1.0, ""end_voltage_in_V"": null, ""power_in_W"": null, ""rate_in_C"": 1.0, ""start_soc"": 0.0, ""start_voltage_in_V"": null, ""voltage_in_V"": null}]","[{""current_in_A"": null, ""end_soc"": 0.0, ""end_voltage_in_V"": null, ""power_in_W"": null, ""rate_in_C"": 0.75, ""start_soc"": 1.0, ""start_voltage_in_V"": null, ""voltage_in_V"": null}]","[0, 1]",833,1.0,833.0,0.0,1.0,1,1.0,1.0,1.0,,,1,0.75,0.75,0.75,,,,
Stanford_2,Stanford_2/Stanford_Nova_Regular_206.pkl,113322331,Stanford_Nova_Regular_206,pouch,graphite,LiNi0.5Mn0.3Co0.2O2,,0.24,1.0,1.0,0,4.4,3.0,,,,,"[{""current_in_A"": null, ""end_soc"": 1.0, ""end_voltage_in_V"": null, ""power_in_W"": null, ""rate_in_C"": 1.0, ""start_soc"": 0.0, ""start_voltage_in_V"": null, ""voltage_in_V"": null}]","[{""current_in_A"": null, ""end_soc"": 0.0, ""end_voltage_in_V"": null, ""power_in_W"": null, ""rate_in_C"": 0.75, ""start_soc"": 1.0, ""start_voltage_in_V"": null, ""voltage_in_V"": null}]","[0, 1]",1050,1.0,1050.0,0.0,1.0,1,1.0,1.0,1.0,,,1,0.75,0.75,0.75,,,,
Stanford_2,Stanford_2/Stanford_Nova_Regular_207.pkl,119252032,Stanford_Nova_Regular_207,pouch,graphite,LiNi0.5Mn0.3Co0.2O2,,0.24,1.0,1.0,0,4.4,3.0,,,,,"[{""current_in_A"": null, ""end_soc"": 1.0, ""end_voltage_in_V"": null, ""power_in_W"": null, ""rate_in_C"": 1.0, ""start_soc"": 0.0, ""start_voltage_in_V"": null, ""voltage_in_V"": null}]","[{""current_in_A"": null, ""end_soc"": 0.0, ""end_voltage_in_V"": null, ""power_in_W"": null, ""rate_in_C"": 0.75, ""start_soc"": 1.0, ""start_voltage_in_V"": null, ""voltage_in_V"": null}]","[0, 1]",1105,1.0,1105.0,0.0,1.0,1,1.0,1.0,1.0,,,1,0.75,0.75,0.75,,,,
Stanford_2,Stanford_2/Stanford_Nova_Regular_208.pkl,83806325,Stanford_Nova_Regular_208,pouch,graphite,LiNi0.5Mn0.3Co0.2O2,,0.24,1.0,1.0,0,4.4,3.0,,,,,"[{""current_in_A"": null, ""end_soc"": 1.0, ""end_voltage_in_V"": null, ""power_in_W"": null, ""rate_in_C"": 1.0, ""start_soc"": 0.0, ""start_voltage_in_V"": null, ""voltage_in_V"": null}]","[{""current_in_A"": null, ""end_soc"": 0.0, ""end_voltage_in_V"": null, ""power_in_W"": null, ""rate_in_C"": 0.75, ""start_soc"": 1.0, ""start_voltage_in_V"": null, ""voltage_in_V"": null}]","[0, 1]",776,1.0,776.0,0.0,1.0,1,1.0,1.0,1.0,,,1,0.75,0.75,0.75,,,,
Stanford_2,Stanford_2/Stanford_Nova_Regular_209.pkl,97096130,Stanford_Nova_Regular_209,pouch,graphite,LiNi0.5Mn0.3Co0.2O2,,0.24,1.0,1.0,0,4.4,3.0,,,,,"[{""current_in_A"": null, ""end_soc"": 1.0, ""end_voltage_in_V"": null, ""power_in_W"": null, ""rate_in_C"": 1.0, ""start_soc"": 0.0, ""start_voltage_in_V"": null, ""voltage_in_V"": null}]","[{""current_in_A"": null, ""end_soc"": 0.0, ""end_voltage_in_V"": null, ""power_in_W"": null, ""rate_in_C"": 0.75, ""start_soc"": 1.0, ""start_voltage_in_V"": null, ""voltage_in_V"": null}]","[0, 1]",899,1.0,899.0,0.0,1.0,1,1.0,1.0,1.0,,,1,0.75,0.75,0.75,,,,
Stanford_2,Stanford_2/Stanford_Nova_Regular_210.pkl,85643657,Stanford_Nova_Regular_210,pouch,graphite,LiNi0.5Mn0.3Co0.2O2,,0.24,1.0,1.0,0,4.4,3.0,,,,,"[{""current_in_A"": null, ""end_soc"": 1.0, ""end_voltage_in_V"": null, ""power_in_W"": null, ""rate_in_C"": 1.0, ""start_soc"": 0.0, ""start_voltage_in_V"": null, ""voltage_in_V"": null}]","[{""current_in_A"": null, ""end_soc"": 0.0, ""end_voltage_in_V"": null, ""power_in_W"": null, ""rate_in_C"": 0.75, ""start_soc"": 1.0, ""start_voltage_in_V"": null, ""voltage_in_V"": null}]","[0, 1]",794,1.0,794.0,0.0,1.0,1,1.0,1.0,1.0,,,1,0.75,0.75,0.75,,,,
Stanford_2,Stanford_2/Stanford_Nova_Regular_211.pkl,105887084,Stanford_Nova_Regular_211,pouch,graphite,LiNi0.5Mn0.3Co0.2O2,,0.24,1.0,1.0,0,4.4,3.0,,,,,"[{""current_in_A"": null, ""end_soc"": 1.0, ""end_voltage_in_V"": null, ""power_in_W"": null, ""rate_in_C"": 1.0, ""start_soc"": 0.0, ""start_voltage_in_V"": null, ""voltage_in_V"": null}]","[{""current_in_A"": null, ""end_soc"": 0.0, ""end_voltage_in_V"": null, ""power_in_W"": null, ""rate_in_C"": 0.75, ""start_soc"": 1.0, ""start_voltage_in_V"": null, ""voltage_in_V"": null}]","[0, 1]",981,1.0,981.0,0.0,1.0,1,1.0,1.0,1.0,,,1,0.75,0.75,0.75,,,,
Stanford_2,Stanford_2/Stanford_Nova_Regular_212.pkl,86828315,Stanford_Nova_Regular_212,pouch,graphite,LiNi0.5Mn0.3Co0.2O2,,0.24,1.0,1.0,0,4.4,3.0,,,,,"[{""current_in_A"": null, ""end_soc"": 1.0, ""end_voltage_in_V"": null, ""power_in_W"": null, ""rate_in_C"": 1.0, ""start_soc"": 0.0, ""start_voltage_in_V"": null, ""voltage_in_V"": null}]","[{""current_in_A"": null, ""end_soc"": 0.0, ""end_voltage_in_V"": null, ""power_in_W"": null, ""rate_in_C"": 0.75, ""start_soc"": 1.0, ""start_voltage_in_V"": null, ""voltage_in_V"": null}]","[0, 1]",804,1.0,804.0,0.0,1.0,1,1.0,1.0,1.0,,,1,0.75,0.75,0.75,,,,
Stanford_2,Stanford_2/Stanford_Nova_Regular_213.pkl,110115394,Stanford_Nova_Regular_213,pouch,graphite,LiNi0.5Mn0.3Co0.2O2,,0.24,1.0,1.0,0,4.4,3.0,,,,,"[{""current_in_A"": null, ""end_soc"": 1.0, ""end_voltage_in_V"": null, ""power_in_W"": null, ""rate_in_C"": 1.0, ""start_soc"": 0.0, ""start_voltage_in_V"": null, ""voltage_in_V"": null}]","[{""current_in_A"": null, ""end_soc"": 0.0, ""end_voltage_in_V"": null, ""power_in_W"": null, ""rate_in_C"": 0.75, ""start_soc"": 1.0, ""start_voltage_in_V"": null, ""voltage_in_V"": null}]","[0, 1]",1020,1.0,1020.0,0.0,1.0,1,1.0,1.0,1.0,,,1,0.75,0.75,0.75,,,,
Stanford_2,Stanford_2/Stanford_Nova_Regular_214.pkl,99860072,Stanford_Nova_Regular_214,pouch,graphite,LiNi0.5Mn0.3Co0.2O2,,0.24,1.0,1.0,0,4.4,3.0,,,,,"[{""current_in_A"": null, ""end_soc"": 1.0, ""end_voltage_in_V"": null, ""power_in_W"": null, ""rate_in_C"": 1.0, ""start_soc"": 0.0, ""start_voltage_in_V"": null, ""voltage_in_V"": null}]","[{""current_in_A"": null, ""end_soc"": 0.0, ""end_voltage_in_V"": null, ""power_in_W"": null, ""rate_in_C"": 0.75, ""start_soc"": 1.0, ""start_voltage_in_V"": null, ""voltage_in_V"": null}]","[0, 1]",925,1.0,925.0,0.0,1.0,1,1.0,1.0,1.0,,,1,0.75,0.75,0.75,,,,
Stanford_2,Stanford_2/Stanford_Nova_Regular_215.pkl,118473358,Stanford_Nova_Regular_215,pouch,graphite,LiNi0.5Mn0.3Co0.2O2,,0.24,1.0,1.0,0,4.4,3.0,,,,,"[{""current_in_A"": null, ""end_soc"": 1.0, ""end_voltage_in_V"": null, ""power_in_W"": null, ""rate_in_C"": 1.0, ""start_soc"": 0.0, ""start_voltage_in_V"": null, ""voltage_in_V"": null}]","[{""current_in_A"": null, ""end_soc"": 0.0, ""end_voltage_in_V"": null, ""power_in_W"": null, ""rate_in_C"": 0.75, ""start_soc"": 1.0, ""start_voltage_in_V"": null, ""voltage_in_V"": null}]","[0, 1]",1099,1.0,1099.0,0.0,1.0,1,1.0,1.0,1.0,,,1,0.75,0.75,0.75,,,,
Stanford_2,Stanford_2/Stanford_Nova_Regular_216.pkl,99592340,Stanford_Nova_Regular_216,pouch,graphite,LiNi0.5Mn0.3Co0.2O2,,0.24,1.0,1.0,0,4.4,3.0,,,,,"[{""current_in_A"": null, ""end_soc"": 1.0, ""end_voltage_in_V"": null, ""power_in_W"": null, ""rate_in_C"": 1.0, ""start_soc"": 0.0, ""start_voltage_in_V"": null, ""voltage_in_V"": null}]","[{""current_in_A"": null, ""end_soc"": 0.0, ""end_voltage_in_V"": null, ""power_in_W"": null, ""rate_in_C"": 0.75, ""start_soc"": 1.0, ""start_voltage_in_V"": null, ""voltage_in_V"": null}]","[0, 1]",922,1.0,922.0,0.0,1.0,1,1.0,1.0,1.0,,,1,0.75,0.75,0.75,,,,
Stanford_2,Stanford_2/Stanford_Nova_Regular_217.pkl,112603066,Stanford_Nova_Regular_217,pouch,graphite,LiNi0.5Mn0.3Co0.2O2,,0.24,1.0,1.0,0,4.4,3.0,,,,,"[{""current_in_A"": null, ""end_soc"": 1.0, ""end_voltage_in_V"": null, ""power_in_W"": null, ""rate_in_C"": 1.0, ""start_soc"": 0.0, ""start_voltage_in_V"": null, ""voltage_in_V"": null}]","[{""current_in_A"": null, ""end_soc"": 0.0, ""end_voltage_in_V"": null, ""power_in_W"": null, ""rate_in_C"": 0.75, ""start_soc"": 1.0, ""start_voltage_in_V"": null, ""voltage_in_V"": null}]","[0, 1]",1044,1.0,1044.0,0.0,1.0,1,1.0,1.0,1.0,,,1,0.75,0.75,0.75,,,,
Stanford_2,Stanford_2/Stanford_Nova_Regular_219.pkl,90483215,Stanford_Nova_Regular_219,pouch,graphite,LiNi0.5Mn0.3Co0.2O2,,0.24,1.0,1.0,0,4.4,3.0,,,,,"[{""current_in_A"": null, ""end_soc"": 1.0, ""end_voltage_in_V"": null, ""power_in_W"": null, ""rate_in_C"": 1.0, ""start_soc"": 0.0, ""start_voltage_in_V"": null, ""voltage_in_V"": null}]","[{""current_in_A"": null, ""end_soc"": 0.0, ""end_voltage_in_V"": null, ""power_in_W"": null, ""rate_in_C"": 0.75, ""start_soc"": 1.0, ""start_voltage_in_V"": null, ""voltage_in_V"": null}]","[0, 1]",838,1.0,838.0,0.0,1.0,1,1.0,1.0,1.0,,,1,0.75,0.75,0.75,,,,
Stanford_2,Stanford_2/Stanford_Nova_Regular_220.pkl,110075926,Stanford_Nova_Regular_220,pouch,graphite,LiNi0.5Mn0.3Co0.2O2,,0.24,1.0,1.0,0,4.4,3.0,,,,,"[{""current_in_A"": null, ""end_soc"": 1.0, ""end_voltage_in_V"": null, ""power_in_W"": null, ""rate_in_C"": 1.0, ""start_soc"": 0.0, ""start_voltage_in_V"": null, ""voltage_in_V"": null}]","[{""current_in_A"": null, ""end_soc"": 0.0, ""end_voltage_in_V"": null, ""power_in_W"": null, ""rate_in_C"": 0.75, ""start_soc"": 1.0, ""start_voltage_in_V"": null, ""voltage_in_V"": null}]","[0, 1]",1019,1.0,1019.0,0.0,1.0,1,1.0,1.0,1.0,,,1,0.75,0.75,0.75,,,,
Stanford_2,Stanford_2/Stanford_Nova_Regular_221.pkl,91423583,Stanford_Nova_Regular_221,pouch,graphite,LiNi0.5Mn0.3Co0.2O2,,0.24,1.0,1.0,0,4.4,3.0,,,,,"[{""current_in_A"": null, ""end_soc"": 1.0, ""end_voltage_in_V"": null, ""power_in_W"": null, ""rate_in_C"": 1.0, ""start_soc"": 0.0, ""start_voltage_in_V"": null, ""voltage_in_V"": null}]","[{""current_in_A"": null, ""end_soc"": 0.0, ""end_voltage_in_V"": null, ""power_in_W"": null, ""rate_in_C"": 0.75, ""start_soc"": 1.0, ""start_voltage_in_V"": null, ""voltage_in_V"": null}]","[0, 1]",848,1.0,848.0,0.0,1.0,1,1.0,1.0,1.0,,,1,0.75,0.75,0.75,,,,
Stanford_2,Stanford_2/Stanford_Nova_Regular_222.pkl,88866998,Stanford_Nova_Regular_222,pouch,graphite,LiNi0.5Mn0.3Co0.2O2,,0.24,1.0,1.0,0,4.4,3.0,,,,,"[{""current_in_A"": null, ""end_soc"": 1.0, ""end_voltage_in_V"": null, ""power_in_W"": null, ""rate_in_C"": 1.0, ""start_soc"": 0.0, ""start_voltage_in_V"": null, ""voltage_in_V"": null}]","[{""current_in_A"": null, ""end_soc"": 0.0, ""end_voltage_in_V"": null, ""power_in_W"": null, ""rate_in_C"": 0.75, ""start_soc"": 1.0, ""start_voltage_in_V"": null, ""voltage_in_V"": null}]","[0, 1]",824,1.0,824.0,0.0,1.0,1,1.0,1.0,1.0,,,1,0.75,0.75,0.75,,,,
Stanford_2,Stanford_2/Stanford_Nova_Regular_223.pkl,111882943,Stanford_Nova_Regular_223,pouch,graphite,LiNi0.5Mn0.3Co0.2O2,,0.24,1.0,1.0,0,4.4,3.0,,,,,"[{""current_in_A"": null, ""end_soc"": 1.0, ""end_voltage_in_V"": null, ""power_in_W"": null, ""rate_in_C"": 1.0, ""start_soc"": 0.0, ""start_voltage_in_V"": null, ""voltage_in_V"": null}]","[{""current_in_A"": null, ""end_soc"": 0.0, ""end_voltage_in_V"": null, ""power_in_W"": null, ""rate_in_C"": 0.75, ""start_soc"": 1.0, ""start_voltage_in_V"": null, ""voltage_in_V"": null}]","[0, 1]",1037,1.0,1037.0,0.0,1.0,1,1.0,1.0,1.0,,,1,0.75,0.75,0.75,,,,
Stanford_2,Stanford_2/Stanford_Nova_Regular_224.pkl,153199840,Stanford_Nova_Regular_224,pouch,graphite,LiNi0.5Mn0.3Co0.2O2,,0.24,1.0,1.0,0,4.4,3.0,,,,,"[{""current_in_A"": null, ""end_soc"": 1.0, ""end_voltage_in_V"": null, ""power_in_W"": null, ""rate_in_C"": 1.0, ""start_soc"": 0.0, ""start_voltage_in_V"": null, ""voltage_in_V"": null}]","[{""current_in_A"": null, ""end_soc"": 0.0, ""end_voltage_in_V"": null, ""power_in_W"": null, ""rate_in_C"": 0.75, ""start_soc"": 1.0, ""start_voltage_in_V"": null, ""voltage_in_V"": null}]","[0, 1]",1420,1.0,1420.0,0.0,1.0,1,1.0,1.0,1.0,,,1,0.75,0.75,0.75,,,,
Stanford_2,Stanford_2/Stanford_Nova_Regular_225.pkl,112395289,Stanford_Nova_Regular_225,pouch,graphite,LiNi0.5Mn0.3Co0.2O2,,0.24,1.0,1.0,0,4.4,3.0,,,,,"[{""current_in_A"": null, ""end_soc"": 1.0, ""end_voltage_in_V"": null, ""power_in_W"": null, ""rate_in_C"": 1.0, ""start_soc"": 0.0, ""start_voltage_in_V"": null, ""voltage_in_V"": null}]","[{""current_in_A"": null, ""end_soc"": 0.0, ""end_voltage_in_V"": null, ""power_in_W"": null, ""rate_in_C"": 0.75, ""start_soc"": 1.0, ""start_voltage_in_V"": null, ""voltage_in_V"": null}]","[0, 1]",1042,1.0,1042.0,0.0,1.0,1,1.0,1.0,1.0,,,1,0.75,0.75,0.75,,,,
Stanford_2,Stanford_2/Stanford_Nova_Regular_226.pkl,121694113,Stanford_Nova_Regular_226,pouch,graphite,LiNi0.5Mn0.3Co0.2O2,,0.24,1.0,1.0,0,4.4,3.0,,,,,"[{""current_in_A"": null, ""end_soc"": 1.0, ""end_voltage_in_V"": null, ""power_in_W"": null, ""rate_in_C"": 1.0, ""start_soc"": 0.0, ""start_voltage_in_V"": null, ""voltage_in_V"": null}]","[{""current_in_A"": null, ""end_soc"": 0.0, ""end_voltage_in_V"": null, ""power_in_W"": null, ""rate_in_C"": 0.75, ""start_soc"": 1.0, ""start_voltage_in_V"": null, ""voltage_in_V"": null}]","[0, 1]",1128,1.0,1128.0,0.0,1.0,1,1.0,1.0,1.0,,,1,0.75,0.75,0.75,,,,
Stanford_2,Stanford_2/Stanford_Nova_Regular_227.pkl,122287198,Stanford_Nova_Regular_227,pouch,graphite,LiNi0.5Mn0.3Co0.2O2,,0.24,1.0,1.0,0,4.4,3.0,,,,,"[{""current_in_A"": null, ""end_soc"": 1.0, ""end_voltage_in_V"": null, ""power_in_W"": null, ""rate_in_C"": 1.0, ""start_soc"": 0.0, ""start_voltage_in_V"": null, ""voltage_in_V"": null}]","[{""current_in_A"": null, ""end_soc"": 0.0, ""end_voltage_in_V"": null, ""power_in_W"": null, ""rate_in_C"": 0.75, ""start_soc"": 1.0, ""start_voltage_in_V"": null, ""voltage_in_V"": null}]","[0, 1]",1133,1.0,1133.0,0.0,1.0,1,1.0,1.0,1.0,,,1,0.75,0.75,0.75,,,,
Stanford_2,Stanford_2/Stanford_Nova_Regular_228.pkl,121361242,Stanford_Nova_Regular_228,pouch,graphite,LiNi0.5Mn0.3Co0.2O2,,0.24,1.0,1.0,0,4.4,3.0,,,,,"[{""current_in_A"": null, ""end_soc"": 1.0, ""end_voltage_in_V"": null, ""power_in_W"": null, ""rate_in_C"": 1.0, ""start_soc"": 0.0, ""start_voltage_in_V"": null, ""voltage_in_V"": null}]","[{""current_in_A"": null, ""end_soc"": 0.0, ""end_voltage_in_V"": null, ""power_in_W"": null, ""rate_in_C"": 0.75, ""start_soc"": 1.0, ""start_voltage_in_V"": null, ""voltage_in_V"": null}]","[0, 1]",1124,1.0,1124.0,0.0,1.0,1,1.0,1.0,1.0,,,1,0.75,0.75,0.75,,,,
Stanford_2,Stanford_2/Stanford_Nova_Regular_229.pkl,101019356,Stanford_Nova_Regular_229,pouch,graphite,LiNi0.5Mn0.3Co0.2O2,,0.24,1.0,1.0,0,4.4,3.0,,,,,"[{""current_in_A"": null, ""end_soc"": 1.0, ""end_voltage_in_V"": null, ""power_in_W"": null, ""rate_in_C"": 1.0, ""start_soc"": 0.0, ""start_voltage_in_V"": null, ""voltage_in_V"": null}]","[{""current_in_A"": null, ""end_soc"": 0.0, ""end_voltage_in_V"": null, ""power_in_W"": null, ""rate_in_C"": 0.75, ""start_soc"": 1.0, ""start_voltage_in_V"": null, ""voltage_in_V"": null}]","[0, 1]",936,1.0,936.0,0.0,1.0,1,1.0,1.0,1.0,,,1,0.75,0.75,0.75,,,,
Stanford_2,Stanford_2/Stanford_Nova_Regular_230.pkl,131545219,Stanford_Nova_Regular_230,pouch,graphite,LiNi0.5Mn0.3Co0.2O2,,0.24,1.0,1.0,0,4.4,3.0,,,,,"[{""current_in_A"": null, ""end_soc"": 1.0, ""end_voltage_in_V"": null, ""power_in_W"": null, ""rate_in_C"": 1.0, ""start_soc"": 0.0, ""start_voltage_in_V"": null, ""voltage_in_V"": null}]","[{""current_in_A"": null, ""end_soc"": 0.0, ""end_voltage_in_V"": null, ""power_in_W"": null, ""rate_in_C"": 0.75, ""start_soc"": 1.0, ""start_voltage_in_V"": null, ""voltage_in_V"": null}]","[0, 1]",1219,1.0,1219.0,0.0,1.0,1,1.0,1.0,1.0,,,1,0.75,0.75,0.75,,,,
Stanford_2,Stanford_2/Stanford_Nova_Regular_269.pkl,131743438,Stanford_Nova_Regular_269,pouch,graphite,LiNi0.5Mn0.3Co0.2O2,,0.24,1.0,1.0,0,4.4,3.0,,,,,"[{""current_in_A"": null, ""end_soc"": 1.0, ""end_voltage_in_V"": null, ""power_in_W"": null, ""rate_in_C"": 1.0, ""start_soc"": 0.0, ""start_voltage_in_V"": null, ""voltage_in_V"": null}]","[{""current_in_A"": null, ""end_soc"": 0.0, ""end_voltage_in_V"": null, ""power_in_W"": null, ""rate_in_C"": 0.75, ""start_soc"": 1.0, ""start_voltage_in_V"": null, ""voltage_in_V"": null}]","[0, 1]",1219,1.0,1219.0,0.0,1.0,1,1.0,1.0,1.0,,,1,0.75,0.75,0.75,,,,
Stanford_2,Stanford_2/Stanford_Nova_Regular_270.pkl,162282556,Stanford_Nova_Regular_270,pouch,graphite,LiNi0.5Mn0.3Co0.2O2,,0.24,1.0,1.0,0,4.4,3.0,,,,,"[{""current_in_A"": null, ""end_soc"": 1.0, ""end_voltage_in_V"": null, ""power_in_W"": null, ""rate_in_C"": 1.0, ""start_soc"": 0.0, ""start_voltage_in_V"": null, ""voltage_in_V"": null}]","[{""current_in_A"": null, ""end_soc"": 0.0, ""end_voltage_in_V"": null, ""power_in_W"": null, ""rate_in_C"": 0.75, ""start_soc"": 1.0, ""start_voltage_in_V"": null, ""voltage_in_V"": null}]","[0, 1]",1503,1.0,1503.0,0.0,1.0,1,1.0,1.0,1.0,,,1,0.75,0.75,0.75,,,,
Stanford_2,Stanford_2/Stanford_Nova_Regular_271.pkl,118186990,Stanford_Nova_Regular_271,pouch,graphite,LiNi0.5Mn0.3Co0.2O2,,0.24,1.0,1.0,0,4.4,3.0,,,,,"[{""current_in_A"": null, ""end_soc"": 1.0, ""end_voltage_in_V"": null, ""power_in_W"": null, ""rate_in_C"": 1.0, ""start_soc"": 0.0, ""start_voltage_in_V"": null, ""voltage_in_V"": null}]","[{""current_in_A"": null, ""end_soc"": 0.0, ""end_voltage_in_V"": null, ""power_in_W"": null, ""rate_in_C"": 0.75, ""start_soc"": 1.0, ""start_voltage_in_V"": null, ""voltage_in_V"": null}]","[0, 1]",1095,1.0,1095.0,0.0,1.0,1,1.0,1.0,1.0,,,1,0.75,0.75,0.75,,,,
Stanford_2,Stanford_2/Stanford_Nova_Regular_272.pkl,167424505,Stanford_Nova_Regular_272,pouch,graphite,LiNi0.5Mn0.3Co0.2O2,,0.24,1.0,1.0,0,4.4,3.0,,,,,"[{""current_in_A"": null, ""end_soc"": 1.0, ""end_voltage_in_V"": null, ""power_in_W"": null, ""rate_in_C"": 1.0, ""start_soc"": 0.0, ""start_voltage_in_V"": null, ""voltage_in_V"": null}]","[{""current_in_A"": null, ""end_soc"": 0.0, ""end_voltage_in_V"": null, ""power_in_W"": null, ""rate_in_C"": 0.75, ""start_soc"": 1.0, ""start_voltage_in_V"": null, ""voltage_in_V"": null}]","[0, 1]",1551,1.0,1551.0,0.0,1.0,1,1.0,1.0,1.0,,,1,0.75,0.75,0.75,,,,
Stanford_2,Stanford_2/Stanford_Nova_Regular_273.pkl,137900572,Stanford_Nova_Regular_273,pouch,graphite,LiNi0.5Mn0.3Co0.2O2,,0.24,1.0,1.0,0,4.4,3.0,,,,,"[{""current_in_A"": null, ""end_soc"": 1.0, ""end_voltage_in_V"": null, ""power_in_W"": null, ""rate_in_C"": 1.0, ""start_soc"": 0.0, ""start_voltage_in_V"": null, ""voltage_in_V"": null}]","[{""current_in_A"": null, ""end_soc"": 0.0, ""end_voltage_in_V"": null, ""power_in_W"": null, ""rate_in_C"": 0.75, ""start_soc"": 1.0, ""start_voltage_in_V"": null, ""voltage_in_V"": null}]","[0, 1]",1278,1.0,1278.0,0.0,1.0,1,1.0,1.0,1.0,,,1,0.75,0.75,0.75,,,,
Stanford_2,Stanford_2/Stanford_Nova_Regular_274.pkl,142324366,Stanford_Nova_Regular_274,pouch,graphite,LiNi0.5Mn0.3Co0.2O2,,0.24,1.0,1.0,0,4.4,3.0,,,,,"[{""current_in_A"": null, ""end_soc"": 1.0, ""end_voltage_in_V"": null, ""power_in_W"": null, ""rate_in_C"": 1.0, ""start_soc"": 0.0, ""start_voltage_in_V"": null, ""voltage_in_V"": null}]","[{""current_in_A"": null, ""end_soc"": 0.0, ""end_voltage_in_V"": null, ""power_in_W"": null, ""rate_in_C"": 0.75, ""start_soc"": 1.0, ""start_voltage_in_V"": null, ""voltage_in_V"": null}]","[0, 1]",1319,1.0,1319.0,0.0,1.0,1,1.0,1.0,1.0,,,1,0.75,0.75,0.75,,,,
Stanford_2,Stanford_2/Stanford_Nova_Regular_275.pkl,142305457,Stanford_Nova_Regular_275,pouch,graphite,LiNi0.5Mn0.3Co0.2O2,,0.24,1.0,1.0,0,4.4,3.0,,,,,"[{""current_in_A"": null, ""end_soc"": 1.0, ""end_voltage_in_V"": null, ""power_in_W"": null, ""rate_in_C"": 1.0, ""start_soc"": 0.0, ""start_voltage_in_V"": null, ""voltage_in_V"": null}]","[{""current_in_A"": null, ""end_soc"": 0.0, ""end_voltage_in_V"": null, ""power_in_W"": null, ""rate_in_C"": 0.75, ""start_soc"": 1.0, ""start_voltage_in_V"": null, ""voltage_in_V"": null}]","[0, 1]",1319,1.0,1319.0,0.0,1.0,1,1.0,1.0,1.0,,,1,0.75,0.75,0.75,,,,
Stanford_2,Stanford_2/Stanford_Nova_Regular_276.pkl,120173764,Stanford_Nova_Regular_276,pouch,graphite,LiNi0.5Mn0.3Co0.2O2,,0.24,1.0,1.0,0,4.4,3.0,,,,,"[{""current_in_A"": null, ""end_soc"": 1.0, ""end_voltage_in_V"": null, ""power_in_W"": null, ""rate_in_C"": 1.0, ""start_soc"": 0.0, ""start_voltage_in_V"": null, ""voltage_in_V"": null}]","[{""current_in_A"": null, ""end_soc"": 0.0, ""end_voltage_in_V"": null, ""power_in_W"": null, ""rate_in_C"": 0.75, ""start_soc"": 1.0, ""start_voltage_in_V"": null, ""voltage_in_V"": null}]","[0, 1]",1114,1.0,1114.0,0.0,1.0,1,1.0,1.0,1.0,,,1,0.75,0.75,0.75,,,,
Stanford_2,Stanford_2/Stanford_Nova_Regular_277.pkl,121785106,Stanford_Nova_Regular_277,pouch,graphite,LiNi0.5Mn0.3Co0.2O2,,0.24,1.0,1.0,0,4.4,3.0,,,,,"[{""current_in_A"": null, ""end_soc"": 1.0, ""end_voltage_in_V"": null, ""power_in_W"": null, ""rate_in_C"": 1.0, ""start_soc"": 0.0, ""start_voltage_in_V"": null, ""voltage_in_V"": null}]","[{""current_in_A"": null, ""end_soc"": 0.0, ""end_voltage_in_V"": null, ""power_in_W"": null, ""rate_in_C"": 0.75, ""start_soc"": 1.0, ""start_voltage_in_V"": null, ""voltage_in_V"": null}]","[0, 1]",1129,1.0,1129.0,0.0,1.0,1,1.0,1.0,1.0,,,1,0.75,0.75,0.75,,,,
Stanford_2,Stanford_2/Stanford_Nova_Regular_278.pkl,120443542,Stanford_Nova_Regular_278,pouch,graphite,LiNi0.5Mn0.3Co0.2O2,,0.24,1.0,1.0,0,4.4,3.0,,,,,"[{""current_in_A"": null, ""end_soc"": 1.0, ""end_voltage_in_V"": null, ""power_in_W"": null, ""rate_in_C"": 1.0, ""start_soc"": 0.0, ""start_voltage_in_V"": null, ""voltage_in_V"": null}]","[{""current_in_A"": null, ""end_soc"": 0.0, ""end_voltage_in_V"": null, ""power_in_W"": null, ""rate_in_C"": 0.75, ""start_soc"": 1.0, ""start_voltage_in_V"": null, ""voltage_in_V"": null}]","[0, 1]",1116,1.0,1116.0,0.0,1.0,1,1.0,1.0,1.0,,,1,0.75,0.75,0.75,,,,
Stanford_2,Stanford_2/Stanford_Nova_Regular_279.pkl,138640576,Stanford_Nova_Regular_279,pouch,graphite,LiNi0.5Mn0.3Co0.2O2,,0.24,1.0,1.0,0,4.4,3.0,,,,,"[{""current_in_A"": null, ""end_soc"": 1.0, ""end_voltage_in_V"": null, ""power_in_W"": null, ""rate_in_C"": 1.0, ""start_soc"": 0.0, ""start_voltage_in_V"": null, ""voltage_in_V"": null}]","[{""current_in_A"": null, ""end_soc"": 0.0, ""end_voltage_in_V"": null, ""power_in_W"": null, ""rate_in_C"": 0.75, ""start_soc"": 1.0, ""start_voltage_in_V"": null, ""voltage_in_V"": null}]","[0, 1]",1285,1.0,1285.0,0.0,1.0,1,1.0,1.0,1.0,,,1,0.75,0.75,0.75,,,,
Stanford_2,Stanford_2/Stanford_Nova_Regular_280.pkl,164689537,Stanford_Nova_Regular_280,pouch,graphite,LiNi0.5Mn0.3Co0.2O2,,0.24,1.0,1.0,0,4.4,3.0,,,,,"[{""current_in_A"": null, ""end_soc"": 1.0, ""end_voltage_in_V"": null, ""power_in_W"": null, ""rate_in_C"": 1.0, ""start_soc"": 0.0, ""start_voltage_in_V"": null, ""voltage_in_V"": null}]","[{""current_in_A"": null, ""end_soc"": 0.0, ""end_voltage_in_V"": null, ""power_in_W"": null, ""rate_in_C"": 0.75, ""start_soc"": 1.0, ""start_voltage_in_V"": null, ""voltage_in_V"": null}]","[0, 1]",1526,1.0,1526.0,0.0,1.0,1,1.0,1.0,1.0,,,1,0.75,0.75,0.75,,,,
Stanford_2,Stanford_2/Stanford_Nova_Regular_281.pkl,165282832,Stanford_Nova_Regular_281,pouch,graphite,LiNi0.5Mn0.3Co0.2O2,,0.24,1.0,1.0,0,4.4,3.0,,,,,"[{""current_in_A"": null, ""end_soc"": 1.0, ""end_voltage_in_V"": null, ""power_in_W"": null, ""rate_in_C"": 1.0, ""start_soc"": 0.0, ""start_voltage_in_V"": null, ""voltage_in_V"": null}]","[{""current_in_A"": null, ""end_soc"": 0.0, ""end_voltage_in_V"": null, ""power_in_W"": null, ""rate_in_C"": 0.75, ""start_soc"": 1.0, ""start_voltage_in_V"": null, ""voltage_in_V"": null}]","[0, 1]",1532,1.0,1532.0,0.0,1.0,1,1.0,1.0,1.0,,,1,0.75,0.75,0.75,,,,
Stanford_2,Stanford_2/Stanford_Nova_Regular_282.pkl,150304402,Stanford_Nova_Regular_282,pouch,graphite,LiNi0.5Mn0.3Co0.2O2,,0.24,1.0,1.0,0,4.4,3.0,,,,,"[{""current_in_A"": null, ""end_soc"": 1.0, ""end_voltage_in_V"": null, ""power_in_W"": null, ""rate_in_C"": 1.0, ""start_soc"": 0.0, ""start_voltage_in_V"": null, ""voltage_in_V"": null}]","[{""current_in_A"": null, ""end_soc"": 0.0, ""end_voltage_in_V"": null, ""power_in_W"": null, ""rate_in_C"": 0.75, ""start_soc"": 1.0, ""start_voltage_in_V"": null, ""voltage_in_V"": null}]","[0, 1]",1392,1.0,1392.0,0.0,1.0,1,1.0,1.0,1.0,,,1,0.75,0.75,0.75,,,,
Stanford_2,Stanford_2/Stanford_Nova_Regular_283.pkl,152113297,Stanford_Nova_Regular_283,pouch,graphite,LiNi0.5Mn0.3Co0.2O2,,0.24,1.0,1.0,0,4.4,3.0,,,,,"[{""current_in_A"": null, ""end_soc"": 1.0, ""end_voltage_in_V"": null, ""power_in_W"": null, ""rate_in_C"": 1.0, ""start_soc"": 0.0, ""start_voltage_in_V"": null, ""voltage_in_V"": null}]","[{""current_in_A"": null, ""end_soc"": 0.0, ""end_voltage_in_V"": null, ""power_in_W"": null, ""rate_in_C"": 0.75, ""start_soc"": 1.0, ""start_voltage_in_V"": null, ""voltage_in_V"": null}]","[0, 1]",1408,1.0,1408.0,0.0,1.0,1,1.0,1.0,1.0,,,1,0.75,0.75,0.75,,,,
Stanford_2,Stanford_2/Stanford_Nova_Regular_284.pkl,169155697,Stanford_Nova_Regular_284,pouch,graphite,LiNi0.5Mn0.3Co0.2O2,,0.24,1.0,1.0,0,4.4,3.0,,,,,"[{""current_in_A"": null, ""end_soc"": 1.0, ""end_voltage_in_V"": null, ""power_in_W"": null, ""rate_in_C"": 1.0, ""start_soc"": 0.0, ""start_voltage_in_V"": null, ""voltage_in_V"": null}]","[{""current_in_A"": null, ""end_soc"": 0.0, ""end_voltage_in_V"": null, ""power_in_W"": null, ""rate_in_C"": 0.75, ""start_soc"": 1.0, ""start_voltage_in_V"": null, ""voltage_in_V"": null}]","[0, 1]",1567,1.0,1567.0,0.0,1.0,1,1.0,1.0,1.0,,,1,0.75,0.75,0.75,,,,
Stanford_2,Stanford_2/Stanford_Nova_Regular_285.pkl,135184825,Stanford_Nova_Regular_285,pouch,graphite,LiNi0.5Mn0.3Co0.2O2,,0.24,1.0,1.0,0,4.4,3.0,,,,,"[{""current_in_A"": null, ""end_soc"": 1.0, ""end_voltage_in_V"": null, ""power_in_W"": null, ""rate_in_C"": 1.0, ""start_soc"": 0.0, ""start_voltage_in_V"": null, ""voltage_in_V"": null}]","[{""current_in_A"": null, ""end_soc"": 0.0, ""end_voltage_in_V"": null, ""power_in_W"": null, ""rate_in_C"": 0.75, ""start_soc"": 1.0, ""start_voltage_in_V"": null, ""voltage_in_V"": null}]","[0, 1]",1253,1.0,1253.0,0.0,1.0,1,1.0,1.0,1.0,,,1,0.75,0.75,0.75,,,,
Stanford_2,Stanford_2/Stanford_Nova_Regular_286.pkl,146279470,Stanford_Nova_Regular_286,pouch,graphite,LiNi0.5Mn0.3Co0.2O2,,0.24,1.0,1.0,0,4.4,3.0,,,,,"[{""current_in_A"": null, ""end_soc"": 1.0, ""end_voltage_in_V"": null, ""power_in_W"": null, ""rate_in_C"": 1.0, ""start_soc"": 0.0, ""start_voltage_in_V"": null, ""voltage_in_V"": null}]","[{""current_in_A"": null, ""end_soc"": 0.0, ""end_voltage_in_V"": null, ""power_in_W"": null, ""rate_in_C"": 0.75, ""start_soc"": 1.0, ""start_voltage_in_V"": null, ""voltage_in_V"": null}]","[0, 1]",1354,1.0,1354.0,0.0,1.0,1,1.0,1.0,1.0,,,1,0.75,0.75,0.75,,,,
Stanford_2,Stanford_2/Stanford_Nova_Regular_287.pkl,145307227,Stanford_Nova_Regular_287,pouch,graphite,LiNi0.5Mn0.3Co0.2O2,,0.24,1.0,1.0,0,4.4,3.0,,,,,"[{""current_in_A"": null, ""end_soc"": 1.0, ""end_voltage_in_V"": null, ""power_in_W"": null, ""rate_in_C"": 1.0, ""start_soc"": 0.0, ""start_voltage_in_V"": null, ""voltage_in_V"": null}]","[{""current_in_A"": null, ""end_soc"": 0.0, ""end_voltage_in_V"": null, ""power_in_W"": null, ""rate_in_C"": 0.75, ""start_soc"": 1.0, ""start_voltage_in_V"": null, ""voltage_in_V"": null}]","[0, 1]",1345,1.0,1345.0,0.0,1.0,1,1.0,1.0,1.0,,,1,0.75,0.75,0.75,,,,
Stanford_2,Stanford_2/Stanford_Nova_Regular_288.pkl,116441959,Stanford_Nova_Regular_288,pouch,graphite,LiNi0.5Mn0.3Co0.2O2,,0.24,1.0,1.0,0,4.4,3.0,,,,,"[{""current_in_A"": null, ""end_soc"": 1.0, ""end_voltage_in_V"": null, ""power_in_W"": null, ""rate_in_C"": 1.0, ""start_soc"": 0.0, ""start_voltage_in_V"": null, ""voltage_in_V"": null}]","[{""current_in_A"": null, ""end_soc"": 0.0, ""end_voltage_in_V"": null, ""power_in_W"": null, ""rate_in_C"": 0.75, ""start_soc"": 1.0, ""start_voltage_in_V"": null, ""voltage_in_V"": null}]","[0, 1]",1078,1.0,1078.0,0.0,1.0,1,1.0,1.0,1.0,,,1,0.75,0.75,0.75,,,,
Stanford_2,Stanford_2/Stanford_Nova_Regular_289.pkl,120926449,Stanford_Nova_Regular_289,pouch,graphite,LiNi0.5Mn0.3Co0.2O2,,0.24,1.0,1.0,0,4.4,3.0,,,,,"[{""current_in_A"": null, ""end_soc"": 1.0, ""end_voltage_in_V"": null, ""power_in_W"": null, ""rate_in_C"": 1.0, ""start_soc"": 0.0, ""start_voltage_in_V"": null, ""voltage_in_V"": null}]","[{""current_in_A"": null, ""end_soc"": 0.0, ""end_voltage_in_V"": null, ""power_in_W"": null, ""rate_in_C"": 0.75, ""start_soc"": 1.0, ""start_voltage_in_V"": null, ""voltage_in_V"": null}]","[0, 1]",1119,1.0,1119.0,0.0,1.0,1,1.0,1.0,1.0,,,1,0.75,0.75,0.75,,,,
Stanford_2,Stanford_2/Stanford_Nova_Regular_290.pkl,129146623,Stanford_Nova_Regular_290,pouch,graphite,LiNi0.5Mn0.3Co0.2O2,,0.24,1.0,1.0,0,4.4,3.0,,,,,"[{""current_in_A"": null, ""end_soc"": 1.0, ""end_voltage_in_V"": null, ""power_in_W"": null, ""rate_in_C"": 1.0, ""start_soc"": 0.0, ""start_voltage_in_V"": null, ""voltage_in_V"": null}]","[{""current_in_A"": null, ""end_soc"": 0.0, ""end_voltage_in_V"": null, ""power_in_W"": null, ""rate_in_C"": 0.75, ""start_soc"": 1.0, ""start_voltage_in_V"": null, ""voltage_in_V"": null}]","[0, 1]",1197,1.0,1197.0,0.0,1.0,1,1.0,1.0,1.0,,,1,0.75,0.75,0.75,,,,
Stanford_2,Stanford_2/Stanford_Nova_Regular_291.pkl,129636106,Stanford_Nova_Regular_291,pouch,graphite,LiNi0.5Mn0.3Co0.2O2,,0.24,1.0,1.0,0,4.4,3.0,,,,,"[{""current_in_A"": null, ""end_soc"": 1.0, ""end_voltage_in_V"": null, ""power_in_W"": null, ""rate_in_C"": 1.0, ""start_soc"": 0.0, ""start_voltage_in_V"": null, ""voltage_in_V"": null}]","[{""current_in_A"": null, ""end_soc"": 0.0, ""end_voltage_in_V"": null, ""power_in_W"": null, ""rate_in_C"": 0.75, ""start_soc"": 1.0, ""start_voltage_in_V"": null, ""voltage_in_V"": null}]","[0, 1]",1200,1.0,1200.0,0.0,1.0,1,1.0,1.0,1.0,,,1,0.75,0.75,0.75,,,,
Stanford_2,Stanford_2/Stanford_Nova_Regular_292.pkl,175445539,Stanford_Nova_Regular_292,pouch,graphite,LiNi0.5Mn0.3Co0.2O2,,0.24,1.0,1.0,0,4.4,3.0,,,,,"[{""current_in_A"": null, ""end_soc"": 1.0, ""end_voltage_in_V"": null, ""power_in_W"": null, ""rate_in_C"": 1.0, ""start_soc"": 0.0, ""start_voltage_in_V"": null, ""voltage_in_V"": null}]","[{""current_in_A"": null, ""end_soc"": 0.0, ""end_voltage_in_V"": null, ""power_in_W"": null, ""rate_in_C"": 0.75, ""start_soc"": 1.0, ""start_voltage_in_V"": null, ""voltage_in_V"": null}]","[0, 1]",1624,1.0,1624.0,0.0,1.0,1,1.0,1.0,1.0,,,1,0.75,0.75,0.75,,,,
Stanford_2,Stanford_2/Stanford_Nova_Regular_293.pkl,136177852,Stanford_Nova_Regular_293,pouch,graphite,LiNi0.5Mn0.3Co0.2O2,,0.24,1.0,1.0,0,4.4,3.0,,,,,"[{""current_in_A"": null, ""end_soc"": 1.0, ""end_voltage_in_V"": null, ""power_in_W"": null, ""rate_in_C"": 1.0, ""start_soc"": 0.0, ""start_voltage_in_V"": null, ""voltage_in_V"": null}]","[{""current_in_A"": null, ""end_soc"": 0.0, ""end_voltage_in_V"": null, ""power_in_W"": null, ""rate_in_C"": 0.75, ""start_soc"": 1.0, ""start_voltage_in_V"": null, ""voltage_in_V"": null}]","[0, 1]",1261,1.0,1261.0,0.0,1.0,1,1.0,1.0,1.0,,,1,0.75,0.75,0.75,,,,
Stanford_2,Stanford_2/Stanford_Nova_Regular_294.pkl,120565720,Stanford_Nova_Regular_294,pouch,graphite,LiNi0.5Mn0.3Co0.2O2,,0.24,1.0,1.0,0,4.4,3.0,,,,,"[{""current_in_A"": null, ""end_soc"": 1.0, ""end_voltage_in_V"": null, ""power_in_W"": null, ""rate_in_C"": 1.0, ""start_soc"": 0.0, ""start_voltage_in_V"": null, ""voltage_in_V"": null}]","[{""current_in_A"": null, ""end_soc"": 0.0, ""end_voltage_in_V"": null, ""power_in_W"": null, ""rate_in_C"": 0.75, ""start_soc"": 1.0, ""start_voltage_in_V"": null, ""voltage_in_V"": null}]","[0, 1]",1116,1.0,1116.0,0.0,1.0,1,1.0,1.0,1.0,,,1,0.75,0.75,0.75,,,,
Stanford_2,Stanford_2/Stanford_Nova_Regular_295.pkl,114343663,Stanford_Nova_Regular_295,pouch,graphite,LiNi0.5Mn0.3Co0.2O2,,0.24,1.0,1.0,0,4.4,3.0,,,,,"[{""current_in_A"": null, ""end_soc"": 1.0, ""end_voltage_in_V"": null, ""power_in_W"": null, ""rate_in_C"": 1.0, ""start_soc"": 0.0, ""start_voltage_in_V"": null, ""voltage_in_V"": null}]","[{""current_in_A"": null, ""end_soc"": 0.0, ""end_voltage_in_V"": null, ""power_in_W"": null, ""rate_in_C"": 0.75, ""start_soc"": 1.0, ""start_voltage_in_V"": null, ""voltage_in_V"": null}]","[0, 1]",1060,1.0,1060.0,0.0,1.0,1,1.0,1.0,1.0,,,1,0.75,0.75,0.75,,,,
Stanford_2,Stanford_2/Stanford_Nova_Regular_296.pkl,111612133,Stanford_Nova_Regular_296,pouch,graphite,LiNi0.5Mn0.3Co0.2O2,,0.24,1.0,1.0,0,4.4,3.0,,,,,"[{""current_in_A"": null, ""end_soc"": 1.0, ""end_voltage_in_V"": null, ""power_in_W"": null, ""rate_in_C"": 1.0, ""start_soc"": 0.0, ""start_voltage_in_V"": null, ""voltage_in_V"": null}]","[{""current_in_A"": null, ""end_soc"": 0.0, ""end_voltage_in_V"": null, ""power_in_W"": null, ""rate_in_C"": 0.75, ""start_soc"": 1.0, ""start_voltage_in_V"": null, ""voltage_in_V"": null}]","[0, 1]",1034,1.0,1034.0,0.0,1.0,1,1.0,1.0,1.0,,,1,0.75,0.75,0.75,,,,
Stanford_2,Stanford_2/Stanford_Nova_Regular_297.pkl,145390357,Stanford_Nova_Regular_297,pouch,graphite,LiNi0.5Mn0.3Co0.2O2,,0.24,1.0,1.0,0,4.4,3.0,,,,,"[{""current_in_A"": null, ""end_soc"": 1.0, ""end_voltage_in_V"": null, ""power_in_W"": null, ""rate_in_C"": 1.0, ""start_soc"": 0.0, ""start_voltage_in_V"": null, ""voltage_in_V"": null}]","[{""current_in_A"": null, ""end_soc"": 0.0, ""end_voltage_in_V"": null, ""power_in_W"": null, ""rate_in_C"": 0.75, ""start_soc"": 1.0, ""start_voltage_in_V"": null, ""voltage_in_V"": null}]","[0, 1]",1346,1.0,1346.0,0.0,1.0,1,1.0,1.0,1.0,,,1,0.75,0.75,0.75,,,,
Stanford_2,Stanford_2/Stanford_Nova_Regular_299.pkl,120132769,Stanford_Nova_Regular_299,pouch,graphite,LiNi0.5Mn0.3Co0.2O2,,0.24,1.0,1.0,0,4.4,3.0,,,,,"[{""current_in_A"": null, ""end_soc"": 1.0, ""end_voltage_in_V"": null, ""power_in_W"": null, ""rate_in_C"": 1.0, ""start_soc"": 0.0, ""start_voltage_in_V"": null, ""voltage_in_V"": null}]","[{""current_in_A"": null, ""end_soc"": 0.0, ""end_voltage_in_V"": null, ""power_in_W"": null, ""rate_in_C"": 0.75, ""start_soc"": 1.0, ""start_voltage_in_V"": null, ""voltage_in_V"": null}]","[0, 1]",1114,1.0,1114.0,0.0,1.0,1,1.0,1.0,1.0,,,1,0.75,0.75,0.75,,,,
Stanford_2,Stanford_2/Stanford_Nova_Regular_300.pkl,118180441,Stanford_Nova_Regular_300,pouch,graphite,LiNi0.5Mn0.3Co0.2O2,,0.24,1.0,1.0,0,4.4,3.0,,,,,"[{""current_in_A"": null, ""end_soc"": 1.0, ""end_voltage_in_V"": null, ""power_in_W"": null, ""rate_in_C"": 1.0, ""start_soc"": 0.0, ""start_voltage_in_V"": null, ""voltage_in_V"": null}]","[{""current_in_A"": null, ""end_soc"": 0.0, ""end_voltage_in_V"": null, ""power_in_W"": null, ""rate_in_C"": 0.75, ""start_soc"": 1.0, ""start_voltage_in_V"": null, ""voltage_in_V"": null}]","[0, 1]",1094,1.0,1094.0,0.0,1.0,1,1.0,1.0,1.0,,,1,0.75,0.75,0.75,,,,
Stanford_2,Stanford_2/Stanford_Nova_Regular_301.pkl,126805423,Stanford_Nova_Regular_301,pouch,graphite,LiNi0.5Mn0.3Co0.2O2,,0.24,1.0,1.0,0,4.4,3.0,,,,,"[{""current_in_A"": null, ""end_soc"": 1.0, ""end_voltage_in_V"": null, ""power_in_W"": null, ""rate_in_C"": 1.0, ""start_soc"": 0.0, ""start_voltage_in_V"": null, ""voltage_in_V"": null}]","[{""current_in_A"": null, ""end_soc"": 0.0, ""end_voltage_in_V"": null, ""power_in_W"": null, ""rate_in_C"": 0.75, ""start_soc"": 1.0, ""start_voltage_in_V"": null, ""voltage_in_V"": null}]","[0, 1]",1174,1.0,1174.0,0.0,1.0,1,1.0,1.0,1.0,,,1,0.75,0.75,0.75,,,,
Stanford_2,Stanford_2/Stanford_Nova_Regular_302.pkl,125960914,Stanford_Nova_Regular_302,pouch,graphite,LiNi0.5Mn0.3Co0.2O2,,0.24,1.0,1.0,0,4.4,3.0,,,,,"[{""current_in_A"": null, ""end_soc"": 1.0, ""end_voltage_in_V"": null, ""power_in_W"": null, ""rate_in_C"": 1.0, ""start_soc"": 0.0, ""start_voltage_in_V"": null, ""voltage_in_V"": null}]","[{""current_in_A"": null, ""end_soc"": 0.0, ""end_voltage_in_V"": null, ""power_in_W"": null, ""rate_in_C"": 0.75, ""start_soc"": 1.0, ""start_voltage_in_V"": null, ""voltage_in_V"": null}]","[0, 1]",1166,1.0,1166.0,0.0,1.0,1,1.0,1.0,1.0,,,1,0.75,0.75,0.75,,,,
Stanford_2,Stanford_2/Stanford_Nova_Regular_303.pkl,152581894,Stanford_Nova_Regular_303,pouch,graphite,LiNi0.5Mn0.3Co0.2O2,,0.24,1.0,1.0,0,4.4,3.0,,,,,"[{""current_in_A"": null, ""end_soc"": 1.0, ""end_voltage_in_V"": null, ""power_in_W"": null, ""rate_in_C"": 1.0, ""start_soc"": 0.0, ""start_voltage_in_V"": null, ""voltage_in_V"": null}]","[{""current_in_A"": null, ""end_soc"": 0.0, ""end_voltage_in_V"": null, ""power_in_W"": null, ""rate_in_C"": 0.75, ""start_soc"": 1.0, ""start_voltage_in_V"": null, ""voltage_in_V"": null}]","[0, 1]",1413,1.0,1413.0,0.0,1.0,1,1.0,1.0,1.0,,,1,0.75,0.75,0.75,,,,
Stanford_2,Stanford_2/Stanford_Nova_Regular_304.pkl,132390214,Stanford_Nova_Regular_304,pouch,graphite,LiNi0.5Mn0.3Co0.2O2,,0.24,1.0,1.0,0,4.4,3.0,,,,,"[{""current_in_A"": null, ""end_soc"": 1.0, ""end_voltage_in_V"": null, ""power_in_W"": null, ""rate_in_C"": 1.0, ""start_soc"": 0.0, ""start_voltage_in_V"": null, ""voltage_in_V"": null}]","[{""current_in_A"": null, ""end_soc"": 0.0, ""end_voltage_in_V"": null, ""power_in_W"": null, ""rate_in_C"": 0.75, ""start_soc"": 1.0, ""start_voltage_in_V"": null, ""voltage_in_V"": null}]","[0, 1]",1225,1.0,1225.0,0.0,1.0,1,1.0,1.0,1.0,,,1,0.75,0.75,0.75,,,,
Stanford_2,Stanford_2/Stanford_Nova_Regular_305.pkl,117963916,Stanford_Nova_Regular_305,pouch,graphite,LiNi0.5Mn0.3Co0.2O2,,0.24,1.0,1.0,0,4.4,3.0,,,,,"[{""current_in_A"": null, ""end_soc"": 1.0, ""end_voltage_in_V"": null, ""power_in_W"": null, ""rate_in_C"": 1.0, ""start_soc"": 0.0, ""start_voltage_in_V"": null, ""voltage_in_V"": null}]","[{""current_in_A"": null, ""end_soc"": 0.0, ""end_voltage_in_V"": null, ""power_in_W"": null, ""rate_in_C"": 0.75, ""start_soc"": 1.0, ""start_voltage_in_V"": null, ""voltage_in_V"": null}]","[0, 1]",1092,1.0,1092.0,0.0,1.0,1,1.0,1.0,1.0,,,1,0.75,0.75,0.75,,,,
Stanford_2,Stanford_2/Stanford_Nova_Regular_306.pkl,123692266,Stanford_Nova_Regular_306,pouch,graphite,LiNi0.5Mn0.3Co0.2O2,,0.24,1.0,1.0,0,4.4,3.0,,,,,"[{""current_in_A"": null, ""end_soc"": 1.0, ""end_voltage_in_V"": null, ""power_in_W"": null, ""rate_in_C"": 1.0, ""start_soc"": 0.0, ""start_voltage_in_V"": null, ""voltage_in_V"": null}]","[{""current_in_A"": null, ""end_soc"": 0.0, ""end_voltage_in_V"": null, ""power_in_W"": null, ""rate_in_C"": 0.75, ""start_soc"": 1.0, ""start_voltage_in_V"": null, ""voltage_in_V"": null}]","[0, 1]",1145,1.0,1145.0,0.0,1.0,1,1.0,1.0,1.0,,,1,0.75,0.75,0.75,,,,
Stanford_2,Stanford_2/Stanford_Nova_Regular_307.pkl,123908413,Stanford_Nova_Regular_307,pouch,graphite,LiNi0.5Mn0.3Co0.2O2,,0.24,1.0,1.0,0,4.4,3.0,,,,,"[{""current_in_A"": null, ""end_soc"": 1.0, ""end_voltage_in_V"": null, ""power_in_W"": null, ""rate_in_C"": 1.0, ""start_soc"": 0.0, ""start_voltage_in_V"": null, ""voltage_in_V"": null}]","[{""current_in_A"": null, ""end_soc"": 0.0, ""end_voltage_in_V"": null, ""power_in_W"": null, ""rate_in_C"": 0.75, ""start_soc"": 1.0, ""start_voltage_in_V"": null, ""voltage_in_V"": null}]","[0, 1]",1147,1.0,1147.0,0.0,1.0,1,1.0,1.0,1.0,,,1,0.75,0.75,0.75,,,,
Stanford_2,Stanford_2/Stanford_Nova_Regular_308.pkl,118387525,Stanford_Nova_Regular_308,pouch,graphite,LiNi0.5Mn0.3Co0.2O2,,0.24,1.0,1.0,0,4.4,3.0,,,,,"[{""current_in_A"": null, ""end_soc"": 1.0, ""end_voltage_in_V"": null, ""power_in_W"": null, ""rate_in_C"": 1.0, ""start_soc"": 0.0, ""start_voltage_in_V"": null, ""voltage_in_V"": null}]","[{""current_in_A"": null, ""end_soc"": 0.0, ""end_voltage_in_V"": null, ""power_in_W"": null, ""rate_in_C"": 0.75, ""start_soc"": 1.0, ""start_voltage_in_V"": null, ""voltage_in_V"": null}]","[0, 1]",1096,1.0,1096.0,0.0,1.0,1,1.0,1.0,1.0,,,1,0.75,0.75,0.75,,,,
Stanford_2,Stanford_2/Stanford_Nova_Regular_309.pkl,116231806,Stanford_Nova_Regular_309,pouch,graphite,LiNi0.5Mn0.3Co0.2O2,,0.24,1.0,1.0,0,4.4,3.0,,,,,"[{""current_in_A"": null, ""end_soc"": 1.0, ""end_voltage_in_V"": null, ""power_in_W"": null, ""rate_in_C"": 1.0, ""start_soc"": 0.0, ""start_voltage_in_V"": null, ""voltage_in_V"": null}]","[{""current_in_A"": null, ""end_soc"": 0.0, ""end_voltage_in_V"": null, ""power_in_W"": null, ""rate_in_C"": 0.75, ""start_soc"": 1.0, ""start_voltage_in_V"": null, ""voltage_in_V"": null}]","[0, 1]",1076,1.0,1076.0,0.0,1.0,1,1.0,1.0,1.0,,,1,0.75,0.75,0.75,,,,
Stanford_2,Stanford_2/Stanford_Nova_Regular_310.pkl,123908413,Stanford_Nova_Regular_310,pouch,graphite,LiNi0.5Mn0.3Co0.2O2,,0.24,1.0,1.0,0,4.4,3.0,,,,,"[{""current_in_A"": null, ""end_soc"": 1.0, ""end_voltage_in_V"": null, ""power_in_W"": null, ""rate_in_C"": 1.0, ""start_soc"": 0.0, ""start_voltage_in_V"": null, ""voltage_in_V"": null}]","[{""current_in_A"": null, ""end_soc"": 0.0, ""end_voltage_in_V"": null, ""power_in_W"": null, ""rate_in_C"": 0.75, ""start_soc"": 1.0, ""start_voltage_in_V"": null, ""voltage_in_V"": null}]","[0, 1]",1147,1.0,1147.0,0.0,1.0,1,1.0,1.0,1.0,,,1,0.75,0.75,0.75,,,,
Stanford_2,Stanford_2/Stanford_Nova_Regular_311.pkl,126701071,Stanford_Nova_Regular_311,pouch,graphite,LiNi0.5Mn0.3Co0.2O2,,0.24,1.0,1.0,0,4.4,3.0,,,,,"[{""current_in_A"": null, ""end_soc"": 1.0, ""end_voltage_in_V"": null, ""power_in_W"": null, ""rate_in_C"": 1.0, ""start_soc"": 0.0, ""start_voltage_in_V"": null, ""voltage_in_V"": null}]","[{""current_in_A"": null, ""end_soc"": 0.0, ""end_voltage_in_V"": null, ""power_in_W"": null, ""rate_in_C"": 0.75, ""start_soc"": 1.0, ""start_voltage_in_V"": null, ""voltage_in_V"": null}]","[0, 1]",1173,1.0,1173.0,0.0,1.0,1,1.0,1.0,1.0,,,1,0.75,0.75,0.75,,,,
Stanford_2,Stanford_2/Stanford_Nova_Regular_312.pkl,104671085,Stanford_Nova_Regular_312,pouch,graphite,LiNi0.5Mn0.3Co0.2O2,,0.24,1.0,1.0,0,4.4,3.0,,,,,"[{""current_in_A"": null, ""end_soc"": 1.0, ""end_voltage_in_V"": null, ""power_in_W"": null, ""rate_in_C"": 1.0, ""start_soc"": 0.0, ""start_voltage_in_V"": null, ""voltage_in_V"": null}]","[{""current_in_A"": null, ""end_soc"": 0.0, ""end_voltage_in_V"": null, ""power_in_W"": null, ""rate_in_C"": 0.75, ""start_soc"": 1.0, ""start_voltage_in_V"": null, ""voltage_in_V"": null}]","[0, 1]",969,1.0,969.0,0.0,1.0,1,1.0,1.0,1.0,,,1,0.75,0.75,0.75,,,,
Stanford_2,Stanford_2/Stanford_Nova_Regular_313.pkl,119896036,Stanford_Nova_Regular_313,pouch,graphite,LiNi0.5Mn0.3Co0.2O2,,0.24,1.0,1.0,0,4.4,3.0,,,,,"[{""current_in_A"": null, ""end_soc"": 1.0, ""end_voltage_in_V"": null, ""power_in_W"": null, ""rate_in_C"": 1.0, ""start_soc"": 0.0, ""start_voltage_in_V"": null, ""voltage_in_V"": null}]","[{""current_in_A"": null, ""end_soc"": 0.0, ""end_voltage_in_V"": null, ""power_in_W"": null, ""rate_in_C"": 0.75, ""start_soc"": 1.0, ""start_voltage_in_V"": null, ""voltage_in_V"": null}]","[0, 1]",1110,1.0,1110.0,0.0,1.0,1,1.0,1.0,1.0,,,1,0.75,0.75,0.75,,,,
Stanford_2,Stanford_2/Stanford_Nova_Regular_314.pkl,134283379,Stanford_Nova_Regular_314,pouch,graphite,LiNi0.5Mn0.3Co0.2O2,,0.24,1.0,1.0,0,4.4,3.0,,,,,"[{""current_in_A"": null, ""end_soc"": 1.0, ""end_voltage_in_V"": null, ""power_in_W"": null, ""rate_in_C"": 1.0, ""start_soc"": 0.0, ""start_voltage_in_V"": null, ""voltage_in_V"": null}]","[{""current_in_A"": null, ""end_soc"": 0.0, ""end_voltage_in_V"": null, ""power_in_W"": null, ""rate_in_C"": 0.75, ""start_soc"": 1.0, ""start_voltage_in_V"": null, ""voltage_in_V"": null}]","[0, 1]",1243,1.0,1243.0,0.0,1.0,1,1.0,1.0,1.0,,,1,0.75,0.75,0.75,,,,
Stanford_2,Stanford_2/Stanford_Nova_Regular_315.pkl,115045090,Stanford_Nova_Regular_315,pouch,graphite,LiNi0.5Mn0.3Co0.2O2,,0.24,1.0,1.0,0,4.4,3.0,,,,,"[{""current_in_A"": null, ""end_soc"": 1.0, ""end_voltage_in_V"": null, ""power_in_W"": null, ""rate_in_C"": 1.0, ""start_soc"": 0.0, ""start_voltage_in_V"": null, ""voltage_in_V"": null}]","[{""current_in_A"": null, ""end_soc"": 0.0, ""end_voltage_in_V"": null, ""power_in_W"": null, ""rate_in_C"": 0.75, ""start_soc"": 1.0, ""start_voltage_in_V"": null, ""voltage_in_V"": null}]","[0, 1]",1065,1.0,1065.0,0.0,1.0,1,1.0,1.0,1.0,,,1,0.75,0.75,0.75,,,,
Stanford_2,Stanford_2/Stanford_Nova_Regular_316.pkl,113194795,Stanford_Nova_Regular_316,pouch,graphite,LiNi0.5Mn0.3Co0.2O2,,0.24,1.0,1.0,0,4.4,3.0,,,,,"[{""current_in_A"": null, ""end_soc"": 1.0, ""end_voltage_in_V"": null, ""power_in_W"": null, ""rate_in_C"": 1.0, ""start_soc"": 0.0, ""start_voltage_in_V"": null, ""voltage_in_V"": null}]","[{""current_in_A"": null, ""end_soc"": 0.0, ""end_voltage_in_V"": null, ""power_in_W"": null, ""rate_in_C"": 0.75, ""start_soc"": 1.0, ""start_voltage_in_V"": null, ""voltage_in_V"": null}]","[0, 1]",1048,1.0,1048.0,0.0,1.0,1,1.0,1.0,1.0,,,1,0.75,0.75,0.75,,,,
Stanford_2,Stanford_2/Stanford_Nova_Regular_317.pkl,120936331,Stanford_Nova_Regular_317,pouch,graphite,LiNi0.5Mn0.3Co0.2O2,,0.24,1.0,1.0,0,4.4,3.0,,,,,"[{""current_in_A"": null, ""end_soc"": 1.0, ""end_voltage_in_V"": null, ""power_in_W"": null, ""rate_in_C"": 1.0, ""start_soc"": 0.0, ""start_voltage_in_V"": null, ""voltage_in_V"": null}]","[{""current_in_A"": null, ""end_soc"": 0.0, ""end_voltage_in_V"": null, ""power_in_W"": null, ""rate_in_C"": 0.75, ""start_soc"": 1.0, ""start_voltage_in_V"": null, ""voltage_in_V"": null}]","[0, 1]",1119,1.0,1119.0,0.0,1.0,1,1.0,1.0,1.0,,,1,0.75,0.75,0.75,,,,
Stanford_2,Stanford_2/Stanford_Nova_Regular_318.pkl,137197522,Stanford_Nova_Regular_318,pouch,graphite,LiNi0.5Mn0.3Co0.2O2,,0.24,1.0,1.0,0,4.4,3.0,,,,,"[{""current_in_A"": null, ""end_soc"": 1.0, ""end_voltage_in_V"": null, ""power_in_W"": null, ""rate_in_C"": 1.0, ""start_soc"": 0.0, ""start_voltage_in_V"": null, ""voltage_in_V"": null}]","[{""current_in_A"": null, ""end_soc"": 0.0, ""end_voltage_in_V"": null, ""power_in_W"": null, ""rate_in_C"": 0.75, ""start_soc"": 1.0, ""start_voltage_in_V"": null, ""voltage_in_V"": null}]","[0, 1]",1271,1.0,1271.0,0.0,1.0,1,1.0,1.0,1.0,,,1,0.75,0.75,0.75,,,,
Stanford_2,Stanford_2/Stanford_Nova_Regular_319.pkl,156592081,Stanford_Nova_Regular_319,pouch,graphite,LiNi0.5Mn0.3Co0.2O2,,0.24,1.0,1.0,0,4.4,3.0,,,,,"[{""current_in_A"": null, ""end_soc"": 1.0, ""end_voltage_in_V"": null, ""power_in_W"": null, ""rate_in_C"": 1.0, ""start_soc"": 0.0, ""start_voltage_in_V"": null, ""voltage_in_V"": null}]","[{""current_in_A"": null, ""end_soc"": 0.0, ""end_voltage_in_V"": null, ""power_in_W"": null, ""rate_in_C"": 0.75, ""start_soc"": 1.0, ""start_voltage_in_V"": null, ""voltage_in_V"": null}]","[0, 1]",1454,1.0,1454.0,0.0,1.0,1,1.0,1.0,1.0,,,1,0.75,0.75,0.75,,,,
Stanford_2,Stanford_2/Stanford_Nova_Regular_320.pkl,165415852,Stanford_Nova_Regular_320,pouch,graphite,LiNi0.5Mn0.3Co0.2O2,,0.24,1.0,1.0,0,4.4,3.0,,,,,"[{""current_in_A"": null, ""end_soc"": 1.0, ""end_voltage_in_V"": null, ""power_in_W"": null, ""rate_in_C"": 1.0, ""start_soc"": 0.0, ""start_voltage_in_V"": null, ""voltage_in_V"": null}]","[{""current_in_A"": null, ""end_soc"": 0.0, ""end_voltage_in_V"": null, ""power_in_W"": null, ""rate_in_C"": 0.75, ""start_soc"": 1.0, ""start_voltage_in_V"": null, ""voltage_in_V"": null}]","[0, 1]",1532,1.0,1532.0,0.0,1.0,1,1.0,1.0,1.0,,,1,0.75,0.75,0.75,,,,
Stanford_2,Stanford_2/Stanford_Nova_Regular_321.pkl,131691700,Stanford_Nova_Regular_321,pouch,graphite,LiNi0.5Mn0.3Co0.2O2,,0.24,1.0,1.0,0,4.4,3.0,,,,,"[{""current_in_A"": null, ""end_soc"": 1.0, ""end_voltage_in_V"": null, ""power_in_W"": null, ""rate_in_C"": 1.0, ""start_soc"": 0.0, ""start_voltage_in_V"": null, ""voltage_in_V"": null}]","[{""current_in_A"": null, ""end_soc"": 0.0, ""end_voltage_in_V"": null, ""power_in_W"": null, ""rate_in_C"": 0.75, ""start_soc"": 1.0, ""start_voltage_in_V"": null, ""voltage_in_V"": null}]","[0, 1]",1220,1.0,1220.0,0.0,1.0,1,1.0,1.0,1.0,,,1,0.75,0.75,0.75,,,,
Stanford_2,Stanford_2/Stanford_Nova_Regular_322.pkl,163284238,Stanford_Nova_Regular_322,pouch,graphite,LiNi0.5Mn0.3Co0.2O2,,0.24,1.0,1.0,0,4.4,3.0,,,,,"[{""current_in_A"": null, ""end_soc"": 1.0, ""end_voltage_in_V"": null, ""power_in_W"": null, ""rate_in_C"": 1.0, ""start_soc"": 0.0, ""start_voltage_in_V"": null, ""voltage_in_V"": null}]","[{""current_in_A"": null, ""end_soc"": 0.0, ""end_voltage_in_V"": null, ""power_in_W"": null, ""rate_in_C"": 0.75, ""start_soc"": 1.0, ""start_voltage_in_V"": null, ""voltage_in_V"": null}]","[0, 1]",1514,1.0,1514.0,0.0,1.0,1,1.0,1.0,1.0,,,1,0.75,0.75,0.75,,,,
Stanford_2,Stanford_2/Stanford_Nova_Regular_323.pkl,113209006,Stanford_Nova_Regular_323,pouch,graphite,LiNi0.5Mn0.3Co0.2O2,,0.24,1.0,1.0,0,4.4,3.0,,,,,"[{""current_in_A"": null, ""end_soc"": 1.0, ""end_voltage_in_V"": null, ""power_in_W"": null, ""rate_in_C"": 1.0, ""start_soc"": 0.0, ""start_voltage_in_V"": null, ""voltage_in_V"": null}]","[{""current_in_A"": null, ""end_soc"": 0.0, ""end_voltage_in_V"": null, ""power_in_W"": null, ""rate_in_C"": 0.75, ""start_soc"": 1.0, ""start_voltage_in_V"": null, ""voltage_in_V"": null}]","[0, 1]",1048,1.0,1048.0,0.0,1.0,1,1.0,1.0,1.0,,,1,0.75,0.75,0.75,,,,
Stanford_2,Stanford_2/Stanford_Nova_Regular_324.pkl,79483439,Stanford_Nova_Regular_324,pouch,graphite,LiNi0.5Mn0.3Co0.2O2,,0.24,1.0,1.0,0,4.4,3.0,,,,,"[{""current_in_A"": null, ""end_soc"": 1.0, ""end_voltage_in_V"": null, ""power_in_W"": null, ""rate_in_C"": 1.0, ""start_soc"": 0.0, ""start_voltage_in_V"": null, ""voltage_in_V"": null}]","[{""current_in_A"": null, ""end_soc"": 0.0, ""end_voltage_in_V"": null, ""power_in_W"": null, ""rate_in_C"": 0.75, ""start_soc"": 1.0, ""start_voltage_in_V"": null, ""voltage_in_V"": null}]","[0, 1]",736,1.0,736.0,0.0,1.0,1,1.0,1.0,1.0,,,1,0.75,0.75,0.75,,,,
Stanford_2,Stanford_2/Stanford_Nova_Regular_325.pkl,92987183,Stanford_Nova_Regular_325,pouch,graphite,LiNi0.5Mn0.3Co0.2O2,,0.24,1.0,1.0,0,4.4,3.0,,,,,"[{""current_in_A"": null, ""end_soc"": 1.0, ""end_voltage_in_V"": null, ""power_in_W"": null, ""rate_in_C"": 1.0, ""start_soc"": 0.0, ""start_voltage_in_V"": null, ""voltage_in_V"": null}]","[{""current_in_A"": null, ""end_soc"": 0.0, ""end_voltage_in_V"": null, ""power_in_W"": null, ""rate_in_C"": 0.75, ""start_soc"": 1.0, ""start_voltage_in_V"": null, ""voltage_in_V"": null}]","[0, 1]",862,1.0,862.0,0.0,1.0,1,1.0,1.0,1.0,,,1,0.75,0.75,0.75,,,,
Stanford_2,Stanford_2/Stanford_Nova_Regular_326.pkl,80231972,Stanford_Nova_Regular_326,pouch,graphite,LiNi0.5Mn0.3Co0.2O2,,0.24,1.0,1.0,0,4.4,3.0,,,,,"[{""current_in_A"": null, ""end_soc"": 1.0, ""end_voltage_in_V"": null, ""power_in_W"": null, ""rate_in_C"": 1.0, ""start_soc"": 0.0, ""start_voltage_in_V"": null, ""voltage_in_V"": null}]","[{""current_in_A"": null, ""end_soc"": 0.0, ""end_voltage_in_V"": null, ""power_in_W"": null, ""rate_in_C"": 0.75, ""start_soc"": 1.0, ""start_voltage_in_V"": null, ""voltage_in_V"": null}]","[0, 1]",744,1.0,744.0,0.0,1.0,1,1.0,1.0,1.0,,,1,0.75,0.75,0.75,,,,
Tongji,Tongji/Tongji1_CY25-025_1--1.pkl,66679054,Tongji1_CY25-025_1--1,cylindrical_18650,Graphite/Si,Li0.86Ni0.86Co0.11Al0.03 O2 (NCA),,3.5,1.0,1.0,0,4.2,2.65,,,,,"[{""current_in_A"": null, ""end_soc"": 1.0, ""end_voltage_in_V"": null, ""power_in_W"": null, ""rate_in_C"": """", ""start_soc"": 0, ""start_voltage_in_V"": null, ""voltage_in_V"": null}]","[{""current_in_A"": null, ""end_soc"": 1, ""end_voltage_in_V"": null, ""power_in_W"": null, ""rate_in_C"": """", ""start_soc"": 1.0, ""start_voltage_in_V"": null, ""voltage_in_V"": null}]","[0, 1]",487,2.0,488.0,0.0,1.0,1,,,,,,1,,,,,,,
Tongji,Tongji/Tongji1_CY25-025_1--2.pkl,32191646,Tongji1_CY25-025_1--2,cylindrical_18650,Graphite/Si,Li0.86Ni0.86Co0.11Al0.03 O2 (NCA),,3.5,1.0,1.0,0,4.2,2.65,,,,,"[{""current_in_A"": null, ""end_soc"": 1.0, ""end_voltage_in_V"": null, ""power_in_W"": null, ""rate_in_C"": """", ""start_soc"": 0, ""start_voltage_in_V"": null, ""voltage_in_V"": null}]","[{""current_in_A"": null, ""end_soc"": 1, ""end_voltage_in_V"": null, ""power_in_W"": null, ""rate_in_C"": """", ""start_soc"": 1.0, ""start_voltage_in_V"": null, ""voltage_in_V"": null}]","[0, 1]",234,2.0,235.0,0.0,1.0,1,,,,,,1,,,,,,,
Tongji,Tongji/Tongji1_CY25-025_1--3.pkl,20642085,Tongji1_CY25-025_1--3,cylindrical_18650,Graphite/Si,Li0.86Ni0.86Co0.11Al0.03 O2 (NCA),,3.5,1.0,1.0,0,4.2,2.65,,,,,"[{""current_in_A"": null, ""end_soc"": 1.0, ""end_voltage_in_V"": null, ""power_in_W"": null, ""rate_in_C"": """", ""start_soc"": 0, ""start_voltage_in_V"": null, ""voltage_in_V"": null}]","[{""current_in_A"": null, ""end_soc"": 1, ""end_voltage_in_V"": null, ""power_in_W"": null, ""rate_in_C"": """", ""start_soc"": 1.0, ""start_voltage_in_V"": null, ""voltage_in_V"": null}]","[0, 1]",300,2.0,313.0,0.0,1.0,1,,,,,,1,,,,,,,
Tongji,Tongji/Tongji1_CY25-025_1--4.pkl,22857819,Tongji1_CY25-025_1--4,cylindrical_18650,Graphite/Si,Li0.86Ni0.86Co0.11Al0.03 O2 (NCA),,3.5,1.0,1.0,0,4.2,2.65,,,,,"[{""current_in_A"": null, ""end_soc"": 1.0, ""end_voltage_in_V"": null, ""power_in_W"": null, ""rate_in_C"": """", ""start_soc"": 0, ""start_voltage_in_V"": null, ""voltage_in_V"": null}]","[{""current_in_A"": null, ""end_soc"": 1, ""end_voltage_in_V"": null, ""power_in_W"": null, ""rate_in_C"": """", ""start_soc"": 1.0, ""start_voltage_in_V"": null, ""voltage_in_V"": null}]","[0, 1]",331,2.0,345.0,0.0,1.0,1,,,,,,1,,,,,,,
Tongji,Tongji/Tongji1_CY25-025_1--5.pkl,23536134,Tongji1_CY25-025_1--5,cylindrical_18650,Graphite/Si,Li0.86Ni0.86Co0.11Al0.03 O2 (NCA),,3.5,1.0,1.0,0,4.2,2.65,,,,,"[{""current_in_A"": null, ""end_soc"": 1.0, ""end_voltage_in_V"": null, ""power_in_W"": null, ""rate_in_C"": """", ""start_soc"": 0, ""start_voltage_in_V"": null, ""voltage_in_V"": null}]","[{""current_in_A"": null, ""end_soc"": 1, ""end_voltage_in_V"": null, ""power_in_W"": null, ""rate_in_C"": """", ""start_soc"": 1.0, ""start_voltage_in_V"": null, ""voltage_in_V"": null}]","[0, 1]",338,2.0,352.0,0.0,1.0,1,,,,,,1,,,,,,,
Tongji,Tongji/Tongji1_CY25-025_1--6.pkl,17438838,Tongji1_CY25-025_1--6,cylindrical_18650,Graphite/Si,Li0.86Ni0.86Co0.11Al0.03 O2 (NCA),,3.5,1.0,1.0,0,4.2,2.65,,,,,"[{""current_in_A"": null, ""end_soc"": 1.0, ""end_voltage_in_V"": null, ""power_in_W"": null, ""rate_in_C"": """", ""start_soc"": 0, ""start_voltage_in_V"": null, ""voltage_in_V"": null}]","[{""current_in_A"": null, ""end_soc"": 1, ""end_voltage_in_V"": null, ""power_in_W"": null, ""rate_in_C"": """", ""start_soc"": 1.0, ""start_voltage_in_V"": null, ""voltage_in_V"": null}]","[0, 1]",245,2.0,255.0,0.0,1.0,1,,,,,,1,,,,,,,
Tongji,Tongji/Tongji1_CY25-025_1--7.pkl,17951679,Tongji1_CY25-025_1--7,cylindrical_18650,Graphite/Si,Li0.86Ni0.86Co0.11Al0.03 O2 (NCA),,3.5,1.0,1.0,0,4.2,2.65,,,,,"[{""current_in_A"": null, ""end_soc"": 1.0, ""end_voltage_in_V"": null, ""power_in_W"": null, ""rate_in_C"": """", ""start_soc"": 0, ""start_voltage_in_V"": null, ""voltage_in_V"": null}]","[{""current_in_A"": null, ""end_soc"": 1, ""end_voltage_in_V"": null, ""power_in_W"": null, ""rate_in_C"": """", ""start_soc"": 1.0, ""start_voltage_in_V"": null, ""voltage_in_V"": null}]","[0, 1]",251,2.0,262.0,0.0,1.0,1,,,,,,1,,,,,,,
Tongji,Tongji/Tongji1_CY25-05_1--1.pkl,9182628,Tongji1_CY25-05_1--1,cylindrical_18650,Graphite/Si,Li0.86Ni0.86Co0.11Al0.03 O2 (NCA),,3.5,1.0,1.0,0,4.2,2.65,,,,,"[{""current_in_A"": null, ""end_soc"": 1.0, ""end_voltage_in_V"": null, ""power_in_W"": null, ""rate_in_C"": """", ""start_soc"": 0, ""start_voltage_in_V"": null, ""voltage_in_V"": null}]","[{""current_in_A"": null, ""end_soc"": 1, ""end_voltage_in_V"": null, ""power_in_W"": null, ""rate_in_C"": """", ""start_soc"": 1.0, ""start_voltage_in_V"": null, ""voltage_in_V"": null}]","[0, 1]",145,2.0,146.0,0.0,1.0,1,,,,,,1,,,,,,,
Tongji,Tongji/Tongji1_CY25-05_1--10.pkl,13905671,Tongji1_CY25-05_1--10,cylindrical_18650,Graphite/Si,Li0.86Ni0.86Co0.11Al0.03 O2 (NCA),,3.5,1.0,1.0,0,4.2,2.65,,,,,"[{""current_in_A"": null, ""end_soc"": 1.0, ""end_voltage_in_V"": null, ""power_in_W"": null, ""rate_in_C"": """", ""start_soc"": 0, ""start_voltage_in_V"": null, ""voltage_in_V"": null}]","[{""current_in_A"": null, ""end_soc"": 1, ""end_voltage_in_V"": null, ""power_in_W"": null, ""rate_in_C"": """", ""start_soc"": 1.0, ""start_voltage_in_V"": null, ""voltage_in_V"": null}]","[0, 1]",207,2.0,208.0,0.0,1.0,1,,,,,,1,,,,,,,
Tongji,Tongji/Tongji1_CY25-05_1--11.pkl,10433494,Tongji1_CY25-05_1--11,cylindrical_18650,Graphite/Si,Li0.86Ni0.86Co0.11Al0.03 O2 (NCA),,3.5,1.0,1.0,0,4.2,2.65,,,,,"[{""current_in_A"": null, ""end_soc"": 1.0, ""end_voltage_in_V"": null, ""power_in_W"": null, ""rate_in_C"": """", ""start_soc"": 0, ""start_voltage_in_V"": null, ""voltage_in_V"": null}]","[{""current_in_A"": null, ""end_soc"": 1, ""end_voltage_in_V"": null, ""power_in_W"": null, ""rate_in_C"": """", ""start_soc"": 1.0, ""start_voltage_in_V"": null, ""voltage_in_V"": null}]","[0, 1]",157,2.0,164.0,0.0,1.0,1,,,,,,1,,,,,,,
Tongji,Tongji/Tongji1_CY25-05_1--12.pkl,10324377,Tongji1_CY25-05_1--12,cylindrical_18650,Graphite/Si,Li0.86Ni0.86Co0.11Al0.03 O2 (NCA),,3.5,1.0,1.0,0,4.2,2.65,,,,,"[{""current_in_A"": null, ""end_soc"": 1.0, ""end_voltage_in_V"": null, ""power_in_W"": null, ""rate_in_C"": """", ""start_soc"": 0, ""start_voltage_in_V"": null, ""voltage_in_V"": null}]","[{""current_in_A"": null, ""end_soc"": 1, ""end_voltage_in_V"": null, ""power_in_W"": null, ""rate_in_C"": """", ""start_soc"": 1.0, ""start_voltage_in_V"": null, ""voltage_in_V"": null}]","[0, 1]",155,2.0,162.0,0.0,1.0,1,,,,,,1,,,,,,,
Tongji,Tongji/Tongji1_CY25-05_1--13.pkl,12389146,Tongji1_CY25-05_1--13,cylindrical_18650,Graphite/Si,Li0.86Ni0.86Co0.11Al0.03 O2 (NCA),,3.5,1.0,1.0,0,4.2,2.65,,,,,"[{""current_in_A"": null, ""end_soc"": 1.0, ""end_voltage_in_V"": null, ""power_in_W"": null, ""rate_in_C"": """", ""start_soc"": 0, ""start_voltage_in_V"": null, ""voltage_in_V"": null}]","[{""current_in_A"": null, ""end_soc"": 1, ""end_voltage_in_V"": null, ""power_in_W"": null, ""rate_in_C"": """", ""start_soc"": 1.0, ""start_voltage_in_V"": null, ""voltage_in_V"": null}]","[0, 1]",193,2.0,194.0,0.0,1.0,1,,,,,,1,,,,,,,
Tongji,Tongji/Tongji1_CY25-05_1--14.pkl,12241682,Tongji1_CY25-05_1--14,cylindrical_18650,Graphite/Si,Li0.86Ni0.86Co0.11Al0.03 O2 (NCA),,3.5,1.0,1.0,0,4.2,2.65,,,,,"[{""current_in_A"": null, ""end_soc"": 1.0, ""end_voltage_in_V"": null, ""power_in_W"": null, ""rate_in_C"": """", ""start_soc"": 0, ""start_voltage_in_V"": null, ""voltage_in_V"": null}]","[{""current_in_A"": null, ""end_soc"": 1, ""end_voltage_in_V"": null, ""power_in_W"": null, ""rate_in_C"": """", ""start_soc"": 1.0, ""start_voltage_in_V"": null, ""voltage_in_V"": null}]","[0, 1]",192,2.0,193.0,0.0,1.0,1,,,,,,1,,,,,,,
Tongji,Tongji/Tongji1_CY25-05_1--15.pkl,12289779,Tongji1_CY25-05_1--15,cylindrical_18650,Graphite/Si,Li0.86Ni0.86Co0.11Al0.03 O2 (NCA),,3.5,1.0,1.0,0,4.2,2.65,,,,,"[{""current_in_A"": null, ""end_soc"": 1.0, ""end_voltage_in_V"": null, ""power_in_W"": null, ""rate_in_C"": """", ""start_soc"": 0, ""start_voltage_in_V"": null, ""voltage_in_V"": null}]","[{""current_in_A"": null, ""end_soc"": 1, ""end_voltage_in_V"": null, ""power_in_W"": null, ""rate_in_C"": """", ""start_soc"": 1.0, ""start_voltage_in_V"": null, ""voltage_in_V"": null}]","[0, 1]",191,2.0,192.0,0.0,1.0,1,,,,,,1,,,,,,,
Tongji,Tongji/Tongji1_CY25-05_1--16.pkl,10277415,Tongji1_CY25-05_1--16,cylindrical_18650,Graphite/Si,Li0.86Ni0.86Co0.11Al0.03 O2 (NCA),,3.5,1.0,1.0,0,4.2,2.65,,,,,"[{""current_in_A"": null, ""end_soc"": 1.0, ""end_voltage_in_V"": null, ""power_in_W"": null, ""rate_in_C"": """", ""start_soc"": 0, ""start_voltage_in_V"": null, ""voltage_in_V"": null}]","[{""current_in_A"": null, ""end_soc"": 1, ""end_voltage_in_V"": null, ""power_in_W"": null, ""rate_in_C"": """", ""start_soc"": 1.0, ""start_voltage_in_V"": null, ""voltage_in_V"": null}]","[0, 1]",161,2.0,162.0,0.0,1.0,1,,,,,,1,,,,,,,
Tongji,Tongji/Tongji1_CY25-05_1--17.pkl,12352550,Tongji1_CY25-05_1--17,cylindrical_18650,Graphite/Si,Li0.86Ni0.86Co0.11Al0.03 O2 (NCA),,3.5,1.0,1.0,0,4.2,2.65,,,,,"[{""current_in_A"": null, ""end_soc"": 1.0, ""end_voltage_in_V"": null, ""power_in_W"": null, ""rate_in_C"": """", ""start_soc"": 0, ""start_voltage_in_V"": null, ""voltage_in_V"": null}]","[{""current_in_A"": null, ""end_soc"": 1, ""end_voltage_in_V"": null, ""power_in_W"": null, ""rate_in_C"": """", ""start_soc"": 1.0, ""start_voltage_in_V"": null, ""voltage_in_V"": null}]","[0, 1]",192,2.0,193.0,0.0,1.0,1,,,,,,1,,,,,,,
Tongji,Tongji/Tongji1_CY25-05_1--18.pkl,11943273,Tongji1_CY25-05_1--18,cylindrical_18650,Graphite/Si,Li0.86Ni0.86Co0.11Al0.03 O2 (NCA),,3.5,1.0,1.0,0,4.2,2.65,,,,,"[{""current_in_A"": null, ""end_soc"": 1.0, ""end_voltage_in_V"": null, ""power_in_W"": null, ""rate_in_C"": """", ""start_soc"": 0, ""start_voltage_in_V"": null, ""voltage_in_V"": null}]","[{""current_in_A"": null, ""end_soc"": 1, ""end_voltage_in_V"": null, ""power_in_W"": null, ""rate_in_C"": """", ""start_soc"": 1.0, ""start_voltage_in_V"": null, ""voltage_in_V"": null}]","[0, 1]",188,2.0,189.0,0.0,1.0,1,,,,,,1,,,,,,,
Tongji,Tongji/Tongji1_CY25-05_1--19.pkl,9749597,Tongji1_CY25-05_1--19,cylindrical_18650,Graphite/Si,Li0.86Ni0.86Co0.11Al0.03 O2 (NCA),,3.5,1.0,1.0,0,4.2,2.65,,,,,"[{""current_in_A"": null, ""end_soc"": 1.0, ""end_voltage_in_V"": null, ""power_in_W"": null, ""rate_in_C"": """", ""start_soc"": 0, ""start_voltage_in_V"": null, ""voltage_in_V"": null}]","[{""current_in_A"": null, ""end_soc"": 1, ""end_voltage_in_V"": null, ""power_in_W"": null, ""rate_in_C"": """", ""start_soc"": 1.0, ""start_voltage_in_V"": null, ""voltage_in_V"": null}]","[0, 1]",153,2.0,154.0,0.0,1.0,1,,,,,,1,,,,,,,
Tongji,Tongji/Tongji1_CY25-05_1--2.pkl,11246778,Tongji1_CY25-05_1--2,cylindrical_18650,Graphite/Si,Li0.86Ni0.86Co0.11Al0.03 O2 (NCA),,3.5,1.0,1.0,0,4.2,2.65,,,,,"[{""current_in_A"": null, ""end_soc"": 1.0, ""end_voltage_in_V"": null, ""power_in_W"": null, ""rate_in_C"": """", ""start_soc"": 0, ""start_voltage_in_V"": null, ""voltage_in_V"": null}]","[{""current_in_A"": null, ""end_soc"": 1, ""end_voltage_in_V"": null, ""power_in_W"": null, ""rate_in_C"": """", ""start_soc"": 1.0, ""start_voltage_in_V"": null, ""voltage_in_V"": null}]","[0, 1]",178,2.0,179.0,0.0,1.0,1,,,,,,1,,,,,,,
Tongji,Tongji/Tongji1_CY25-05_1--3.pkl,12280015,Tongji1_CY25-05_1--3,cylindrical_18650,Graphite/Si,Li0.86Ni0.86Co0.11Al0.03 O2 (NCA),,3.5,1.0,1.0,0,4.2,2.65,,,,,"[{""current_in_A"": null, ""end_soc"": 1.0, ""end_voltage_in_V"": null, ""power_in_W"": null, ""rate_in_C"": """", ""start_soc"": 0, ""start_voltage_in_V"": null, ""voltage_in_V"": null}]","[{""current_in_A"": null, ""end_soc"": 1, ""end_voltage_in_V"": null, ""power_in_W"": null, ""rate_in_C"": """", ""start_soc"": 1.0, ""start_voltage_in_V"": null, ""voltage_in_V"": null}]","[0, 1]",192,2.0,193.0,0.0,1.0,1,,,,,,1,,,,,,,
Tongji,Tongji/Tongji1_CY25-05_1--4.pkl,12343536,Tongji1_CY25-05_1--4,cylindrical_18650,Graphite/Si,Li0.86Ni0.86Co0.11Al0.03 O2 (NCA),,3.5,1.0,1.0,0,4.2,2.65,,,,,"[{""current_in_A"": null, ""end_soc"": 1.0, ""end_voltage_in_V"": null, ""power_in_W"": null, ""rate_in_C"": """", ""start_soc"": 0, ""start_voltage_in_V"": null, ""voltage_in_V"": null}]","[{""current_in_A"": null, ""end_soc"": 1, ""end_voltage_in_V"": null, ""power_in_W"": null, ""rate_in_C"": """", ""start_soc"": 1.0, ""start_voltage_in_V"": null, ""voltage_in_V"": null}]","[0, 1]",193,2.0,194.0,0.0,1.0,1,,,,,,1,,,,,,,
Tongji,Tongji/Tongji1_CY25-05_1--5.pkl,12357336,Tongji1_CY25-05_1--5,cylindrical_18650,Graphite/Si,Li0.86Ni0.86Co0.11Al0.03 O2 (NCA),,3.5,1.0,1.0,0,4.2,2.65,,,,,"[{""current_in_A"": null, ""end_soc"": 1.0, ""end_voltage_in_V"": null, ""power_in_W"": null, ""rate_in_C"": """", ""start_soc"": 0, ""start_voltage_in_V"": null, ""voltage_in_V"": null}]","[{""current_in_A"": null, ""end_soc"": 1, ""end_voltage_in_V"": null, ""power_in_W"": null, ""rate_in_C"": """", ""start_soc"": 1.0, ""start_voltage_in_V"": null, ""voltage_in_V"": null}]","[0, 1]",193,2.0,194.0,0.0,1.0,1,,,,,,1,,,,,,,
Tongji,Tongji/Tongji1_CY25-05_1--6.pkl,11591096,Tongji1_CY25-05_1--6,cylindrical_18650,Graphite/Si,Li0.86Ni0.86Co0.11Al0.03 O2 (NCA),,3.5,1.0,1.0,0,4.2,2.65,,,,,"[{""current_in_A"": null, ""end_soc"": 1.0, ""end_voltage_in_V"": null, ""power_in_W"": null, ""rate_in_C"": """", ""start_soc"": 0, ""start_voltage_in_V"": null, ""voltage_in_V"": null}]","[{""current_in_A"": null, ""end_soc"": 1, ""end_voltage_in_V"": null, ""power_in_W"": null, ""rate_in_C"": """", ""start_soc"": 1.0, ""start_voltage_in_V"": null, ""voltage_in_V"": null}]","[0, 1]",182,2.0,183.0,0.0,1.0,1,,,,,,1,,,,,,,
Tongji,Tongji/Tongji1_CY25-05_1--7.pkl,10985895,Tongji1_CY25-05_1--7,cylindrical_18650,Graphite/Si,Li0.86Ni0.86Co0.11Al0.03 O2 (NCA),,3.5,1.0,1.0,0,4.2,2.65,,,,,"[{""current_in_A"": null, ""end_soc"": 1.0, ""end_voltage_in_V"": null, ""power_in_W"": null, ""rate_in_C"": """", ""start_soc"": 0, ""start_voltage_in_V"": null, ""voltage_in_V"": null}]","[{""current_in_A"": null, ""end_soc"": 1, ""end_voltage_in_V"": null, ""power_in_W"": null, ""rate_in_C"": """", ""start_soc"": 1.0, ""start_voltage_in_V"": null, ""voltage_in_V"": null}]","[0, 1]",172,2.0,173.0,0.0,1.0,1,,,,,,1,,,,,,,
Tongji,Tongji/Tongji1_CY25-05_1--8.pkl,7274539,Tongji1_CY25-05_1--8,cylindrical_18650,Graphite/Si,Li0.86Ni0.86Co0.11Al0.03 O2 (NCA),,3.5,1.0,1.0,0,4.2,2.65,,,,,"[{""current_in_A"": null, ""end_soc"": 1.0, ""end_voltage_in_V"": null, ""power_in_W"": null, ""rate_in_C"": """", ""start_soc"": 0, ""start_voltage_in_V"": null, ""voltage_in_V"": null}]","[{""current_in_A"": null, ""end_soc"": 1, ""end_voltage_in_V"": null, ""power_in_W"": null, ""rate_in_C"": """", ""start_soc"": 1.0, ""start_voltage_in_V"": null, ""voltage_in_V"": null}]","[0, 1]",108,2.0,109.0,0.0,1.0,1,,,,,,1,,,,,,,
Tongji,Tongji/Tongji1_CY25-05_1--9.pkl,7259327,Tongji1_CY25-05_1--9,cylindrical_18650,Graphite/Si,Li0.86Ni0.86Co0.11Al0.03 O2 (NCA),,3.5,1.0,1.0,0,4.2,2.65,,,,,"[{""current_in_A"": null, ""end_soc"": 1.0, ""end_voltage_in_V"": null, ""power_in_W"": null, ""rate_in_C"": """", ""start_soc"": 0, ""start_voltage_in_V"": null, ""voltage_in_V"": null}]","[{""current_in_A"": null, ""end_soc"": 1, ""end_voltage_in_V"": null, ""power_in_W"": null, ""rate_in_C"": """", ""start_soc"": 1.0, ""start_voltage_in_V"": null, ""voltage_in_V"": null}]","[0, 1]",107,2.0,108.0,0.0,1.0,1,,,,,,1,,,,,,,
Tongji,Tongji/Tongji1_CY25-1_1--1.pkl,2410944,Tongji1_CY25-1_1--1,cylindrical_18650,Graphite/Si,Li0.86Ni0.86Co0.11Al0.03 O2 (NCA),,3.5,1.0,1.0,0,4.2,2.65,,,,,"[{""current_in_A"": null, ""end_soc"": 1.0, ""end_voltage_in_V"": null, ""power_in_W"": null, ""rate_in_C"": """", ""start_soc"": 0, ""start_voltage_in_V"": null, ""voltage_in_V"": null}]","[{""current_in_A"": null, ""end_soc"": 1, ""end_voltage_in_V"": null, ""power_in_W"": null, ""rate_in_C"": """", ""start_soc"": 1.0, ""start_voltage_in_V"": null, ""voltage_in_V"": null}]","[0, 1]",34,2.0,36.0,0.0,1.0,1,,,,,,1,,,,,,,
Tongji,Tongji/Tongji1_CY25-1_1--2.pkl,2466805,Tongji1_CY25-1_1--2,cylindrical_18650,Graphite/Si,Li0.86Ni0.86Co0.11Al0.03 O2 (NCA),,3.5,1.0,1.0,0,4.2,2.65,,,,,"[{""current_in_A"": null, ""end_soc"": 1.0, ""end_voltage_in_V"": null, ""power_in_W"": null, ""rate_in_C"": """", ""start_soc"": 0, ""start_voltage_in_V"": null, ""voltage_in_V"": null}]","[{""current_in_A"": null, ""end_soc"": 1, ""end_voltage_in_V"": null, ""power_in_W"": null, ""rate_in_C"": """", ""start_soc"": 1.0, ""start_voltage_in_V"": null, ""voltage_in_V"": null}]","[0, 1]",35,2.0,37.0,0.0,1.0,1,,,,,,1,,,,,,,
Tongji,Tongji/Tongji1_CY25-1_1--3.pkl,1826469,Tongji1_CY25-1_1--3,cylindrical_18650,Graphite/Si,Li0.86Ni0.86Co0.11Al0.03 O2 (NCA),,3.5,1.0,1.0,0,4.2,2.65,,,,,"[{""current_in_A"": null, ""end_soc"": 1.0, ""end_voltage_in_V"": null, ""power_in_W"": null, ""rate_in_C"": """", ""start_soc"": 0, ""start_voltage_in_V"": null, ""voltage_in_V"": null}]","[{""current_in_A"": null, ""end_soc"": 1, ""end_voltage_in_V"": null, ""power_in_W"": null, ""rate_in_C"": """", ""start_soc"": 1.0, ""start_voltage_in_V"": null, ""voltage_in_V"": null}]","[0, 1]",27,2.0,29.0,0.0,1.0,1,,,,,,1,,,,,,,
Tongji,Tongji/Tongji1_CY25-1_1--4.pkl,2026570,Tongji1_CY25-1_1--4,cylindrical_18650,Graphite/Si,Li0.86Ni0.86Co0.11Al0.03 O2 (NCA),,3.5,1.0,1.0,0,4.2,2.65,,,,,"[{""current_in_A"": null, ""end_soc"": 1.0, ""end_voltage_in_V"": null, ""power_in_W"": null, ""rate_in_C"": """", ""start_soc"": 0, ""start_voltage_in_V"": null, ""voltage_in_V"": null}]","[{""current_in_A"": null, ""end_soc"": 1, ""end_voltage_in_V"": null, ""power_in_W"": null, ""rate_in_C"": """", ""start_soc"": 1.0, ""start_voltage_in_V"": null, ""voltage_in_V"": null}]","[0, 1]",29,2.0,31.0,0.0,1.0,1,,,,,,1,,,,,,,
Tongji,Tongji/Tongji1_CY25-1_1--5.pkl,2156087,Tongji1_CY25-1_1--5,cylindrical_18650,Graphite/Si,Li0.86Ni0.86Co0.11Al0.03 O2 (NCA),,3.5,1.0,1.0,0,4.2,2.65,,,,,"[{""current_in_A"": null, ""end_soc"": 1.0, ""end_voltage_in_V"": null, ""power_in_W"": null, ""rate_in_C"": """", ""start_soc"": 0, ""start_voltage_in_V"": null, ""voltage_in_V"": null}]","[{""current_in_A"": null, ""end_soc"": 1, ""end_voltage_in_V"": null, ""power_in_W"": null, ""rate_in_C"": """", ""start_soc"": 1.0, ""start_voltage_in_V"": null, ""voltage_in_V"": null}]","[0, 1]",31,2.0,33.0,0.0,1.0,1,,,,,,1,,,,,,,
Tongji,Tongji/Tongji1_CY25-1_1--6.pkl,1826019,Tongji1_CY25-1_1--6,cylindrical_18650,Graphite/Si,Li0.86Ni0.86Co0.11Al0.03 O2 (NCA),,3.5,1.0,1.0,0,4.2,2.65,,,,,"[{""current_in_A"": null, ""end_soc"": 1.0, ""end_voltage_in_V"": null, ""power_in_W"": null, ""rate_in_C"": """", ""start_soc"": 0, ""start_voltage_in_V"": null, ""voltage_in_V"": null}]","[{""current_in_A"": null, ""end_soc"": 1, ""end_voltage_in_V"": null, ""power_in_W"": null, ""rate_in_C"": """", ""start_soc"": 1.0, ""start_voltage_in_V"": null, ""voltage_in_V"": null}]","[0, 1]",27,2.0,29.0,0.0,1.0,1,,,,,,1,,,,,,,
Tongji,Tongji/Tongji1_CY25-1_1--7.pkl,2290779,Tongji1_CY25-1_1--7,cylindrical_18650,Graphite/Si,Li0.86Ni0.86Co0.11Al0.03 O2 (NCA),,3.5,1.0,1.0,0,4.2,2.65,,,,,"[{""current_in_A"": null, ""end_soc"": 1.0, ""end_voltage_in_V"": null, ""power_in_W"": null, ""rate_in_C"": """", ""start_soc"": 0, ""start_voltage_in_V"": null, ""voltage_in_V"": null}]","[{""current_in_A"": null, ""end_soc"": 1, ""end_voltage_in_V"": null, ""power_in_W"": null, ""rate_in_C"": """", ""start_soc"": 1.0, ""start_voltage_in_V"": null, ""voltage_in_V"": null}]","[0, 1]",33,2.0,35.0,0.0,1.0,1,,,,,,1,,,,,,,
Tongji,Tongji/Tongji1_CY25-1_1--8.pkl,1938749,Tongji1_CY25-1_1--8,cylindrical_18650,Graphite/Si,Li0.86Ni0.86Co0.11Al0.03 O2 (NCA),,3.5,1.0,1.0,0,4.2,2.65,,,,,"[{""current_in_A"": null, ""end_soc"": 1.0, ""end_voltage_in_V"": null, ""power_in_W"": null, ""rate_in_C"": """", ""start_soc"": 0, ""start_voltage_in_V"": null, ""voltage_in_V"": null}]","[{""current_in_A"": null, ""end_soc"": 1, ""end_voltage_in_V"": null, ""power_in_W"": null, ""rate_in_C"": """", ""start_soc"": 1.0, ""start_voltage_in_V"": null, ""voltage_in_V"": null}]","[0, 1]",28,2.0,30.0,0.0,1.0,1,,,,,,1,,,,,,,
Tongji,Tongji/Tongji1_CY25-1_1--9.pkl,2231392,Tongji1_CY25-1_1--9,cylindrical_18650,Graphite/Si,Li0.86Ni0.86Co0.11Al0.03 O2 (NCA),,3.5,1.0,1.0,0,4.2,2.65,,,,,"[{""current_in_A"": null, ""end_soc"": 1.0, ""end_voltage_in_V"": null, ""power_in_W"": null, ""rate_in_C"": """", ""start_soc"": 0, ""start_voltage_in_V"": null, ""voltage_in_V"": null}]","[{""current_in_A"": null, ""end_soc"": 1, ""end_voltage_in_V"": null, ""power_in_W"": null, ""rate_in_C"": """", ""start_soc"": 1.0, ""start_voltage_in_V"": null, ""voltage_in_V"": null}]","[0, 1]",32,2.0,34.0,0.0,1.0,1,,,,,,1,,,,,,,
Tongji,Tongji/Tongji1_CY35-05_1--1.pkl,34300739,Tongji1_CY35-05_1--1,cylindrical_18650,Graphite/Si,Li0.86Ni0.86Co0.11Al0.03 O2 (NCA),,3.5,1.0,1.0,0,4.2,2.65,,,,,"[{""current_in_A"": null, ""end_soc"": 1.0, ""end_voltage_in_V"": null, ""power_in_W"": null, ""rate_in_C"": """", ""start_soc"": 0, ""start_voltage_in_V"": null, ""voltage_in_V"": null}]","[{""current_in_A"": null, ""end_soc"": 1, ""end_voltage_in_V"": null, ""power_in_W"": null, ""rate_in_C"": """", ""start_soc"": 1.0, ""start_voltage_in_V"": null, ""voltage_in_V"": null}]","[0, 1]",548,2.0,570.0,0.0,1.0,1,,,,,,1,,,,,,,
Tongji,Tongji/Tongji1_CY35-05_1--2.pkl,32929155,Tongji1_CY35-05_1--2,cylindrical_18650,Graphite/Si,Li0.86Ni0.86Co0.11Al0.03 O2 (NCA),,3.5,1.0,1.0,0,4.2,2.65,,,,,"[{""current_in_A"": null, ""end_soc"": 1.0, ""end_voltage_in_V"": null, ""power_in_W"": null, ""rate_in_C"": """", ""start_soc"": 0, ""start_voltage_in_V"": null, ""voltage_in_V"": null}]","[{""current_in_A"": null, ""end_soc"": 1, ""end_voltage_in_V"": null, ""power_in_W"": null, ""rate_in_C"": """", ""start_soc"": 1.0, ""start_voltage_in_V"": null, ""voltage_in_V"": null}]","[0, 1]",531,2.0,554.0,0.0,1.0,1,,,,,,1,,,,,,,
Tongji,Tongji/Tongji1_CY35-05_1--3.pkl,1888615,Tongji1_CY35-05_1--3,cylindrical_18650,Graphite/Si,Li0.86Ni0.86Co0.11Al0.03 O2 (NCA),,3.5,1.0,1.0,0,4.2,2.65,,,,,"[{""current_in_A"": null, ""end_soc"": 1.0, ""end_voltage_in_V"": null, ""power_in_W"": null, ""rate_in_C"": """", ""start_soc"": 0, ""start_voltage_in_V"": null, ""voltage_in_V"": null}]","[{""current_in_A"": null, ""end_soc"": 1, ""end_voltage_in_V"": null, ""power_in_W"": null, ""rate_in_C"": """", ""start_soc"": 1.0, ""start_voltage_in_V"": null, ""voltage_in_V"": null}]","[0, 1]",30,2.0,32.0,0.0,1.0,1,,,,,,1,,,,,,,
Tongji,Tongji/Tongji1_CY45-05_1--1.pkl,42896072,Tongji1_CY45-05_1--1,cylindrical_18650,Graphite/Si,Li0.86Ni0.86Co0.11Al0.03 O2 (NCA),,3.5,1.0,1.0,0,4.2,2.65,,,,,"[{""current_in_A"": null, ""end_soc"": 1.0, ""end_voltage_in_V"": null, ""power_in_W"": null, ""rate_in_C"": """", ""start_soc"": 0, ""start_voltage_in_V"": null, ""voltage_in_V"": null}]","[{""current_in_A"": null, ""end_soc"": 1, ""end_voltage_in_V"": null, ""power_in_W"": null, ""rate_in_C"": """", ""start_soc"": 1.0, ""start_voltage_in_V"": null, ""voltage_in_V"": null}]","[0, 1]",711,2.0,740.0,0.0,1.0,1,,,,,,1,,,,,,,
Tongji,Tongji/Tongji1_CY45-05_1--10.pkl,23389800,Tongji1_CY45-05_1--10,cylindrical_18650,Graphite/Si,Li0.86Ni0.86Co0.11Al0.03 O2 (NCA),,3.5,1.0,1.0,0,4.2,2.65,,,,,"[{""current_in_A"": null, ""end_soc"": 1.0, ""end_voltage_in_V"": null, ""power_in_W"": null, ""rate_in_C"": """", ""start_soc"": 0, ""start_voltage_in_V"": null, ""voltage_in_V"": null}]","[{""current_in_A"": null, ""end_soc"": 1, ""end_voltage_in_V"": null, ""power_in_W"": null, ""rate_in_C"": """", ""start_soc"": 1.0, ""start_voltage_in_V"": null, ""voltage_in_V"": null}]","[0, 1]",399,2.0,415.0,0.0,1.0,1,,,,,,1,,,,,,,
Tongji,Tongji/Tongji1_CY45-05_1--11.pkl,38214912,Tongji1_CY45-05_1--11,cylindrical_18650,Graphite/Si,Li0.86Ni0.86Co0.11Al0.03 O2 (NCA),,3.5,1.0,1.0,0,4.2,2.65,,,,,"[{""current_in_A"": null, ""end_soc"": 1.0, ""end_voltage_in_V"": null, ""power_in_W"": null, ""rate_in_C"": """", ""start_soc"": 0, ""start_voltage_in_V"": null, ""voltage_in_V"": null}]","[{""current_in_A"": null, ""end_soc"": 1, ""end_voltage_in_V"": null, ""power_in_W"": null, ""rate_in_C"": """", ""start_soc"": 1.0, ""start_voltage_in_V"": null, ""voltage_in_V"": null}]","[0, 1]",648,2.0,649.0,0.0,1.0,1,,,,,,1,,,,,,,
Tongji,Tongji/Tongji1_CY45-05_1--12.pkl,47720814,Tongji1_CY45-05_1--12,cylindrical_18650,Graphite/Si,Li0.86Ni0.86Co0.11Al0.03 O2 (NCA),,3.5,1.0,1.0,0,4.2,2.65,,,,,"[{""current_in_A"": null, ""end_soc"": 1.0, ""end_voltage_in_V"": null, ""power_in_W"": null, ""rate_in_C"": """", ""start_soc"": 0, ""start_voltage_in_V"": null, ""voltage_in_V"": null}]","[{""current_in_A"": null, ""end_soc"": 1, ""end_voltage_in_V"": null, ""power_in_W"": null, ""rate_in_C"": """", ""start_soc"": 1.0, ""start_voltage_in_V"": null, ""voltage_in_V"": null}]","[0, 1]",799,2.0,800.0,0.0,1.0,1,,,,,,1,,,,,,,
Tongji,Tongji/Tongji1_CY45-05_1--13.pkl,42386682,Tongji1_CY45-05_1--13,cylindrical_18650,Graphite/Si,Li0.86Ni0.86Co0.11Al0.03 O2 (NCA),,3.5,1.0,1.0,0,4.2,2.65,,,,,"[{""current_in_A"": null, ""end_soc"": 1.0, ""end_voltage_in_V"": null, ""power_in_W"": null, ""rate_in_C"": """", ""start_soc"": 0, ""start_voltage_in_V"": null, ""voltage_in_V"": null}]","[{""current_in_A"": null, ""end_soc"": 1, ""end_voltage_in_V"": null, ""power_in_W"": null, ""rate_in_C"": """", ""start_soc"": 1.0, ""start_voltage_in_V"": null, ""voltage_in_V"": null}]","[0, 1]",711,2.0,712.0,0.0,1.0,1,,,,,,1,,,,,,,
Tongji,Tongji/Tongji1_CY45-05_1--14.pkl,43502643,Tongji1_CY45-05_1--14,cylindrical_18650,Graphite/Si,Li0.86Ni0.86Co0.11Al0.03 O2 (NCA),,3.5,1.0,1.0,0,4.2,2.65,,,,,"[{""current_in_A"": null, ""end_soc"": 1.0, ""end_voltage_in_V"": null, ""power_in_W"": null, ""rate_in_C"": """", ""start_soc"": 0, ""start_voltage_in_V"": null, ""voltage_in_V"": null}]","[{""current_in_A"": null, ""end_soc"": 1, ""end_voltage_in_V"": null, ""power_in_W"": null, ""rate_in_C"": """", ""start_soc"": 1.0, ""start_voltage_in_V"": null, ""voltage_in_V"": null}]","[0, 1]",727,2.0,728.0,0.0,1.0,1,,,,,,1,,,,,,,
Tongji,Tongji/Tongji1_CY45-05_1--15.pkl,28621584,Tongji1_CY45-05_1--15,cylindrical_18650,Graphite/Si,Li0.86Ni0.86Co0.11Al0.03 O2 (NCA),,3.5,1.0,1.0,0,4.2,2.65,,,,,"[{""current_in_A"": null, ""end_soc"": 1.0, ""end_voltage_in_V"": null, ""power_in_W"": null, ""rate_in_C"": """", ""start_soc"": 0, ""start_voltage_in_V"": null, ""voltage_in_V"": null}]","[{""current_in_A"": null, ""end_soc"": 1, ""end_voltage_in_V"": null, ""power_in_W"": null, ""rate_in_C"": """", ""start_soc"": 1.0, ""start_voltage_in_V"": null, ""voltage_in_V"": null}]","[0, 1]",495,2.0,496.0,0.0,1.0,1,,,,,,1,,,,,,,
Tongji,Tongji/Tongji1_CY45-05_1--16.pkl,34534782,Tongji1_CY45-05_1--16,cylindrical_18650,Graphite/Si,Li0.86Ni0.86Co0.11Al0.03 O2 (NCA),,3.5,1.0,1.0,0,4.2,2.65,,,,,"[{""current_in_A"": null, ""end_soc"": 1.0, ""end_voltage_in_V"": null, ""power_in_W"": null, ""rate_in_C"": """", ""start_soc"": 0, ""start_voltage_in_V"": null, ""voltage_in_V"": null}]","[{""current_in_A"": null, ""end_soc"": 1, ""end_voltage_in_V"": null, ""power_in_W"": null, ""rate_in_C"": """", ""start_soc"": 1.0, ""start_voltage_in_V"": null, ""voltage_in_V"": null}]","[0, 1]",596,2.0,597.0,0.0,1.0,1,,,,,,1,,,,,,,
Tongji,Tongji/Tongji1_CY45-05_1--17.pkl,30658543,Tongji1_CY45-05_1--17,cylindrical_18650,Graphite/Si,Li0.86Ni0.86Co0.11Al0.03 O2 (NCA),,3.5,1.0,1.0,0,4.2,2.65,,,,,"[{""current_in_A"": null, ""end_soc"": 1.0, ""end_voltage_in_V"": null, ""power_in_W"": null, ""rate_in_C"": """", ""start_soc"": 0, ""start_voltage_in_V"": null, ""voltage_in_V"": null}]","[{""current_in_A"": null, ""end_soc"": 1, ""end_voltage_in_V"": null, ""power_in_W"": null, ""rate_in_C"": """", ""start_soc"": 1.0, ""start_voltage_in_V"": null, ""voltage_in_V"": null}]","[0, 1]",528,2.0,530.0,0.0,1.0,1,,,,,,1,,,,,,,
Tongji,Tongji/Tongji1_CY45-05_1--18.pkl,34772278,Tongji1_CY45-05_1--18,cylindrical_18650,Graphite/Si,Li0.86Ni0.86Co0.11Al0.03 O2 (NCA),,3.5,1.0,1.0,0,4.2,2.65,,,,,"[{""current_in_A"": null, ""end_soc"": 1.0, ""end_voltage_in_V"": null, ""power_in_W"": null, ""rate_in_C"": """", ""start_soc"": 0, ""start_voltage_in_V"": null, ""voltage_in_V"": null}]","[{""current_in_A"": null, ""end_soc"": 1, ""end_voltage_in_V"": null, ""power_in_W"": null, ""rate_in_C"": """", ""start_soc"": 1.0, ""start_voltage_in_V"": null, ""voltage_in_V"": null}]","[0, 1]",596,2.0,597.0,0.0,1.0,1,,,,,,1,,,,,,,
Tongji,Tongji/Tongji1_CY45-05_1--19.pkl,40004146,Tongji1_CY45-05_1--19,cylindrical_18650,Graphite/Si,Li0.86Ni0.86Co0.11Al0.03 O2 (NCA),,3.5,1.0,1.0,0,4.2,2.65,,,,,"[{""current_in_A"": null, ""end_soc"": 1.0, ""end_voltage_in_V"": null, ""power_in_W"": null, ""rate_in_C"": """", ""start_soc"": 0, ""start_voltage_in_V"": null, ""voltage_in_V"": null}]","[{""current_in_A"": null, ""end_soc"": 1, ""end_voltage_in_V"": null, ""power_in_W"": null, ""rate_in_C"": """", ""start_soc"": 1.0, ""start_voltage_in_V"": null, ""voltage_in_V"": null}]","[0, 1]",685,2.0,687.0,0.0,1.0,1,,,,,,1,,,,,,,
Tongji,Tongji/Tongji1_CY45-05_1--2.pkl,41643065,Tongji1_CY45-05_1--2,cylindrical_18650,Graphite/Si,Li0.86Ni0.86Co0.11Al0.03 O2 (NCA),,3.5,1.0,1.0,0,4.2,2.65,,,,,"[{""current_in_A"": null, ""end_soc"": 1.0, ""end_voltage_in_V"": null, ""power_in_W"": null, ""rate_in_C"": """", ""start_soc"": 0, ""start_voltage_in_V"": null, ""voltage_in_V"": null}]","[{""current_in_A"": null, ""end_soc"": 1, ""end_voltage_in_V"": null, ""power_in_W"": null, ""rate_in_C"": """", ""start_soc"": 1.0, ""start_voltage_in_V"": null, ""voltage_in_V"": null}]","[0, 1]",699,2.0,727.0,0.0,1.0,1,,,,,,1,,,,,,,
Tongji,Tongji/Tongji1_CY45-05_1--20.pkl,42788542,Tongji1_CY45-05_1--20,cylindrical_18650,Graphite/Si,Li0.86Ni0.86Co0.11Al0.03 O2 (NCA),,3.5,1.0,1.0,0,4.2,2.65,,,,,"[{""current_in_A"": null, ""end_soc"": 1.0, ""end_voltage_in_V"": null, ""power_in_W"": null, ""rate_in_C"": """", ""start_soc"": 0, ""start_voltage_in_V"": null, ""voltage_in_V"": null}]","[{""current_in_A"": null, ""end_soc"": 1, ""end_voltage_in_V"": null, ""power_in_W"": null, ""rate_in_C"": """", ""start_soc"": 1.0, ""start_voltage_in_V"": null, ""voltage_in_V"": null}]","[0, 1]",728,2.0,729.0,0.0,1.0,1,,,,,,1,,,,,,,
Tongji,Tongji/Tongji1_CY45-05_1--21.pkl,37061992,Tongji1_CY45-05_1--21,cylindrical_18650,Graphite/Si,Li0.86Ni0.86Co0.11Al0.03 O2 (NCA),,3.5,1.0,1.0,0,4.2,2.65,,,,,"[{""current_in_A"": null, ""end_soc"": 1.0, ""end_voltage_in_V"": null, ""power_in_W"": null, ""rate_in_C"": """", ""start_soc"": 0, ""start_voltage_in_V"": null, ""voltage_in_V"": null}]","[{""current_in_A"": null, ""end_soc"": 1, ""end_voltage_in_V"": null, ""power_in_W"": null, ""rate_in_C"": """", ""start_soc"": 1.0, ""start_voltage_in_V"": null, ""voltage_in_V"": null}]","[0, 1]",637,2.0,639.0,0.0,1.0,1,,,,,,1,,,,,,,
Tongji,Tongji/Tongji1_CY45-05_1--22.pkl,33302524,Tongji1_CY45-05_1--22,cylindrical_18650,Graphite/Si,Li0.86Ni0.86Co0.11Al0.03 O2 (NCA),,3.5,1.0,1.0,0,4.2,2.65,,,,,"[{""current_in_A"": null, ""end_soc"": 1.0, ""end_voltage_in_V"": null, ""power_in_W"": null, ""rate_in_C"": """", ""start_soc"": 0, ""start_voltage_in_V"": null, ""voltage_in_V"": null}]","[{""current_in_A"": null, ""end_soc"": 1, ""end_voltage_in_V"": null, ""power_in_W"": null, ""rate_in_C"": """", ""start_soc"": 1.0, ""start_voltage_in_V"": null, ""voltage_in_V"": null}]","[0, 1]",577,2.0,579.0,0.0,1.0,1,,,,,,1,,,,,,,
Tongji,Tongji/Tongji1_CY45-05_1--23.pkl,40838737,Tongji1_CY45-05_1--23,cylindrical_18650,Graphite/Si,Li0.86Ni0.86Co0.11Al0.03 O2 (NCA),,3.5,1.0,1.0,0,4.2,2.65,,,,,"[{""current_in_A"": null, ""end_soc"": 1.0, ""end_voltage_in_V"": null, ""power_in_W"": null, ""rate_in_C"": """", ""start_soc"": 0, ""start_voltage_in_V"": null, ""voltage_in_V"": null}]","[{""current_in_A"": null, ""end_soc"": 1, ""end_voltage_in_V"": null, ""power_in_W"": null, ""rate_in_C"": """", ""start_soc"": 1.0, ""start_voltage_in_V"": null, ""voltage_in_V"": null}]","[0, 1]",690,2.0,691.0,0.0,1.0,1,,,,,,1,,,,,,,
Tongji,Tongji/Tongji1_CY45-05_1--24.pkl,42322888,Tongji1_CY45-05_1--24,cylindrical_18650,Graphite/Si,Li0.86Ni0.86Co0.11Al0.03 O2 (NCA),,3.5,1.0,1.0,0,4.2,2.65,,,,,"[{""current_in_A"": null, ""end_soc"": 1.0, ""end_voltage_in_V"": null, ""power_in_W"": null, ""rate_in_C"": """", ""start_soc"": 0, ""start_voltage_in_V"": null, ""voltage_in_V"": null}]","[{""current_in_A"": null, ""end_soc"": 1, ""end_voltage_in_V"": null, ""power_in_W"": null, ""rate_in_C"": """", ""start_soc"": 1.0, ""start_voltage_in_V"": null, ""voltage_in_V"": null}]","[0, 1]",721,2.0,722.0,0.0,1.0,1,,,,,,1,,,,,,,
Tongji,Tongji/Tongji1_CY45-05_1--25.pkl,44045518,Tongji1_CY45-05_1--25,cylindrical_18650,Graphite/Si,Li0.86Ni0.86Co0.11Al0.03 O2 (NCA),,3.5,1.0,1.0,0,4.2,2.65,,,,,"[{""current_in_A"": null, ""end_soc"": 1.0, ""end_voltage_in_V"": null, ""power_in_W"": null, ""rate_in_C"": """", ""start_soc"": 0, ""start_voltage_in_V"": null, ""voltage_in_V"": null}]","[{""current_in_A"": null, ""end_soc"": 1, ""end_voltage_in_V"": null, ""power_in_W"": null, ""rate_in_C"": """", ""start_soc"": 1.0, ""start_voltage_in_V"": null, ""voltage_in_V"": null}]","[0, 1]",738,2.0,739.0,0.0,1.0,1,,,,,,1,,,,,,,
Tongji,Tongji/Tongji1_CY45-05_1--26.pkl,41410681,Tongji1_CY45-05_1--26,cylindrical_18650,Graphite/Si,Li0.86Ni0.86Co0.11Al0.03 O2 (NCA),,3.5,1.0,1.0,0,4.2,2.65,,,,,"[{""current_in_A"": null, ""end_soc"": 1.0, ""end_voltage_in_V"": null, ""power_in_W"": null, ""rate_in_C"": """", ""start_soc"": 0, ""start_voltage_in_V"": null, ""voltage_in_V"": null}]","[{""current_in_A"": null, ""end_soc"": 1, ""end_voltage_in_V"": null, ""power_in_W"": null, ""rate_in_C"": """", ""start_soc"": 1.0, ""start_voltage_in_V"": null, ""voltage_in_V"": null}]","[0, 1]",709,2.0,710.0,0.0,1.0,1,,,,,,1,,,,,,,
Tongji,Tongji/Tongji1_CY45-05_1--27.pkl,37973674,Tongji1_CY45-05_1--27,cylindrical_18650,Graphite/Si,Li0.86Ni0.86Co0.11Al0.03 O2 (NCA),,3.5,1.0,1.0,0,4.2,2.65,,,,,"[{""current_in_A"": null, ""end_soc"": 1.0, ""end_voltage_in_V"": null, ""power_in_W"": null, ""rate_in_C"": """", ""start_soc"": 0, ""start_voltage_in_V"": null, ""voltage_in_V"": null}]","[{""current_in_A"": null, ""end_soc"": 1, ""end_voltage_in_V"": null, ""power_in_W"": null, ""rate_in_C"": """", ""start_soc"": 1.0, ""start_voltage_in_V"": null, ""voltage_in_V"": null}]","[0, 1]",649,2.0,651.0,0.0,1.0,1,,,,,,1,,,,,,,
Tongji,Tongji/Tongji1_CY45-05_1--28.pkl,42382807,Tongji1_CY45-05_1--28,cylindrical_18650,Graphite/Si,Li0.86Ni0.86Co0.11Al0.03 O2 (NCA),,3.5,1.0,1.0,0,4.2,2.65,,,,,"[{""current_in_A"": null, ""end_soc"": 1.0, ""end_voltage_in_V"": null, ""power_in_W"": null, ""rate_in_C"": """", ""start_soc"": 0, ""start_voltage_in_V"": null, ""voltage_in_V"": null}]","[{""current_in_A"": null, ""end_soc"": 1, ""end_voltage_in_V"": null, ""power_in_W"": null, ""rate_in_C"": """", ""start_soc"": 1.0, ""start_voltage_in_V"": null, ""voltage_in_V"": null}]","[0, 1]",716,2.0,717.0,0.0,1.0,1,,,,,,1,,,,,,,
Tongji,Tongji/Tongji1_CY45-05_1--3.pkl,11777502,Tongji1_CY45-05_1--3,cylindrical_18650,Graphite/Si,Li0.86Ni0.86Co0.11Al0.03 O2 (NCA),,3.5,1.0,1.0,0,4.2,2.65,,,,,"[{""current_in_A"": null, ""end_soc"": 1.0, ""end_voltage_in_V"": null, ""power_in_W"": null, ""rate_in_C"": """", ""start_soc"": 0, ""start_voltage_in_V"": null, ""voltage_in_V"": null}]","[{""current_in_A"": null, ""end_soc"": 1, ""end_voltage_in_V"": null, ""power_in_W"": null, ""rate_in_C"": """", ""start_soc"": 1.0, ""start_voltage_in_V"": null, ""voltage_in_V"": null}]","[0, 1]",199,2.0,207.0,0.0,1.0,1,,,,,,1,,,,,,,
Tongji,Tongji/Tongji1_CY45-05_1--4.pkl,11760327,Tongji1_CY45-05_1--4,cylindrical_18650,Graphite/Si,Li0.86Ni0.86Co0.11Al0.03 O2 (NCA),,3.5,1.0,1.0,0,4.2,2.65,,,,,"[{""current_in_A"": null, ""end_soc"": 1.0, ""end_voltage_in_V"": null, ""power_in_W"": null, ""rate_in_C"": """", ""start_soc"": 0, ""start_voltage_in_V"": null, ""voltage_in_V"": null}]","[{""current_in_A"": null, ""end_soc"": 1, ""end_voltage_in_V"": null, ""power_in_W"": null, ""rate_in_C"": """", ""start_soc"": 1.0, ""start_voltage_in_V"": null, ""voltage_in_V"": null}]","[0, 1]",199,2.0,207.0,0.0,1.0,1,,,,,,1,,,,,,,
Tongji,Tongji/Tongji1_CY45-05_1--5.pkl,11754627,Tongji1_CY45-05_1--5,cylindrical_18650,Graphite/Si,Li0.86Ni0.86Co0.11Al0.03 O2 (NCA),,3.5,1.0,1.0,0,4.2,2.65,,,,,"[{""current_in_A"": null, ""end_soc"": 1.0, ""end_voltage_in_V"": null, ""power_in_W"": null, ""rate_in_C"": """", ""start_soc"": 0, ""start_voltage_in_V"": null, ""voltage_in_V"": null}]","[{""current_in_A"": null, ""end_soc"": 1, ""end_voltage_in_V"": null, ""power_in_W"": null, ""rate_in_C"": """", ""start_soc"": 1.0, ""start_voltage_in_V"": null, ""voltage_in_V"": null}]","[0, 1]",199,2.0,207.0,0.0,1.0,1,,,,,,1,,,,,,,
Tongji,Tongji/Tongji1_CY45-05_1--6.pkl,11697018,Tongji1_CY45-05_1--6,cylindrical_18650,Graphite/Si,Li0.86Ni0.86Co0.11Al0.03 O2 (NCA),,3.5,1.0,1.0,0,4.2,2.65,,,,,"[{""current_in_A"": null, ""end_soc"": 1.0, ""end_voltage_in_V"": null, ""power_in_W"": null, ""rate_in_C"": """", ""start_soc"": 0, ""start_voltage_in_V"": null, ""voltage_in_V"": null}]","[{""current_in_A"": null, ""end_soc"": 1, ""end_voltage_in_V"": null, ""power_in_W"": null, ""rate_in_C"": """", ""start_soc"": 1.0, ""start_voltage_in_V"": null, ""voltage_in_V"": null}]","[0, 1]",199,2.0,207.0,0.0,1.0,1,,,,,,1,,,,,,,
Tongji,Tongji/Tongji1_CY45-05_1--7.pkl,23515442,Tongji1_CY45-05_1--7,cylindrical_18650,Graphite/Si,Li0.86Ni0.86Co0.11Al0.03 O2 (NCA),,3.5,1.0,1.0,0,4.2,2.65,,,,,"[{""current_in_A"": null, ""end_soc"": 1.0, ""end_voltage_in_V"": null, ""power_in_W"": null, ""rate_in_C"": """", ""start_soc"": 0, ""start_voltage_in_V"": null, ""voltage_in_V"": null}]","[{""current_in_A"": null, ""end_soc"": 1, ""end_voltage_in_V"": null, ""power_in_W"": null, ""rate_in_C"": """", ""start_soc"": 1.0, ""start_voltage_in_V"": null, ""voltage_in_V"": null}]","[0, 1]",399,2.0,415.0,0.0,1.0,1,,,,,,1,,,,,,,
Tongji,Tongji/Tongji1_CY45-05_1--8.pkl,23266706,Tongji1_CY45-05_1--8,cylindrical_18650,Graphite/Si,Li0.86Ni0.86Co0.11Al0.03 O2 (NCA),,3.5,1.0,1.0,0,4.2,2.65,,,,,"[{""current_in_A"": null, ""end_soc"": 1.0, ""end_voltage_in_V"": null, ""power_in_W"": null, ""rate_in_C"": """", ""start_soc"": 0, ""start_voltage_in_V"": null, ""voltage_in_V"": null}]","[{""current_in_A"": null, ""end_soc"": 1, ""end_voltage_in_V"": null, ""power_in_W"": null, ""rate_in_C"": """", ""start_soc"": 1.0, ""start_voltage_in_V"": null, ""voltage_in_V"": null}]","[0, 1]",399,2.0,415.0,0.0,1.0,1,,,,,,1,,,,,,,
Tongji,Tongji/Tongji1_CY45-05_1--9.pkl,23560151,Tongji1_CY45-05_1--9,cylindrical_18650,Graphite/Si,Li0.86Ni0.86Co0.11Al0.03 O2 (NCA),,3.5,1.0,1.0,0,4.2,2.65,,,,,"[{""current_in_A"": null, ""end_soc"": 1.0, ""end_voltage_in_V"": null, ""power_in_W"": null, ""rate_in_C"": """", ""start_soc"": 0, ""start_voltage_in_V"": null, ""voltage_in_V"": null}]","[{""current_in_A"": null, ""end_soc"": 1, ""end_voltage_in_V"": null, ""power_in_W"": null, ""rate_in_C"": """", ""start_soc"": 1.0, ""start_voltage_in_V"": null, ""voltage_in_V"": null}]","[0, 1]",399,2.0,415.0,0.0,1.0,1,,,,,,1,,,,,,,
Tongji,Tongji/Tongji2_CY25-05_1--1.pkl,12442635,Tongji2_CY25-05_1--1,cylindrical_18650,Graphite/Si,Li0.84(Ni0.83Co0.11Mn 0.07)O2 (NCM),,3.5,1.0,1.0,0,4.2,2.5,,,,,"[{""current_in_A"": null, ""end_soc"": 1.0, ""end_voltage_in_V"": null, ""power_in_W"": null, ""rate_in_C"": """", ""start_soc"": 0, ""start_voltage_in_V"": null, ""voltage_in_V"": null}]","[{""current_in_A"": null, ""end_soc"": 1, ""end_voltage_in_V"": null, ""power_in_W"": null, ""rate_in_C"": """", ""start_soc"": 1.0, ""start_voltage_in_V"": null, ""voltage_in_V"": null}]","[0, 1]",192,2.0,193.0,0.0,1.0,1,,,,,,1,,,,,,,
Tongji,Tongji/Tongji2_CY25-05_1--10.pkl,13426840,Tongji2_CY25-05_1--10,cylindrical_18650,Graphite/Si,Li0.84(Ni0.83Co0.11Mn 0.07)O2 (NCM),,3.5,1.0,1.0,0,4.2,2.5,,,,,"[{""current_in_A"": null, ""end_soc"": 1.0, ""end_voltage_in_V"": null, ""power_in_W"": null, ""rate_in_C"": """", ""start_soc"": 0, ""start_voltage_in_V"": null, ""voltage_in_V"": null}]","[{""current_in_A"": null, ""end_soc"": 1, ""end_voltage_in_V"": null, ""power_in_W"": null, ""rate_in_C"": """", ""start_soc"": 1.0, ""start_voltage_in_V"": null, ""voltage_in_V"": null}]","[0, 1]",199,2.0,203.0,0.0,1.0,1,,,,,,1,,,,,,,
Tongji,Tongji/Tongji2_CY25-05_1--11.pkl,13450024,Tongji2_CY25-05_1--11,cylindrical_18650,Graphite/Si,Li0.84(Ni0.83Co0.11Mn 0.07)O2 (NCM),,3.5,1.0,1.0,0,4.2,2.5,,,,,"[{""current_in_A"": null, ""end_soc"": 1.0, ""end_voltage_in_V"": null, ""power_in_W"": null, ""rate_in_C"": """", ""start_soc"": 0, ""start_voltage_in_V"": null, ""voltage_in_V"": null}]","[{""current_in_A"": null, ""end_soc"": 1, ""end_voltage_in_V"": null, ""power_in_W"": null, ""rate_in_C"": """", ""start_soc"": 1.0, ""start_voltage_in_V"": null, ""voltage_in_V"": null}]","[0, 1]",199,2.0,203.0,0.0,1.0,1,,,,,,1,,,,,,,
Tongji,Tongji/Tongji2_CY25-05_1--12.pkl,13547158,Tongji2_CY25-05_1--12,cylindrical_18650,Graphite/Si,Li0.84(Ni0.83Co0.11Mn 0.07)O2 (NCM),,3.5,1.0,1.0,0,4.2,2.5,,,,,"[{""current_in_A"": null, ""end_soc"": 1.0, ""end_voltage_in_V"": null, ""power_in_W"": null, ""rate_in_C"": """", ""start_soc"": 0, ""start_voltage_in_V"": null, ""voltage_in_V"": null}]","[{""current_in_A"": null, ""end_soc"": 1, ""end_voltage_in_V"": null, ""power_in_W"": null, ""rate_in_C"": """", ""start_soc"": 1.0, ""start_voltage_in_V"": null, ""voltage_in_V"": null}]","[0, 1]",199,2.0,203.0,0.0,1.0,1,,,,,,1,,,,,,,
Tongji,Tongji/Tongji2_CY25-05_1--13.pkl,26974468,Tongji2_CY25-05_1--13,cylindrical_18650,Graphite/Si,Li0.84(Ni0.83Co0.11Mn 0.07)O2 (NCM),,3.5,1.0,1.0,0,4.2,2.5,,,,,"[{""current_in_A"": null, ""end_soc"": 1.0, ""end_voltage_in_V"": null, ""power_in_W"": null, ""rate_in_C"": """", ""start_soc"": 0, ""start_voltage_in_V"": null, ""voltage_in_V"": null}]","[{""current_in_A"": null, ""end_soc"": 1, ""end_voltage_in_V"": null, ""power_in_W"": null, ""rate_in_C"": """", ""start_soc"": 1.0, ""start_voltage_in_V"": null, ""voltage_in_V"": null}]","[0, 1]",399,2.0,407.0,0.0,1.0,1,,,,,,1,,,,,,,
Tongji,Tongji/Tongji2_CY25-05_1--14.pkl,2877697,Tongji2_CY25-05_1--14,cylindrical_18650,Graphite/Si,Li0.84(Ni0.83Co0.11Mn 0.07)O2 (NCM),,3.5,1.0,1.0,0,4.2,2.5,,,,,"[{""current_in_A"": null, ""end_soc"": 1.0, ""end_voltage_in_V"": null, ""power_in_W"": null, ""rate_in_C"": """", ""start_soc"": 0, ""start_voltage_in_V"": null, ""voltage_in_V"": null}]","[{""current_in_A"": null, ""end_soc"": 1, ""end_voltage_in_V"": null, ""power_in_W"": null, ""rate_in_C"": """", ""start_soc"": 1.0, ""start_voltage_in_V"": null, ""voltage_in_V"": null}]","[0, 1]",42,2.0,43.0,0.0,1.0,1,,,,,,1,,,,,,,
Tongji,Tongji/Tongji2_CY25-05_1--15.pkl,20339497,Tongji2_CY25-05_1--15,cylindrical_18650,Graphite/Si,Li0.84(Ni0.83Co0.11Mn 0.07)O2 (NCM),,3.5,1.0,1.0,0,4.2,2.5,,,,,"[{""current_in_A"": null, ""end_soc"": 1.0, ""end_voltage_in_V"": null, ""power_in_W"": null, ""rate_in_C"": """", ""start_soc"": 0, ""start_voltage_in_V"": null, ""voltage_in_V"": null}]","[{""current_in_A"": null, ""end_soc"": 1, ""end_voltage_in_V"": null, ""power_in_W"": null, ""rate_in_C"": """", ""start_soc"": 1.0, ""start_voltage_in_V"": null, ""voltage_in_V"": null}]","[0, 1]",300,2.0,307.0,0.0,1.0,1,,,,,,1,,,,,,,
Tongji,Tongji/Tongji2_CY25-05_1--16.pkl,22712389,Tongji2_CY25-05_1--16,cylindrical_18650,Graphite/Si,Li0.84(Ni0.83Co0.11Mn 0.07)O2 (NCM),,3.5,1.0,1.0,0,4.2,2.5,,,,,"[{""current_in_A"": null, ""end_soc"": 1.0, ""end_voltage_in_V"": null, ""power_in_W"": null, ""rate_in_C"": """", ""start_soc"": 0, ""start_voltage_in_V"": null, ""voltage_in_V"": null}]","[{""current_in_A"": null, ""end_soc"": 1, ""end_voltage_in_V"": null, ""power_in_W"": null, ""rate_in_C"": """", ""start_soc"": 1.0, ""start_voltage_in_V"": null, ""voltage_in_V"": null}]","[0, 1]",336,2.0,343.0,0.0,1.0,1,,,,,,1,,,,,,,
Tongji,Tongji/Tongji2_CY25-05_1--17.pkl,22067531,Tongji2_CY25-05_1--17,cylindrical_18650,Graphite/Si,Li0.84(Ni0.83Co0.11Mn 0.07)O2 (NCM),,3.5,1.0,1.0,0,4.2,2.5,,,,,"[{""current_in_A"": null, ""end_soc"": 1.0, ""end_voltage_in_V"": null, ""power_in_W"": null, ""rate_in_C"": """", ""start_soc"": 0, ""start_voltage_in_V"": null, ""voltage_in_V"": null}]","[{""current_in_A"": null, ""end_soc"": 1, ""end_voltage_in_V"": null, ""power_in_W"": null, ""rate_in_C"": """", ""start_soc"": 1.0, ""start_voltage_in_V"": null, ""voltage_in_V"": null}]","[0, 1]",335,2.0,336.0,0.0,1.0,1,,,,,,1,,,,,,,
Tongji,Tongji/Tongji2_CY25-05_1--18.pkl,12487032,Tongji2_CY25-05_1--18,cylindrical_18650,Graphite/Si,Li0.84(Ni0.83Co0.11Mn 0.07)O2 (NCM),,3.5,1.0,1.0,0,4.2,2.5,,,,,"[{""current_in_A"": null, ""end_soc"": 1.0, ""end_voltage_in_V"": null, ""power_in_W"": null, ""rate_in_C"": """", ""start_soc"": 0, ""start_voltage_in_V"": null, ""voltage_in_V"": null}]","[{""current_in_A"": null, ""end_soc"": 1, ""end_voltage_in_V"": null, ""power_in_W"": null, ""rate_in_C"": """", ""start_soc"": 1.0, ""start_voltage_in_V"": null, ""voltage_in_V"": null}]","[0, 1]",193,2.0,194.0,0.0,1.0,1,,,,,,1,,,,,,,
Tongji,Tongji/Tongji2_CY25-05_1--19.pkl,12443549,Tongji2_CY25-05_1--19,cylindrical_18650,Graphite/Si,Li0.84(Ni0.83Co0.11Mn 0.07)O2 (NCM),,3.5,1.0,1.0,0,4.2,2.5,,,,,"[{""current_in_A"": null, ""end_soc"": 1.0, ""end_voltage_in_V"": null, ""power_in_W"": null, ""rate_in_C"": """", ""start_soc"": 0, ""start_voltage_in_V"": null, ""voltage_in_V"": null}]","[{""current_in_A"": null, ""end_soc"": 1, ""end_voltage_in_V"": null, ""power_in_W"": null, ""rate_in_C"": """", ""start_soc"": 1.0, ""start_voltage_in_V"": null, ""voltage_in_V"": null}]","[0, 1]",191,2.0,192.0,0.0,1.0,1,,,,,,1,,,,,,,
Tongji,Tongji/Tongji2_CY25-05_1--2.pkl,12441399,Tongji2_CY25-05_1--2,cylindrical_18650,Graphite/Si,Li0.84(Ni0.83Co0.11Mn 0.07)O2 (NCM),,3.5,1.0,1.0,0,4.2,2.5,,,,,"[{""current_in_A"": null, ""end_soc"": 1.0, ""end_voltage_in_V"": null, ""power_in_W"": null, ""rate_in_C"": """", ""start_soc"": 0, ""start_voltage_in_V"": null, ""voltage_in_V"": null}]","[{""current_in_A"": null, ""end_soc"": 1, ""end_voltage_in_V"": null, ""power_in_W"": null, ""rate_in_C"": """", ""start_soc"": 1.0, ""start_voltage_in_V"": null, ""voltage_in_V"": null}]","[0, 1]",189,2.0,190.0,0.0,1.0,1,,,,,,1,,,,,,,
Tongji,Tongji/Tongji2_CY25-05_1--20.pkl,12407174,Tongji2_CY25-05_1--20,cylindrical_18650,Graphite/Si,Li0.84(Ni0.83Co0.11Mn 0.07)O2 (NCM),,3.5,1.0,1.0,0,4.2,2.5,,,,,"[{""current_in_A"": null, ""end_soc"": 1.0, ""end_voltage_in_V"": null, ""power_in_W"": null, ""rate_in_C"": """", ""start_soc"": 0, ""start_voltage_in_V"": null, ""voltage_in_V"": null}]","[{""current_in_A"": null, ""end_soc"": 1, ""end_voltage_in_V"": null, ""power_in_W"": null, ""rate_in_C"": """", ""start_soc"": 1.0, ""start_voltage_in_V"": null, ""voltage_in_V"": null}]","[0, 1]",191,2.0,192.0,0.0,1.0,1,,,,,,1,,,,,,,
Tongji,Tongji/Tongji2_CY25-05_1--21.pkl,12407787,Tongji2_CY25-05_1--21,cylindrical_18650,Graphite/Si,Li0.84(Ni0.83Co0.11Mn 0.07)O2 (NCM),,3.5,1.0,1.0,0,4.2,2.5,,,,,"[{""current_in_A"": null, ""end_soc"": 1.0, ""end_voltage_in_V"": null, ""power_in_W"": null, ""rate_in_C"": """", ""start_soc"": 0, ""start_voltage_in_V"": null, ""voltage_in_V"": null}]","[{""current_in_A"": null, ""end_soc"": 1, ""end_voltage_in_V"": null, ""power_in_W"": null, ""rate_in_C"": """", ""start_soc"": 1.0, ""start_voltage_in_V"": null, ""voltage_in_V"": null}]","[0, 1]",190,2.0,191.0,0.0,1.0,1,,,,,,1,,,,,,,
Tongji,Tongji/Tongji2_CY25-05_1--22.pkl,12407611,Tongji2_CY25-05_1--22,cylindrical_18650,Graphite/Si,Li0.84(Ni0.83Co0.11Mn 0.07)O2 (NCM),,3.5,1.0,1.0,0,4.2,2.5,,,,,"[{""current_in_A"": null, ""end_soc"": 1.0, ""end_voltage_in_V"": null, ""power_in_W"": null, ""rate_in_C"": """", ""start_soc"": 0, ""start_voltage_in_V"": null, ""voltage_in_V"": null}]","[{""current_in_A"": null, ""end_soc"": 1, ""end_voltage_in_V"": null, ""power_in_W"": null, ""rate_in_C"": """", ""start_soc"": 1.0, ""start_voltage_in_V"": null, ""voltage_in_V"": null}]","[0, 1]",192,2.0,193.0,0.0,1.0,1,,,,,,1,,,,,,,
Tongji,Tongji/Tongji2_CY25-05_1--23.pkl,12433499,Tongji2_CY25-05_1--23,cylindrical_18650,Graphite/Si,Li0.84(Ni0.83Co0.11Mn 0.07)O2 (NCM),,3.5,1.0,1.0,0,4.2,2.5,,,,,"[{""current_in_A"": null, ""end_soc"": 1.0, ""end_voltage_in_V"": null, ""power_in_W"": null, ""rate_in_C"": """", ""start_soc"": 0, ""start_voltage_in_V"": null, ""voltage_in_V"": null}]","[{""current_in_A"": null, ""end_soc"": 1, ""end_voltage_in_V"": null, ""power_in_W"": null, ""rate_in_C"": """", ""start_soc"": 1.0, ""start_voltage_in_V"": null, ""voltage_in_V"": null}]","[0, 1]",191,2.0,192.0,0.0,1.0,1,,,,,,1,,,,,,,
Tongji,Tongji/Tongji2_CY25-05_1--3.pkl,12438748,Tongji2_CY25-05_1--3,cylindrical_18650,Graphite/Si,Li0.84(Ni0.83Co0.11Mn 0.07)O2 (NCM),,3.5,1.0,1.0,0,4.2,2.5,,,,,"[{""current_in_A"": null, ""end_soc"": 1.0, ""end_voltage_in_V"": null, ""power_in_W"": null, ""rate_in_C"": """", ""start_soc"": 0, ""start_voltage_in_V"": null, ""voltage_in_V"": null}]","[{""current_in_A"": null, ""end_soc"": 1, ""end_voltage_in_V"": null, ""power_in_W"": null, ""rate_in_C"": """", ""start_soc"": 1.0, ""start_voltage_in_V"": null, ""voltage_in_V"": null}]","[0, 1]",191,2.0,192.0,0.0,1.0,1,,,,,,1,,,,,,,
Tongji,Tongji/Tongji2_CY25-05_1--4.pkl,12402761,Tongji2_CY25-05_1--4,cylindrical_18650,Graphite/Si,Li0.84(Ni0.83Co0.11Mn 0.07)O2 (NCM),,3.5,1.0,1.0,0,4.2,2.5,,,,,"[{""current_in_A"": null, ""end_soc"": 1.0, ""end_voltage_in_V"": null, ""power_in_W"": null, ""rate_in_C"": """", ""start_soc"": 0, ""start_voltage_in_V"": null, ""voltage_in_V"": null}]","[{""current_in_A"": null, ""end_soc"": 1, ""end_voltage_in_V"": null, ""power_in_W"": null, ""rate_in_C"": """", ""start_soc"": 1.0, ""start_voltage_in_V"": null, ""voltage_in_V"": null}]","[0, 1]",190,2.0,191.0,0.0,1.0,1,,,,,,1,,,,,,,
Tongji,Tongji/Tongji2_CY25-05_1--5.pkl,31830493,Tongji2_CY25-05_1--5,cylindrical_18650,Graphite/Si,Li0.84(Ni0.83Co0.11Mn 0.07)O2 (NCM),,3.5,1.0,1.0,0,4.2,2.5,,,,,"[{""current_in_A"": null, ""end_soc"": 1.0, ""end_voltage_in_V"": null, ""power_in_W"": null, ""rate_in_C"": """", ""start_soc"": 0, ""start_voltage_in_V"": null, ""voltage_in_V"": null}]","[{""current_in_A"": null, ""end_soc"": 1, ""end_voltage_in_V"": null, ""power_in_W"": null, ""rate_in_C"": """", ""start_soc"": 1.0, ""start_voltage_in_V"": null, ""voltage_in_V"": null}]","[0, 1]",479,2.0,480.0,0.0,1.0,1,,,,,,1,,,,,,,
Tongji,Tongji/Tongji2_CY25-05_1--6.pkl,12474157,Tongji2_CY25-05_1--6,cylindrical_18650,Graphite/Si,Li0.84(Ni0.83Co0.11Mn 0.07)O2 (NCM),,3.5,1.0,1.0,0,4.2,2.5,,,,,"[{""current_in_A"": null, ""end_soc"": 1.0, ""end_voltage_in_V"": null, ""power_in_W"": null, ""rate_in_C"": """", ""start_soc"": 0, ""start_voltage_in_V"": null, ""voltage_in_V"": null}]","[{""current_in_A"": null, ""end_soc"": 1, ""end_voltage_in_V"": null, ""power_in_W"": null, ""rate_in_C"": """", ""start_soc"": 1.0, ""start_voltage_in_V"": null, ""voltage_in_V"": null}]","[0, 1]",191,2.0,192.0,0.0,1.0,1,,,,,,1,,,,,,,
Tongji,Tongji/Tongji2_CY25-05_1--7.pkl,12461019,Tongji2_CY25-05_1--7,cylindrical_18650,Graphite/Si,Li0.84(Ni0.83Co0.11Mn 0.07)O2 (NCM),,3.5,1.0,1.0,0,4.2,2.5,,,,,"[{""current_in_A"": null, ""end_soc"": 1.0, ""end_voltage_in_V"": null, ""power_in_W"": null, ""rate_in_C"": """", ""start_soc"": 0, ""start_voltage_in_V"": null, ""voltage_in_V"": null}]","[{""current_in_A"": null, ""end_soc"": 1, ""end_voltage_in_V"": null, ""power_in_W"": null, ""rate_in_C"": """", ""start_soc"": 1.0, ""start_voltage_in_V"": null, ""voltage_in_V"": null}]","[0, 1]",192,2.0,193.0,0.0,1.0,1,,,,,,1,,,,,,,
Tongji,Tongji/Tongji2_CY25-05_1--8.pkl,22888341,Tongji2_CY25-05_1--8,cylindrical_18650,Graphite/Si,Li0.84(Ni0.83Co0.11Mn 0.07)O2 (NCM),,3.5,1.0,1.0,0,4.2,2.5,,,,,"[{""current_in_A"": null, ""end_soc"": 1.0, ""end_voltage_in_V"": null, ""power_in_W"": null, ""rate_in_C"": """", ""start_soc"": 0, ""start_voltage_in_V"": null, ""voltage_in_V"": null}]","[{""current_in_A"": null, ""end_soc"": 1, ""end_voltage_in_V"": null, ""power_in_W"": null, ""rate_in_C"": """", ""start_soc"": 1.0, ""start_voltage_in_V"": null, ""voltage_in_V"": null}]","[0, 1]",338,2.0,345.0,0.0,1.0,1,,,,,,1,,,,,,,
Tongji,Tongji/Tongji2_CY25-05_1--9.pkl,23347572,Tongji2_CY25-05_1--9,cylindrical_18650,Graphite/Si,Li0.84(Ni0.83Co0.11Mn 0.07)O2 (NCM),,3.5,1.0,1.0,0,4.2,2.5,,,,,"[{""current_in_A"": null, ""end_soc"": 1.0, ""end_voltage_in_V"": null, ""power_in_W"": null, ""rate_in_C"": """", ""start_soc"": 0, ""start_voltage_in_V"": null, ""voltage_in_V"": null}]","[{""current_in_A"": null, ""end_soc"": 1, ""end_voltage_in_V"": null, ""power_in_W"": null, ""rate_in_C"": """", ""start_soc"": 1.0, ""start_voltage_in_V"": null, ""voltage_in_V"": null}]","[0, 1]",349,2.0,356.0,0.0,1.0,1,,,,,,1,,,,,,,
Tongji,Tongji/Tongji2_CY35-05_1--1.pkl,72570059,Tongji2_CY35-05_1--1,cylindrical_18650,Graphite/Si,Li0.84(Ni0.83Co0.11Mn 0.07)O2 (NCM),,3.5,1.0,1.0,0,4.2,2.5,,,,,"[{""current_in_A"": null, ""end_soc"": 1.0, ""end_voltage_in_V"": null, ""power_in_W"": null, ""rate_in_C"": """", ""start_soc"": 0, ""start_voltage_in_V"": null, ""voltage_in_V"": null}]","[{""current_in_A"": null, ""end_soc"": 1, ""end_voltage_in_V"": null, ""power_in_W"": null, ""rate_in_C"": """", ""start_soc"": 1.0, ""start_voltage_in_V"": null, ""voltage_in_V"": null}]","[0, 1]",1101,2.0,1124.0,0.0,1.0,1,,,,,,1,,,,,,,
Tongji,Tongji/Tongji2_CY35-05_1--2.pkl,83904707,Tongji2_CY35-05_1--2,cylindrical_18650,Graphite/Si,Li0.84(Ni0.83Co0.11Mn 0.07)O2 (NCM),,3.5,1.0,1.0,0,4.2,2.5,,,,,"[{""current_in_A"": null, ""end_soc"": 1.0, ""end_voltage_in_V"": null, ""power_in_W"": null, ""rate_in_C"": """", ""start_soc"": 0, ""start_voltage_in_V"": null, ""voltage_in_V"": null}]","[{""current_in_A"": null, ""end_soc"": 1, ""end_voltage_in_V"": null, ""power_in_W"": null, ""rate_in_C"": """", ""start_soc"": 1.0, ""start_voltage_in_V"": null, ""voltage_in_V"": null}]","[0, 1]",1251,2.0,1277.0,0.0,1.0,1,,,,,,1,,,,,,,
Tongji,Tongji/Tongji2_CY35-05_1--3.pkl,80335286,Tongji2_CY35-05_1--3,cylindrical_18650,Graphite/Si,Li0.84(Ni0.83Co0.11Mn 0.07)O2 (NCM),,3.5,1.0,1.0,0,4.2,2.5,,,,,"[{""current_in_A"": null, ""end_soc"": 1.0, ""end_voltage_in_V"": null, ""power_in_W"": null, ""rate_in_C"": """", ""start_soc"": 0, ""start_voltage_in_V"": null, ""voltage_in_V"": null}]","[{""current_in_A"": null, ""end_soc"": 1, ""end_voltage_in_V"": null, ""power_in_W"": null, ""rate_in_C"": """", ""start_soc"": 1.0, ""start_voltage_in_V"": null, ""voltage_in_V"": null}]","[0, 1]",1206,2.0,1231.0,0.0,1.0,1,,,,,,1,,,,,,,
Tongji,Tongji/Tongji2_CY35-05_1--4.pkl,76498511,Tongji2_CY35-05_1--4,cylindrical_18650,Graphite/Si,Li0.84(Ni0.83Co0.11Mn 0.07)O2 (NCM),,3.5,1.0,1.0,0,4.2,2.5,,,,,"[{""current_in_A"": null, ""end_soc"": 1.0, ""end_voltage_in_V"": null, ""power_in_W"": null, ""rate_in_C"": """", ""start_soc"": 0, ""start_voltage_in_V"": null, ""voltage_in_V"": null}]","[{""current_in_A"": null, ""end_soc"": 1, ""end_voltage_in_V"": null, ""power_in_W"": null, ""rate_in_C"": """", ""start_soc"": 1.0, ""start_voltage_in_V"": null, ""voltage_in_V"": null}]","[0, 1]",1150,2.0,1174.0,0.0,1.0,1,,,,,,1,,,,,,,
Tongji,Tongji/Tongji2_CY45-05_1--1.pkl,28560036,Tongji2_CY45-05_1--1,cylindrical_18650,Graphite/Si,Li0.84(Ni0.83Co0.11Mn 0.07)O2 (NCM),,3.5,1.0,1.0,0,4.2,2.5,,,,,"[{""current_in_A"": null, ""end_soc"": 1.0, ""end_voltage_in_V"": null, ""power_in_W"": null, ""rate_in_C"": """", ""start_soc"": 0, ""start_voltage_in_V"": null, ""voltage_in_V"": null}]","[{""current_in_A"": null, ""end_soc"": 1, ""end_voltage_in_V"": null, ""power_in_W"": null, ""rate_in_C"": """", ""start_soc"": 1.0, ""start_voltage_in_V"": null, ""voltage_in_V"": null}]","[0, 1]",455,2.0,465.0,0.0,1.0,1,,,,,,1,,,,,,,
Tongji,Tongji/Tongji2_CY45-05_1--10.pkl,25108216,Tongji2_CY45-05_1--10,cylindrical_18650,Graphite/Si,Li0.84(Ni0.83Co0.11Mn 0.07)O2 (NCM),,3.5,1.0,1.0,0,4.2,2.5,,,,,"[{""current_in_A"": null, ""end_soc"": 1.0, ""end_voltage_in_V"": null, ""power_in_W"": null, ""rate_in_C"": """", ""start_soc"": 0, ""start_voltage_in_V"": null, ""voltage_in_V"": null}]","[{""current_in_A"": null, ""end_soc"": 1, ""end_voltage_in_V"": null, ""power_in_W"": null, ""rate_in_C"": """", ""start_soc"": 1.0, ""start_voltage_in_V"": null, ""voltage_in_V"": null}]","[0, 1]",399,2.0,407.0,0.0,1.0,1,,,,,,1,,,,,,,
Tongji,Tongji/Tongji2_CY45-05_1--11.pkl,50930198,Tongji2_CY45-05_1--11,cylindrical_18650,Graphite/Si,Li0.84(Ni0.83Co0.11Mn 0.07)O2 (NCM),,3.5,1.0,1.0,0,4.2,2.5,,,,,"[{""current_in_A"": null, ""end_soc"": 1.0, ""end_voltage_in_V"": null, ""power_in_W"": null, ""rate_in_C"": """", ""start_soc"": 0, ""start_voltage_in_V"": null, ""voltage_in_V"": null}]","[{""current_in_A"": null, ""end_soc"": 1, ""end_voltage_in_V"": null, ""power_in_W"": null, ""rate_in_C"": """", ""start_soc"": 1.0, ""start_voltage_in_V"": null, ""voltage_in_V"": null}]","[0, 1]",799,2.0,800.0,0.0,1.0,1,,,,,,1,,,,,,,
Tongji,Tongji/Tongji2_CY45-05_1--12.pkl,51512129,Tongji2_CY45-05_1--12,cylindrical_18650,Graphite/Si,Li0.84(Ni0.83Co0.11Mn 0.07)O2 (NCM),,3.5,1.0,1.0,0,4.2,2.5,,,,,"[{""current_in_A"": null, ""end_soc"": 1.0, ""end_voltage_in_V"": null, ""power_in_W"": null, ""rate_in_C"": """", ""start_soc"": 0, ""start_voltage_in_V"": null, ""voltage_in_V"": null}]","[{""current_in_A"": null, ""end_soc"": 1, ""end_voltage_in_V"": null, ""power_in_W"": null, ""rate_in_C"": """", ""start_soc"": 1.0, ""start_voltage_in_V"": null, ""voltage_in_V"": null}]","[0, 1]",799,2.0,800.0,0.0,1.0,1,,,,,,1,,,,,,,
Tongji,Tongji/Tongji2_CY45-05_1--13.pkl,55534131,Tongji2_CY45-05_1--13,cylindrical_18650,Graphite/Si,Li0.84(Ni0.83Co0.11Mn 0.07)O2 (NCM),,3.5,1.0,1.0,0,4.2,2.5,,,,,"[{""current_in_A"": null, ""end_soc"": 1.0, ""end_voltage_in_V"": null, ""power_in_W"": null, ""rate_in_C"": """", ""start_soc"": 0, ""start_voltage_in_V"": null, ""voltage_in_V"": null}]","[{""current_in_A"": null, ""end_soc"": 1, ""end_voltage_in_V"": null, ""power_in_W"": null, ""rate_in_C"": """", ""start_soc"": 1.0, ""start_voltage_in_V"": null, ""voltage_in_V"": null}]","[0, 1]",867,2.0,868.0,0.0,1.0,1,,,,,,1,,,,,,,
Tongji,Tongji/Tongji2_CY45-05_1--14.pkl,55196699,Tongji2_CY45-05_1--14,cylindrical_18650,Graphite/Si,Li0.84(Ni0.83Co0.11Mn 0.07)O2 (NCM),,3.5,1.0,1.0,0,4.2,2.5,,,,,"[{""current_in_A"": null, ""end_soc"": 1.0, ""end_voltage_in_V"": null, ""power_in_W"": null, ""rate_in_C"": """", ""start_soc"": 0, ""start_voltage_in_V"": null, ""voltage_in_V"": null}]","[{""current_in_A"": null, ""end_soc"": 1, ""end_voltage_in_V"": null, ""power_in_W"": null, ""rate_in_C"": """", ""start_soc"": 1.0, ""start_voltage_in_V"": null, ""voltage_in_V"": null}]","[0, 1]",863,2.0,865.0,0.0,1.0,1,,,,,,1,,,,,,,
Tongji,Tongji/Tongji2_CY45-05_1--15.pkl,24937961,Tongji2_CY45-05_1--15,cylindrical_18650,Graphite/Si,Li0.84(Ni0.83Co0.11Mn 0.07)O2 (NCM),,3.5,1.0,1.0,0,4.2,2.5,,,,,"[{""current_in_A"": null, ""end_soc"": 1.0, ""end_voltage_in_V"": null, ""power_in_W"": null, ""rate_in_C"": """", ""start_soc"": 0, ""start_voltage_in_V"": null, ""voltage_in_V"": null}]","[{""current_in_A"": null, ""end_soc"": 1, ""end_voltage_in_V"": null, ""power_in_W"": null, ""rate_in_C"": """", ""start_soc"": 1.0, ""start_voltage_in_V"": null, ""voltage_in_V"": null}]","[0, 1]",403,2.0,404.0,0.0,1.0,1,,,,,,1,,,,,,,
Tongji,Tongji/Tongji2_CY45-05_1--16.pkl,37275900,Tongji2_CY45-05_1--16,cylindrical_18650,Graphite/Si,Li0.84(Ni0.83Co0.11Mn 0.07)O2 (NCM),,3.5,1.0,1.0,0,4.2,2.5,,,,,"[{""current_in_A"": null, ""end_soc"": 1.0, ""end_voltage_in_V"": null, ""power_in_W"": null, ""rate_in_C"": """", ""start_soc"": 0, ""start_voltage_in_V"": null, ""voltage_in_V"": null}]","[{""current_in_A"": null, ""end_soc"": 1, ""end_voltage_in_V"": null, ""power_in_W"": null, ""rate_in_C"": """", ""start_soc"": 1.0, ""start_voltage_in_V"": null, ""voltage_in_V"": null}]","[0, 1]",595,2.0,597.0,0.0,1.0,1,,,,,,1,,,,,,,
Tongji,Tongji/Tongji2_CY45-05_1--17.pkl,37390730,Tongji2_CY45-05_1--17,cylindrical_18650,Graphite/Si,Li0.84(Ni0.83Co0.11Mn 0.07)O2 (NCM),,3.5,1.0,1.0,0,4.2,2.5,,,,,"[{""current_in_A"": null, ""end_soc"": 1.0, ""end_voltage_in_V"": null, ""power_in_W"": null, ""rate_in_C"": """", ""start_soc"": 0, ""start_voltage_in_V"": null, ""voltage_in_V"": null}]","[{""current_in_A"": null, ""end_soc"": 1, ""end_voltage_in_V"": null, ""power_in_W"": null, ""rate_in_C"": """", ""start_soc"": 1.0, ""start_voltage_in_V"": null, ""voltage_in_V"": null}]","[0, 1]",596,2.0,597.0,0.0,1.0,1,,,,,,1,,,,,,,
Tongji,Tongji/Tongji2_CY45-05_1--18.pkl,37266062,Tongji2_CY45-05_1--18,cylindrical_18650,Graphite/Si,Li0.84(Ni0.83Co0.11Mn 0.07)O2 (NCM),,3.5,1.0,1.0,0,4.2,2.5,,,,,"[{""current_in_A"": null, ""end_soc"": 1.0, ""end_voltage_in_V"": null, ""power_in_W"": null, ""rate_in_C"": """", ""start_soc"": 0, ""start_voltage_in_V"": null, ""voltage_in_V"": null}]","[{""current_in_A"": null, ""end_soc"": 1, ""end_voltage_in_V"": null, ""power_in_W"": null, ""rate_in_C"": """", ""start_soc"": 1.0, ""start_voltage_in_V"": null, ""voltage_in_V"": null}]","[0, 1]",596,2.0,597.0,0.0,1.0,1,,,,,,1,,,,,,,
Tongji,Tongji/Tongji2_CY45-05_1--19.pkl,50573127,Tongji2_CY45-05_1--19,cylindrical_18650,Graphite/Si,Li0.84(Ni0.83Co0.11Mn 0.07)O2 (NCM),,3.5,1.0,1.0,0,4.2,2.5,,,,,"[{""current_in_A"": null, ""end_soc"": 1.0, ""end_voltage_in_V"": null, ""power_in_W"": null, ""rate_in_C"": """", ""start_soc"": 0, ""start_voltage_in_V"": null, ""voltage_in_V"": null}]","[{""current_in_A"": null, ""end_soc"": 1, ""end_voltage_in_V"": null, ""power_in_W"": null, ""rate_in_C"": """", ""start_soc"": 1.0, ""start_voltage_in_V"": null, ""voltage_in_V"": null}]","[0, 1]",795,2.0,797.0,0.0,1.0,1,,,,,,1,,,,,,,
Tongji,Tongji/Tongji2_CY45-05_1--2.pkl,28649413,Tongji2_CY45-05_1--2,cylindrical_18650,Graphite/Si,Li0.84(Ni0.83Co0.11Mn 0.07)O2 (NCM),,3.5,1.0,1.0,0,4.2,2.5,,,,,"[{""current_in_A"": null, ""end_soc"": 1.0, ""end_voltage_in_V"": null, ""power_in_W"": null, ""rate_in_C"": """", ""start_soc"": 0, ""start_voltage_in_V"": null, ""voltage_in_V"": null}]","[{""current_in_A"": null, ""end_soc"": 1, ""end_voltage_in_V"": null, ""power_in_W"": null, ""rate_in_C"": """", ""start_soc"": 1.0, ""start_voltage_in_V"": null, ""voltage_in_V"": null}]","[0, 1]",453,2.0,463.0,0.0,1.0,1,,,,,,1,,,,,,,
Tongji,Tongji/Tongji2_CY45-05_1--20.pkl,50550839,Tongji2_CY45-05_1--20,cylindrical_18650,Graphite/Si,Li0.84(Ni0.83Co0.11Mn 0.07)O2 (NCM),,3.5,1.0,1.0,0,4.2,2.5,,,,,"[{""current_in_A"": null, ""end_soc"": 1.0, ""end_voltage_in_V"": null, ""power_in_W"": null, ""rate_in_C"": """", ""start_soc"": 0, ""start_voltage_in_V"": null, ""voltage_in_V"": null}]","[{""current_in_A"": null, ""end_soc"": 1, ""end_voltage_in_V"": null, ""power_in_W"": null, ""rate_in_C"": """", ""start_soc"": 1.0, ""start_voltage_in_V"": null, ""voltage_in_V"": null}]","[0, 1]",796,2.0,797.0,0.0,1.0,1,,,,,,1,,,,,,,
Tongji,Tongji/Tongji2_CY45-05_1--21.pkl,57717590,Tongji2_CY45-05_1--21,cylindrical_18650,Graphite/Si,Li0.84(Ni0.83Co0.11Mn 0.07)O2 (NCM),,3.5,1.0,1.0,0,4.2,2.5,,,,,"[{""current_in_A"": null, ""end_soc"": 1.0, ""end_voltage_in_V"": null, ""power_in_W"": null, ""rate_in_C"": """", ""start_soc"": 0, ""start_voltage_in_V"": null, ""voltage_in_V"": null}]","[{""current_in_A"": null, ""end_soc"": 1, ""end_voltage_in_V"": null, ""power_in_W"": null, ""rate_in_C"": """", ""start_soc"": 1.0, ""start_voltage_in_V"": null, ""voltage_in_V"": null}]","[0, 1]",901,2.0,902.0,0.0,1.0,1,,,,,,1,,,,,,,
Tongji,Tongji/Tongji2_CY45-05_1--22.pkl,54780810,Tongji2_CY45-05_1--22,cylindrical_18650,Graphite/Si,Li0.84(Ni0.83Co0.11Mn 0.07)O2 (NCM),,3.5,1.0,1.0,0,4.2,2.5,,,,,"[{""current_in_A"": null, ""end_soc"": 1.0, ""end_voltage_in_V"": null, ""power_in_W"": null, ""rate_in_C"": """", ""start_soc"": 0, ""start_voltage_in_V"": null, ""voltage_in_V"": null}]","[{""current_in_A"": null, ""end_soc"": 1, ""end_voltage_in_V"": null, ""power_in_W"": null, ""rate_in_C"": """", ""start_soc"": 1.0, ""start_voltage_in_V"": null, ""voltage_in_V"": null}]","[0, 1]",859,2.0,861.0,0.0,1.0,1,,,,,,1,,,,,,,
Tongji,Tongji/Tongji2_CY45-05_1--23.pkl,58036002,Tongji2_CY45-05_1--23,cylindrical_18650,Graphite/Si,Li0.84(Ni0.83Co0.11Mn 0.07)O2 (NCM),,3.5,1.0,1.0,0,4.2,2.5,,,,,"[{""current_in_A"": null, ""end_soc"": 1.0, ""end_voltage_in_V"": null, ""power_in_W"": null, ""rate_in_C"": """", ""start_soc"": 0, ""start_voltage_in_V"": null, ""voltage_in_V"": null}]","[{""current_in_A"": null, ""end_soc"": 1, ""end_voltage_in_V"": null, ""power_in_W"": null, ""rate_in_C"": """", ""start_soc"": 1.0, ""start_voltage_in_V"": null, ""voltage_in_V"": null}]","[0, 1]",918,2.0,921.0,0.0,1.0,1,,,,,,1,,,,,,,
Tongji,Tongji/Tongji2_CY45-05_1--24.pkl,56723832,Tongji2_CY45-05_1--24,cylindrical_18650,Graphite/Si,Li0.84(Ni0.83Co0.11Mn 0.07)O2 (NCM),,3.5,1.0,1.0,0,4.2,2.5,,,,,"[{""current_in_A"": null, ""end_soc"": 1.0, ""end_voltage_in_V"": null, ""power_in_W"": null, ""rate_in_C"": """", ""start_soc"": 0, ""start_voltage_in_V"": null, ""voltage_in_V"": null}]","[{""current_in_A"": null, ""end_soc"": 1, ""end_voltage_in_V"": null, ""power_in_W"": null, ""rate_in_C"": """", ""start_soc"": 1.0, ""start_voltage_in_V"": null, ""voltage_in_V"": null}]","[0, 1]",888,2.0,890.0,0.0,1.0,1,,,,,,1,,,,,,,
Tongji,Tongji/Tongji2_CY45-05_1--25.pkl,60341798,Tongji2_CY45-05_1--25,cylindrical_18650,Graphite/Si,Li0.84(Ni0.83Co0.11Mn 0.07)O2 (NCM),,3.5,1.0,1.0,0,4.2,2.5,,,,,"[{""current_in_A"": null, ""end_soc"": 1.0, ""end_voltage_in_V"": null, ""power_in_W"": null, ""rate_in_C"": """", ""start_soc"": 0, ""start_voltage_in_V"": null, ""voltage_in_V"": null}]","[{""current_in_A"": null, ""end_soc"": 1, ""end_voltage_in_V"": null, ""power_in_W"": null, ""rate_in_C"": """", ""start_soc"": 1.0, ""start_voltage_in_V"": null, ""voltage_in_V"": null}]","[0, 1]",932,2.0,933.0,0.0,1.0,1,,,,,,1,,,,,,,
Tongji,Tongji/Tongji2_CY45-05_1--26.pkl,54631389,Tongji2_CY45-05_1--26,cylindrical_18650,Graphite/Si,Li0.84(Ni0.83Co0.11Mn 0.07)O2 (NCM),,3.5,1.0,1.0,0,4.2,2.5,,,,,"[{""current_in_A"": null, ""end_soc"": 1.0, ""end_voltage_in_V"": null, ""power_in_W"": null, ""rate_in_C"": """", ""start_soc"": 0, ""start_voltage_in_V"": null, ""voltage_in_V"": null}]","[{""current_in_A"": null, ""end_soc"": 1, ""end_voltage_in_V"": null, ""power_in_W"": null, ""rate_in_C"": """", ""start_soc"": 1.0, ""start_voltage_in_V"": null, ""voltage_in_V"": null}]","[0, 1]",853,2.0,855.0,0.0,1.0,1,,,,,,1,,,,,,,
Tongji,Tongji/Tongji2_CY45-05_1--27.pkl,60295187,Tongji2_CY45-05_1--27,cylindrical_18650,Graphite/Si,Li0.84(Ni0.83Co0.11Mn 0.07)O2 (NCM),,3.5,1.0,1.0,0,4.2,2.5,,,,,"[{""current_in_A"": null, ""end_soc"": 1.0, ""end_voltage_in_V"": null, ""power_in_W"": null, ""rate_in_C"": """", ""start_soc"": 0, ""start_voltage_in_V"": null, ""voltage_in_V"": null}]","[{""current_in_A"": null, ""end_soc"": 1, ""end_voltage_in_V"": null, ""power_in_W"": null, ""rate_in_C"": """", ""start_soc"": 1.0, ""start_voltage_in_V"": null, ""voltage_in_V"": null}]","[0, 1]",928,2.0,929.0,0.0,1.0,1,,,,,,1,,,,,,,
Tongji,Tongji/Tongji2_CY45-05_1--28.pkl,56810063,Tongji2_CY45-05_1--28,cylindrical_18650,Graphite/Si,Li0.84(Ni0.83Co0.11Mn 0.07)O2 (NCM),,3.5,1.0,1.0,0,4.2,2.5,,,,,"[{""current_in_A"": null, ""end_soc"": 1.0, ""end_voltage_in_V"": null, ""power_in_W"": null, ""rate_in_C"": """", ""start_soc"": 0, ""start_voltage_in_V"": null, ""voltage_in_V"": null}]","[{""current_in_A"": null, ""end_soc"": 1, ""end_voltage_in_V"": null, ""power_in_W"": null, ""rate_in_C"": """", ""start_soc"": 1.0, ""start_voltage_in_V"": null, ""voltage_in_V"": null}]","[0, 1]",884,2.0,885.0,0.0,1.0,1,,,,,,1,,,,,,,
Tongji,Tongji/Tongji2_CY45-05_1--3.pkl,12800118,Tongji2_CY45-05_1--3,cylindrical_18650,Graphite/Si,Li0.84(Ni0.83Co0.11Mn 0.07)O2 (NCM),,3.5,1.0,1.0,0,4.2,2.5,,,,,"[{""current_in_A"": null, ""end_soc"": 1.0, ""end_voltage_in_V"": null, ""power_in_W"": null, ""rate_in_C"": """", ""start_soc"": 0, ""start_voltage_in_V"": null, ""voltage_in_V"": null}]","[{""current_in_A"": null, ""end_soc"": 1, ""end_voltage_in_V"": null, ""power_in_W"": null, ""rate_in_C"": """", ""start_soc"": 1.0, ""start_voltage_in_V"": null, ""voltage_in_V"": null}]","[0, 1]",199,2.0,203.0,0.0,1.0,1,,,,,,1,,,,,,,
Tongji,Tongji/Tongji2_CY45-05_1--4.pkl,12720374,Tongji2_CY45-05_1--4,cylindrical_18650,Graphite/Si,Li0.84(Ni0.83Co0.11Mn 0.07)O2 (NCM),,3.5,1.0,1.0,0,4.2,2.5,,,,,"[{""current_in_A"": null, ""end_soc"": 1.0, ""end_voltage_in_V"": null, ""power_in_W"": null, ""rate_in_C"": """", ""start_soc"": 0, ""start_voltage_in_V"": null, ""voltage_in_V"": null}]","[{""current_in_A"": null, ""end_soc"": 1, ""end_voltage_in_V"": null, ""power_in_W"": null, ""rate_in_C"": """", ""start_soc"": 1.0, ""start_voltage_in_V"": null, ""voltage_in_V"": null}]","[0, 1]",199,2.0,203.0,0.0,1.0,1,,,,,,1,,,,,,,
Tongji,Tongji/Tongji2_CY45-05_1--5.pkl,12649676,Tongji2_CY45-05_1--5,cylindrical_18650,Graphite/Si,Li0.84(Ni0.83Co0.11Mn 0.07)O2 (NCM),,3.5,1.0,1.0,0,4.2,2.5,,,,,"[{""current_in_A"": null, ""end_soc"": 1.0, ""end_voltage_in_V"": null, ""power_in_W"": null, ""rate_in_C"": """", ""start_soc"": 0, ""start_voltage_in_V"": null, ""voltage_in_V"": null}]","[{""current_in_A"": null, ""end_soc"": 1, ""end_voltage_in_V"": null, ""power_in_W"": null, ""rate_in_C"": """", ""start_soc"": 1.0, ""start_voltage_in_V"": null, ""voltage_in_V"": null}]","[0, 1]",199,2.0,203.0,0.0,1.0,1,,,,,,1,,,,,,,
Tongji,Tongji/Tongji2_CY45-05_1--6.pkl,12530587,Tongji2_CY45-05_1--6,cylindrical_18650,Graphite/Si,Li0.84(Ni0.83Co0.11Mn 0.07)O2 (NCM),,3.5,1.0,1.0,0,4.2,2.5,,,,,"[{""current_in_A"": null, ""end_soc"": 1.0, ""end_voltage_in_V"": null, ""power_in_W"": null, ""rate_in_C"": """", ""start_soc"": 0, ""start_voltage_in_V"": null, ""voltage_in_V"": null}]","[{""current_in_A"": null, ""end_soc"": 1, ""end_voltage_in_V"": null, ""power_in_W"": null, ""rate_in_C"": """", ""start_soc"": 1.0, ""start_voltage_in_V"": null, ""voltage_in_V"": null}]","[0, 1]",199,2.0,203.0,0.0,1.0,1,,,,,,1,,,,,,,
Tongji,Tongji/Tongji2_CY45-05_1--7.pkl,25277883,Tongji2_CY45-05_1--7,cylindrical_18650,Graphite/Si,Li0.84(Ni0.83Co0.11Mn 0.07)O2 (NCM),,3.5,1.0,1.0,0,4.2,2.5,,,,,"[{""current_in_A"": null, ""end_soc"": 1.0, ""end_voltage_in_V"": null, ""power_in_W"": null, ""rate_in_C"": """", ""start_soc"": 0, ""start_voltage_in_V"": null, ""voltage_in_V"": null}]","[{""current_in_A"": null, ""end_soc"": 1, ""end_voltage_in_V"": null, ""power_in_W"": null, ""rate_in_C"": """", ""start_soc"": 1.0, ""start_voltage_in_V"": null, ""voltage_in_V"": null}]","[0, 1]",399,2.0,407.0,0.0,1.0,1,,,,,,1,,,,,,,
Tongji,Tongji/Tongji2_CY45-05_1--8.pkl,25216374,Tongji2_CY45-05_1--8,cylindrical_18650,Graphite/Si,Li0.84(Ni0.83Co0.11Mn 0.07)O2 (NCM),,3.5,1.0,1.0,0,4.2,2.5,,,,,"[{""current_in_A"": null, ""end_soc"": 1.0, ""end_voltage_in_V"": null, ""power_in_W"": null, ""rate_in_C"": """", ""start_soc"": 0, ""start_voltage_in_V"": null, ""voltage_in_V"": null}]","[{""current_in_A"": null, ""end_soc"": 1, ""end_voltage_in_V"": null, ""power_in_W"": null, ""rate_in_C"": """", ""start_soc"": 1.0, ""start_voltage_in_V"": null, ""voltage_in_V"": null}]","[0, 1]",399,2.0,407.0,0.0,1.0,1,,,,,,1,,,,,,,
Tongji,Tongji/Tongji2_CY45-05_1--9.pkl,25236024,Tongji2_CY45-05_1--9,cylindrical_18650,Graphite/Si,Li0.84(Ni0.83Co0.11Mn 0.07)O2 (NCM),,3.5,1.0,1.0,0,4.2,2.5,,,,,"[{""current_in_A"": null, ""end_soc"": 1.0, ""end_voltage_in_V"": null, ""power_in_W"": null, ""rate_in_C"": """", ""start_soc"": 0, ""start_voltage_in_V"": null, ""voltage_in_V"": null}]","[{""current_in_A"": null, ""end_soc"": 1, ""end_voltage_in_V"": null, ""power_in_W"": null, ""rate_in_C"": """", ""start_soc"": 1.0, ""start_voltage_in_V"": null, ""voltage_in_V"": null}]","[0, 1]",399,2.0,407.0,0.0,1.0,1,,,,,,1,,,,,,,
Tongji,Tongji/Tongji3_CY25-05_1--1.pkl,110485790,Tongji3_CY25-05_1--1,cylindrical_18650,Graphite,42 wt.% Li(NiCoMn)O2 blended with 58 wt.% Li(NiCoAl)O2 (NCM+NCA),,2.5,1.0,1.0,0,4.2,2.5,,,,,"[{""current_in_A"": null, ""end_soc"": 1.0, ""end_voltage_in_V"": null, ""power_in_W"": null, ""rate_in_C"": """", ""start_soc"": 0, ""start_voltage_in_V"": null, ""voltage_in_V"": null}]","[{""current_in_A"": null, ""end_soc"": 1, ""end_voltage_in_V"": null, ""power_in_W"": null, ""rate_in_C"": """", ""start_soc"": 1.0, ""start_voltage_in_V"": null, ""voltage_in_V"": null}]","[0, 1]",935,2.0,941.0,0.0,1.0,1,,,,,,1,,,,,,,
Tongji,Tongji/Tongji3_CY25-05_1--2.pkl,111866241,Tongji3_CY25-05_1--2,cylindrical_18650,Graphite,42 wt.% Li(NiCoMn)O2 blended with 58 wt.% Li(NiCoAl)O2 (NCM+NCA),,2.5,1.0,1.0,0,4.2,2.5,,,,,"[{""current_in_A"": null, ""end_soc"": 1.0, ""end_voltage_in_V"": null, ""power_in_W"": null, ""rate_in_C"": """", ""start_soc"": 0, ""start_voltage_in_V"": null, ""voltage_in_V"": null}]","[{""current_in_A"": null, ""end_soc"": 1, ""end_voltage_in_V"": null, ""power_in_W"": null, ""rate_in_C"": """", ""start_soc"": 1.0, ""start_voltage_in_V"": null, ""voltage_in_V"": null}]","[0, 1]",954,2.0,960.0,0.0,1.0,1,,,,,,1,,,,,,,
Tongji,Tongji/Tongji3_CY25-05_1--3.pkl,116167107,Tongji3_CY25-05_1--3,cylindrical_18650,Graphite,42 wt.% Li(NiCoMn)O2 blended with 58 wt.% Li(NiCoAl)O2 (NCM+NCA),,2.5,1.0,1.0,0,4.2,2.5,,,,,"[{""current_in_A"": null, ""end_soc"": 1.0, ""end_voltage_in_V"": null, ""power_in_W"": null, ""rate_in_C"": """", ""start_soc"": 0, ""start_voltage_in_V"": null, ""voltage_in_V"": null}]","[{""current_in_A"": null, ""end_soc"": 1, ""end_voltage_in_V"": null, ""power_in_W"": null, ""rate_in_C"": """", ""start_soc"": 1.0, ""start_voltage_in_V"": null, ""voltage_in_V"": null}]","[0, 1]",993,2.0,999.0,0.0,1.0,1,,,,,,1,,,,,,,
Tongji,Tongji/Tongji3_CY25-05_2--1.pkl,104222790,Tongji3_CY25-05_2--1,cylindrical_18650,Graphite,42 wt.% Li(NiCoMn)O2 blended with 58 wt.% Li(NiCoAl)O2 (NCM+NCA),,2.5,1.0,1.0,0,4.2,2.5,,,,,"[{""current_in_A"": null, ""end_soc"": 1.0, ""end_voltage_in_V"": null, ""power_in_W"": null, ""rate_in_C"": """", ""start_soc"": 0, ""start_voltage_in_V"": null, ""voltage_in_V"": null}]","[{""current_in_A"": null, ""end_soc"": 1, ""end_voltage_in_V"": null, ""power_in_W"": null, ""rate_in_C"": """", ""start_soc"": 1.0, ""start_voltage_in_V"": null, ""voltage_in_V"": null}]","[0, 1]",978,2.0,984.0,0.0,1.0,1,,,,,,1,,,,,,,
Tongji,Tongji/Tongji3_CY25-05_2--2.pkl,101178393,Tongji3_CY25-05_2--2,cylindrical_18650,Graphite,42 wt.% Li(NiCoMn)O2 blended with 58 wt.% Li(NiCoAl)O2 (NCM+NCA),,2.5,1.0,1.0,0,4.2,2.5,,,,,"[{""current_in_A"": null, ""end_soc"": 1.0, ""end_voltage_in_V"": null, ""power_in_W"": null, ""rate_in_C"": """", ""start_soc"": 0, ""start_voltage_in_V"": null, ""voltage_in_V"": null}]","[{""current_in_A"": null, ""end_soc"": 1, ""end_voltage_in_V"": null, ""power_in_W"": null, ""rate_in_C"": """", ""start_soc"": 1.0, ""start_voltage_in_V"": null, ""voltage_in_V"": null}]","[0, 1]",957,2.0,963.0,0.0,1.0,1,,,,,,1,,,,,,,
Tongji,Tongji/Tongji3_CY25-05_2--3.pkl,109336160,Tongji3_CY25-05_2--3,cylindrical_18650,Graphite,42 wt.% Li(NiCoMn)O2 blended with 58 wt.% Li(NiCoAl)O2 (NCM+NCA),,2.5,1.0,1.0,0,4.2,2.5,,,,,"[{""current_in_A"": null, ""end_soc"": 1.0, ""end_voltage_in_V"": null, ""power_in_W"": null, ""rate_in_C"": """", ""start_soc"": 0, ""start_voltage_in_V"": null, ""voltage_in_V"": null}]","[{""current_in_A"": null, ""end_soc"": 1, ""end_voltage_in_V"": null, ""power_in_W"": null, ""rate_in_C"": """", ""start_soc"": 1.0, ""start_voltage_in_V"": null, ""voltage_in_V"": null}]","[0, 1]",1025,2.0,1031.0,0.0,1.0,1,,,,,,1,,,,,,,
Tongji,Tongji/Tongji3_CY25-05_4--1.pkl,102597470,Tongji3_CY25-05_4--1,cylindrical_18650,Graphite,42 wt.% Li(NiCoMn)O2 blended with 58 wt.% Li(NiCoAl)O2 (NCM+NCA),,2.5,1.0,1.0,0,4.2,2.5,,,,,"[{""current_in_A"": null, ""end_soc"": 1.0, ""end_voltage_in_V"": null, ""power_in_W"": null, ""rate_in_C"": """", ""start_soc"": 0, ""start_voltage_in_V"": null, ""voltage_in_V"": null}]","[{""current_in_A"": null, ""end_soc"": 1, ""end_voltage_in_V"": null, ""power_in_W"": null, ""rate_in_C"": """", ""start_soc"": 1.0, ""start_voltage_in_V"": null, ""voltage_in_V"": null}]","[0, 1]",985,2.0,992.0,0.0,1.0,1,,,,,,1,,,,,,,
Tongji,Tongji/Tongji3_CY25-05_4--2.pkl,100495615,Tongji3_CY25-05_4--2,cylindrical_18650,Graphite,42 wt.% Li(NiCoMn)O2 blended with 58 wt.% Li(NiCoAl)O2 (NCM+NCA),,2.5,1.0,1.0,0,4.2,2.5,,,,,"[{""current_in_A"": null, ""end_soc"": 1.0, ""end_voltage_in_V"": null, ""power_in_W"": null, ""rate_in_C"": """", ""start_soc"": 0, ""start_voltage_in_V"": null, ""voltage_in_V"": null}]","[{""current_in_A"": null, ""end_soc"": 1, ""end_voltage_in_V"": null, ""power_in_W"": null, ""rate_in_C"": """", ""start_soc"": 1.0, ""start_voltage_in_V"": null, ""voltage_in_V"": null}]","[0, 1]",976,2.0,982.0,0.0,1.0,1,,,,,,1,,,,,,,
Tongji,Tongji/Tongji3_CY25-05_4--3.pkl,93613937,Tongji3_CY25-05_4--3,cylindrical_18650,Graphite,42 wt.% Li(NiCoMn)O2 blended with 58 wt.% Li(NiCoAl)O2 (NCM+NCA),,2.5,1.0,1.0,0,4.2,2.5,,,,,"[{""current_in_A"": null, ""end_soc"": 1.0, ""end_voltage_in_V"": null, ""power_in_W"": null, ""rate_in_C"": """", ""start_soc"": 0, ""start_voltage_in_V"": null, ""voltage_in_V"": null}]","[{""current_in_A"": null, ""end_soc"": 1, ""end_voltage_in_V"": null, ""power_in_W"": null, ""rate_in_C"": """", ""start_soc"": 1.0, ""start_voltage_in_V"": null, ""voltage_in_V"": null}]","[0, 1]",905,2.0,912.0,0.0,1.0,1,,,,,,1,,,,,,,
UL_PUR,UL_PUR/UL-PUR_N10-EX9_18650_NCA_23C_0-100_0.5-0.5C_i.pkl,2261141,UL-PUR_N10-EX9_18650_NCA_23C_0-100_0.5-0.5C_i,cylindrical_18650,graphite,LiNi0.8Co0.15Al0.05O2,,3.4,1.0,1.0,0,4.2,2.7,,,,,"[{""current_in_A"": null, ""end_soc"": 1.0, ""end_voltage_in_V"": null, ""power_in_W"": null, ""rate_in_C"": 2.0, ""start_soc"": 0.0, ""start_voltage_in_V"": null, ""voltage_in_V"": null}]","[{""current_in_A"": null, ""end_soc"": 0.0, ""end_voltage_in_V"": null, ""power_in_W"": null, ""rate_in_C"": 1.0, ""start_soc"": 1.0, ""start_voltage_in_V"": null, ""voltage_in_V"": null}]","[0, 1]",194,1.0,194.0,0.0,1.0,1,2.0,2.0,2.0,,,1,1.0,1.0,1.0,,,,
UL_PUR,UL_PUR/UL-PUR_N10-NA7_18650_NCA_23C_0-100_0.5-0.5C_g.pkl,1793972,UL-PUR_N10-NA7_18650_NCA_23C_0-100_0.5-0.5C_g,cylindrical_18650,graphite,LiNi0.8Co0.15Al0.05O2,,3.4,1.0,1.0,0,4.2,2.7,,,,,"[{""current_in_A"": null, ""end_soc"": 1.0, ""end_voltage_in_V"": null, ""power_in_W"": null, ""rate_in_C"": 2.0, ""start_soc"": 0.0, ""start_voltage_in_V"": null, ""voltage_in_V"": null}]","[{""current_in_A"": null, ""end_soc"": 0.0, ""end_voltage_in_V"": null, ""power_in_W"": null, ""rate_in_C"": 1.0, ""start_soc"": 1.0, ""start_voltage_in_V"": null, ""voltage_in_V"": null}]","[0, 1]",164,1.0,164.0,0.0,1.0,1,2.0,2.0,2.0,,,1,1.0,1.0,1.0,,,,
UL_PUR,UL_PUR/UL-PUR_N10-OV8_18650_NCA_23C_0-100_0.5-0.5C_h.pkl,2244962,UL-PUR_N10-OV8_18650_NCA_23C_0-100_0.5-0.5C_h,cylindrical_18650,graphite,LiNi0.8Co0.15Al0.05O2,,3.4,1.0,1.0,0,4.2,2.7,,,,,"[{""current_in_A"": null, ""end_soc"": 1.0, ""end_voltage_in_V"": null, ""power_in_W"": null, ""rate_in_C"": 2.0, ""start_soc"": 0.0, ""start_voltage_in_V"": null, ""voltage_in_V"": null}]","[{""current_in_A"": null, ""end_soc"": 0.0, ""end_voltage_in_V"": null, ""power_in_W"": null, ""rate_in_C"": 1.0, ""start_soc"": 1.0, ""start_voltage_in_V"": null, ""voltage_in_V"": null}]","[0, 1]",191,1.0,191.0,0.0,1.0,1,2.0,2.0,2.0,,,1,1.0,1.0,1.0,,,,
UL_PUR,UL_PUR/UL-PUR_N15-EX4_18650_NCA_23C_0-100_0.5-0.5C_d.pkl,2734628,UL-PUR_N15-EX4_18650_NCA_23C_0-100_0.5-0.5C_d,cylindrical_18650,graphite,LiNi0.8Co0.15Al0.05O2,,3.4,1.0,1.0,0,4.2,2.7,,,,,"[{""current_in_A"": null, ""end_soc"": 1.0, ""end_voltage_in_V"": null, ""power_in_W"": null, ""rate_in_C"": 2.0, ""start_soc"": 0.0, ""start_voltage_in_V"": null, ""voltage_in_V"": null}]","[{""current_in_A"": null, ""end_soc"": 0.0, ""end_voltage_in_V"": null, ""power_in_W"": null, ""rate_in_C"": 1.0, ""start_soc"": 1.0, ""start_voltage_in_V"": null, ""voltage_in_V"": null}]","[0, 1]",224,1.0,224.0,0.0,1.0,1,2.0,2.0,2.0,,,1,1.0,1.0,1.0,,,,
UL_PUR,UL_PUR/UL-PUR_N15-NA10_18650_NCA_23C_0-100_0.5-0.5C_j.pkl,2835710,UL-PUR_N15-NA10_18650_NCA_23C_0-100_0.5-0.5C_j,cylindrical_18650,graphite,LiNi0.8Co0.15Al0.05O2,,3.4,1.0,1.0,0,4.2,2.7,,,,,"[{""current_in_A"": null, ""end_soc"": 1.0, ""end_voltage_in_V"": null, ""power_in_W"": null, ""rate_in_C"": 2.0, ""start_soc"": 0.0, ""start_voltage_in_V"": null, ""voltage_in_V"": null}]","[{""current_in_A"": null, ""end_soc"": 0.0, ""end_voltage_in_V"": null, ""power_in_W"": null, ""rate_in_C"": 1.0, ""start_soc"": 1.0, ""start_voltage_in_V"": null, ""voltage_in_V"": null}]","[0, 1]",259,1.0,259.0,0.0,1.0,1,2.0,2.0,2.0,,,1,1.0,1.0,1.0,,,,
UL_PUR,UL_PUR/UL-PUR_N15-OV3_18650_NCA_23C_0-100_0.5-0.5C_c.pkl,2358965,UL-PUR_N15-OV3_18650_NCA_23C_0-100_0.5-0.5C_c,cylindrical_18650,graphite,LiNi0.8Co0.15Al0.05O2,,3.4,1.0,1.0,0,4.2,2.7,,,,,"[{""current_in_A"": null, ""end_soc"": 1.0, ""end_voltage_in_V"": null, ""power_in_W"": null, ""rate_in_C"": 2.0, ""start_soc"": 0.0, ""start_voltage_in_V"": null, ""voltage_in_V"": null}]","[{""current_in_A"": null, ""end_soc"": 0.0, ""end_voltage_in_V"": null, ""power_in_W"": null, ""rate_in_C"": 1.0, ""start_soc"": 1.0, ""start_voltage_in_V"": null, ""voltage_in_V"": null}]","[0, 1]",191,1.0,191.0,0.0,1.0,1,2.0,2.0,2.0,,,1,1.0,1.0,1.0,,,,
UL_PUR,UL_PUR/UL-PUR_N20-EX2_18650_NCA_23C_0-100_0.5-0.5C_b.pkl,4275463,UL-PUR_N20-EX2_18650_NCA_23C_0-100_0.5-0.5C_b,cylindrical_18650,graphite,LiNi0.8Co0.15Al0.05O2,,3.4,1.0,1.0,0,4.2,2.7,,,,,"[{""current_in_A"": null, ""end_soc"": 1.0, ""end_voltage_in_V"": null, ""power_in_W"": null, ""rate_in_C"": 2.0, ""start_soc"": 0.0, ""start_voltage_in_V"": null, ""voltage_in_V"": null}]","[{""current_in_A"": null, ""end_soc"": 0.0, ""end_voltage_in_V"": null, ""power_in_W"": null, ""rate_in_C"": 1.0, ""start_soc"": 1.0, ""start_voltage_in_V"": null, ""voltage_in_V"": null}]","[0, 1]",309,1.0,309.0,0.0,1.0,1,2.0,2.0,2.0,,,1,1.0,1.0,1.0,,,,
UL_PUR,UL_PUR/UL-PUR_N20-NA5_18650_NCA_23C_0-100_0.5-0.5C_e.pkl,2637665,UL-PUR_N20-NA5_18650_NCA_23C_0-100_0.5-0.5C_e,cylindrical_18650,graphite,LiNi0.8Co0.15Al0.05O2,,3.4,1.0,1.0,0,4.2,2.7,,,,,"[{""current_in_A"": null, ""end_soc"": 1.0, ""end_voltage_in_V"": null, ""power_in_W"": null, ""rate_in_C"": 2.0, ""start_soc"": 0.0, ""start_voltage_in_V"": null, ""voltage_in_V"": null}]","[{""current_in_A"": null, ""end_soc"": 0.0, ""end_voltage_in_V"": null, ""power_in_W"": null, ""rate_in_C"": 1.0, ""start_soc"": 1.0, ""start_voltage_in_V"": null, ""voltage_in_V"": null}]","[0, 1]",212,1.0,212.0,0.0,1.0,1,2.0,2.0,2.0,,,1,1.0,1.0,1.0,,,,
UL_PUR,UL_PUR/UL-PUR_N20-NA6_18650_NCA_23C_0-100_0.5-0.5C_f.pkl,2639346,UL-PUR_N20-NA6_18650_NCA_23C_0-100_0.5-0.5C_f,cylindrical_18650,graphite,LiNi0.8Co0.15Al0.05O2,,3.4,1.0,1.0,0,4.2,2.7,,,,,"[{""current_in_A"": null, ""end_soc"": 1.0, ""end_voltage_in_V"": null, ""power_in_W"": null, ""rate_in_C"": 2.0, ""start_soc"": 0.0, ""start_voltage_in_V"": null, ""voltage_in_V"": null}]","[{""current_in_A"": null, ""end_soc"": 0.0, ""end_voltage_in_V"": null, ""power_in_W"": null, ""rate_in_C"": 1.0, ""start_soc"": 1.0, ""start_voltage_in_V"": null, ""voltage_in_V"": null}]","[0, 1]",211,1.0,211.0,0.0,1.0,1,2.0,2.0,2.0,,,1,1.0,1.0,1.0,,,,
UL_PUR,UL_PUR/UL-PUR_N20-OV1_18650_NCA_23C_0-100_0.5-0.5C_a.pkl,4193317,UL-PUR_N20-OV1_18650_NCA_23C_0-100_0.5-0.5C_a,cylindrical_18650,graphite,LiNi0.8Co0.15Al0.05O2,,3.4,1.0,1.0,0,4.2,2.7,,,,,"[{""current_in_A"": null, ""end_soc"": 1.0, ""end_voltage_in_V"": null, ""power_in_W"": null, ""rate_in_C"": 2.0, ""start_soc"": 0.0, ""start_voltage_in_V"": null, ""voltage_in_V"": null}]","[{""current_in_A"": null, ""end_soc"": 0.0, ""end_voltage_in_V"": null, ""power_in_W"": null, ""rate_in_C"": 1.0, ""start_soc"": 1.0, ""start_voltage_in_V"": null, ""voltage_in_V"": null}]","[0, 1]",290,1.0,290.0,0.0,1.0,1,2.0,2.0,2.0,,,1,1.0,1.0,1.0,,,,
XJTU,XJTU/XJTU_2C_battery-1.pkl,147335846,XJTU_2C_battery-1,cylindrical_18650,graphite,LiNi0.5Co0.2Mn0.3O2,,2.0,1.0,1.0,0,4.2,2.5,,,,,"[{""current_in_A"": null, ""end_soc"": 1.0, ""end_voltage_in_V"": null, ""power_in_W"": null, ""rate_in_C"": 2.0, ""start_soc"": 0, ""start_voltage_in_V"": null, ""voltage_in_V"": null}]","[{""current_in_A"": null, ""end_soc"": 1, ""end_voltage_in_V"": null, ""power_in_W"": null, ""rate_in_C"": 1.0, ""start_soc"": 1.0, ""start_voltage_in_V"": null, ""voltage_in_V"": null}]","[0, 1]",389,1.0,389.0,0.0,1.0,1,2.0,2.0,2.0,,,1,1.0,1.0,1.0,,,,
XJTU,XJTU/XJTU_2C_battery-2.pkl,153396040,XJTU_2C_battery-2,cylindrical_18650,graphite,LiNi0.5Co0.2Mn0.3O2,,2.0,1.0,1.0,0,4.2,2.5,,,,,"[{""current_in_A"": null, ""end_soc"": 1.0, ""end_voltage_in_V"": null, ""power_in_W"": null, ""rate_in_C"": 2.0, ""start_soc"": 0, ""start_voltage_in_V"": null, ""voltage_in_V"": null}]","[{""current_in_A"": null, ""end_soc"": 1, ""end_voltage_in_V"": null, ""power_in_W"": null, ""rate_in_C"": 1.0, ""start_soc"": 1.0, ""start_voltage_in_V"": null, ""voltage_in_V"": null}]","[0, 1]",406,1.0,406.0,0.0,1.0,1,2.0,2.0,2.0,,,1,1.0,1.0,1.0,,,,
XJTU,XJTU/XJTU_2C_battery-3.pkl,147505046,XJTU_2C_battery-3,cylindrical_18650,graphite,LiNi0.5Co0.2Mn0.3O2,,2.0,1.0,1.0,0,4.2,2.5,,,,,"[{""current_in_A"": null, ""end_soc"": 1.0, ""end_voltage_in_V"": null, ""power_in_W"": null, ""rate_in_C"": 2.0, ""start_soc"": 0, ""start_voltage_in_V"": null, ""voltage_in_V"": null}]","[{""current_in_A"": null, ""end_soc"": 1, ""end_voltage_in_V"": null, ""power_in_W"": null, ""rate_in_C"": 1.0, ""start_soc"": 1.0, ""start_voltage_in_V"": null, ""voltage_in_V"": null}]","[0, 1]",392,1.0,392.0,0.0,1.0,1,2.0,2.0,2.0,,,1,1.0,1.0,1.0,,,,
XJTU,XJTU/XJTU_2C_battery-4.pkl,150179728,XJTU_2C_battery-4,cylindrical_18650,graphite,LiNi0.5Co0.2Mn0.3O2,,2.0,1.0,1.0,0,4.2,2.5,,,,,"[{""current_in_A"": null, ""end_soc"": 1.0, ""end_voltage_in_V"": null, ""power_in_W"": null, ""rate_in_C"": 2.0, ""start_soc"": 0, ""start_voltage_in_V"": null, ""voltage_in_V"": null}]","[{""current_in_A"": null, ""end_soc"": 1, ""end_voltage_in_V"": null, ""power_in_W"": null, ""rate_in_C"": 1.0, ""start_soc"": 1.0, ""start_voltage_in_V"": null, ""voltage_in_V"": null}]","[0, 1]",395,1.0,395.0,0.0,1.0,1,2.0,2.0,2.0,,,1,1.0,1.0,1.0,,,,
XJTU,XJTU/XJTU_2C_battery-5.pkl,153003312,XJTU_2C_battery-5,cylindrical_18650,graphite,LiNi0.5Co0.2Mn0.3O2,,2.0,1.0,1.0,0,4.2,2.5,,,,,"[{""current_in_A"": null, ""end_soc"": 1.0, ""end_voltage_in_V"": null, ""power_in_W"": null, ""rate_in_C"": 2.0, ""start_soc"": 0, ""start_voltage_in_V"": null, ""voltage_in_V"": null}]","[{""current_in_A"": null, ""end_soc"": 1, ""end_voltage_in_V"": null, ""power_in_W"": null, ""rate_in_C"": 1.0, ""start_soc"": 1.0, ""start_voltage_in_V"": null, ""voltage_in_V"": null}]","[0, 1]",402,1.0,402.0,0.0,1.0,1,2.0,2.0,2.0,,,1,1.0,1.0,1.0,,,,
XJTU,XJTU/XJTU_2C_battery-6.pkl,154348982,XJTU_2C_battery-6,cylindrical_18650,graphite,LiNi0.5Co0.2Mn0.3O2,,2.0,1.0,1.0,0,4.2,2.5,,,,,"[{""current_in_A"": null, ""end_soc"": 1.0, ""end_voltage_in_V"": null, ""power_in_W"": null, ""rate_in_C"": 2.0, ""start_soc"": 0, ""start_voltage_in_V"": null, ""voltage_in_V"": null}]","[{""current_in_A"": null, ""end_soc"": 1, ""end_voltage_in_V"": null, ""power_in_W"": null, ""rate_in_C"": 1.0, ""start_soc"": 1.0, ""start_voltage_in_V"": null, ""voltage_in_V"": null}]","[0, 1]",407,1.0,407.0,0.0,1.0,1,2.0,2.0,2.0,,,1,1.0,1.0,1.0,,,,
XJTU,XJTU/XJTU_2C_battery-7.pkl,152649292,XJTU_2C_battery-7,cylindrical_18650,graphite,LiNi0.5Co0.2Mn0.3O2,,2.0,1.0,1.0,0,4.2,2.5,,,,,"[{""current_in_A"": null, ""end_soc"": 1.0, ""end_voltage_in_V"": null, ""power_in_W"": null, ""rate_in_C"": 2.0, ""start_soc"": 0, ""start_voltage_in_V"": null, ""voltage_in_V"": null}]","[{""current_in_A"": null, ""end_soc"": 1, ""end_voltage_in_V"": null, ""power_in_W"": null, ""rate_in_C"": 1.0, ""start_soc"": 1.0, ""start_voltage_in_V"": null, ""voltage_in_V"": null}]","[0, 1]",401,1.0,401.0,0.0,1.0,1,2.0,2.0,2.0,,,1,1.0,1.0,1.0,,,,
XJTU,XJTU/XJTU_2C_battery-8.pkl,160188315,XJTU_2C_battery-8,cylindrical_18650,graphite,LiNi0.5Co0.2Mn0.3O2,,2.0,1.0,1.0,0,4.2,2.5,,,,,"[{""current_in_A"": null, ""end_soc"": 1.0, ""end_voltage_in_V"": null, ""power_in_W"": null, ""rate_in_C"": 2.0, ""start_soc"": 0, ""start_voltage_in_V"": null, ""voltage_in_V"": null}]","[{""current_in_A"": null, ""end_soc"": 1, ""end_voltage_in_V"": null, ""power_in_W"": null, ""rate_in_C"": 1.0, ""start_soc"": 1.0, ""start_voltage_in_V"": null, ""voltage_in_V"": null}]","[0, 1]",419,1.0,419.0,0.0,1.0,1,2.0,2.0,2.0,,,1,1.0,1.0,1.0,,,,
XJTU,XJTU/XJTU_3C_battery-1.pkl,101742595,XJTU_3C_battery-1,cylindrical_18650,graphite,LiNi0.5Co0.2Mn0.3O2,,2.0,1.0,1.0,0,4.2,2.5,,,,,"[{""current_in_A"": null, ""end_soc"": 1.0, ""end_voltage_in_V"": null, ""power_in_W"": null, ""rate_in_C"": 3.0, ""start_soc"": 0, ""start_voltage_in_V"": null, ""voltage_in_V"": null}]","[{""current_in_A"": null, ""end_soc"": 1, ""end_voltage_in_V"": null, ""power_in_W"": null, ""rate_in_C"": 1.0, ""start_soc"": 1.0, ""start_voltage_in_V"": null, ""voltage_in_V"": null}]","[0, 1]",298,1.0,298.0,0.0,1.0,1,3.0,3.0,3.0,,,1,1.0,1.0,1.0,,,,
XJTU,XJTU/XJTU_3C_battery-10.pkl,57830298,XJTU_3C_battery-10,cylindrical_18650,graphite,LiNi0.5Co0.2Mn0.3O2,,2.0,1.0,1.0,0,4.2,2.5,,,,,"[{""current_in_A"": null, ""end_soc"": 1.0, ""end_voltage_in_V"": null, ""power_in_W"": null, ""rate_in_C"": 3.0, ""start_soc"": 0, ""start_voltage_in_V"": null, ""voltage_in_V"": null}]","[{""current_in_A"": null, ""end_soc"": 1, ""end_voltage_in_V"": null, ""power_in_W"": null, ""rate_in_C"": 1.0, ""start_soc"": 1.0, ""start_voltage_in_V"": null, ""voltage_in_V"": null}]","[0, 1]",163,1.0,163.0,0.0,1.0,1,3.0,3.0,3.0,,,1,1.0,1.0,1.0,,,,
XJTU,XJTU/XJTU_3C_battery-11.pkl,46087067,XJTU_3C_battery-11,cylindrical_18650,graphite,LiNi0.5Co0.2Mn0.3O2,,2.0,1.0,1.0,0,4.2,2.5,,,,,"[{""current_in_A"": null, ""end_soc"": 1.0, ""end_voltage_in_V"": null, ""power_in_W"": null, ""rate_in_C"": 3.0, ""start_soc"": 0, ""start_voltage_in_V"": null, ""voltage_in_V"": null}]","[{""current_in_A"": null, ""end_soc"": 1, ""end_voltage_in_V"": null, ""power_in_W"": null, ""rate_in_C"": 1.0, ""start_soc"": 1.0, ""start_voltage_in_V"": null, ""voltage_in_V"": null}]","[0, 1]",130,1.0,130.0,0.0,1.0,1,3.0,3.0,3.0,,,1,1.0,1.0,1.0,,,,
XJTU,XJTU/XJTU_3C_battery-12.pkl,73395286,XJTU_3C_battery-12,cylindrical_18650,graphite,LiNi0.5Co0.2Mn0.3O2,,2.0,1.0,1.0,0,4.2,2.5,,,,,"[{""current_in_A"": null, ""end_soc"": 1.0, ""end_voltage_in_V"": null, ""power_in_W"": null, ""rate_in_C"": 3.0, ""start_soc"": 0, ""start_voltage_in_V"": null, ""voltage_in_V"": null}]","[{""current_in_A"": null, ""end_soc"": 1, ""end_voltage_in_V"": null, ""power_in_W"": null, ""rate_in_C"": 1.0, ""start_soc"": 1.0, ""start_voltage_in_V"": null, ""voltage_in_V"": null}]","[0, 1]",211,1.0,211.0,0.0,1.0,1,3.0,3.0,3.0,,,1,1.0,1.0,1.0,,,,
XJTU,XJTU/XJTU_3C_battery-13.pkl,78843948,XJTU_3C_battery-13,cylindrical_18650,graphite,LiNi0.5Co0.2Mn0.3O2,,2.0,1.0,1.0,0,4.2,2.5,,,,,"[{""current_in_A"": null, ""end_soc"": 1.0, ""end_voltage_in_V"": null, ""power_in_W"": null, ""rate_in_C"": 3.0, ""start_soc"": 0, ""start_voltage_in_V"": null, ""voltage_in_V"": null}]","[{""current_in_A"": null, ""end_soc"": 1, ""end_voltage_in_V"": null, ""power_in_W"": null, ""rate_in_C"": 1.0, ""start_soc"": 1.0, ""start_voltage_in_V"": null, ""voltage_in_V"": null}]","[0, 1]",225,1.0,225.0,0.0,1.0,1,3.0,3.0,3.0,,,1,1.0,1.0,1.0,,,,
XJTU,XJTU/XJTU_3C_battery-14.pkl,51363662,XJTU_3C_battery-14,cylindrical_18650,graphite,LiNi0.5Co0.2Mn0.3O2,,2.0,1.0,1.0,0,4.2,2.5,,,,,"[{""current_in_A"": null, ""end_soc"": 1.0, ""end_voltage_in_V"": null, ""power_in_W"": null, ""rate_in_C"": 3.0, ""start_soc"": 0, ""start_voltage_in_V"": null, ""voltage_in_V"": null}]","[{""current_in_A"": null, ""end_soc"": 1, ""end_voltage_in_V"": null, ""power_in_W"": null, ""rate_in_C"": 1.0, ""start_soc"": 1.0, ""start_voltage_in_V"": null, ""voltage_in_V"": null}]","[0, 1]",146,1.0,146.0,0.0,1.0,1,3.0,3.0,3.0,,,1,1.0,1.0,1.0,,,,
XJTU,XJTU/XJTU_3C_battery-15.pkl,58453034,XJTU_3C_battery-15,cylindrical_18650,graphite,LiNi0.5Co0.2Mn0.3O2,,2.0,1.0,1.0,0,4.2,2.5,,,,,"[{""current_in_A"": null, ""end_soc"": 1.0, ""end_voltage_in_V"": null, ""power_in_W"": null, ""rate_in_C"": 3.0, ""start_soc"": 0, ""start_voltage_in_V"": null, ""voltage_in_V"": null}]","[{""current_in_A"": null, ""end_soc"": 1, ""end_voltage_in_V"": null, ""power_in_W"": null, ""rate_in_C"": 1.0, ""start_soc"": 1.0, ""start_voltage_in_V"": null, ""voltage_in_V"": null}]","[0, 1]",167,1.0,167.0,0.0,1.0,1,3.0,3.0,3.0,,,1,1.0,1.0,1.0,,,,
XJTU,XJTU/XJTU_3C_battery-2.pkl,102333479,XJTU_3C_battery-2,cylindrical_18650,graphite,LiNi0.5Co0.2Mn0.3O2,,2.0,1.0,1.0,0,4.2,2.5,,,,,"[{""current_in_A"": null, ""end_soc"": 1.0, ""end_voltage_in_V"": null, ""power_in_W"": null, ""rate_in_C"": 3.0, ""start_soc"": 0, ""start_voltage_in_V"": null, ""voltage_in_V"": null}]","[{""current_in_A"": null, ""end_soc"": 1, ""end_voltage_in_V"": null, ""power_in_W"": null, ""rate_in_C"": 1.0, ""start_soc"": 1.0, ""start_voltage_in_V"": null, ""voltage_in_V"": null}]","[0, 1]",291,1.0,291.0,0.0,1.0,1,3.0,3.0,3.0,,,1,1.0,1.0,1.0,,,,
XJTU,XJTU/XJTU_3C_battery-3.pkl,98693124,XJTU_3C_battery-3,cylindrical_18650,graphite,LiNi0.5Co0.2Mn0.3O2,,2.0,1.0,1.0,0,4.2,2.5,,,,,"[{""current_in_A"": null, ""end_soc"": 1.0, ""end_voltage_in_V"": null, ""power_in_W"": null, ""rate_in_C"": 3.0, ""start_soc"": 0, ""start_voltage_in_V"": null, ""voltage_in_V"": null}]","[{""current_in_A"": null, ""end_soc"": 1, ""end_voltage_in_V"": null, ""power_in_W"": null, ""rate_in_C"": 1.0, ""start_soc"": 1.0, ""start_voltage_in_V"": null, ""voltage_in_V"": null}]","[0, 1]",285,1.0,285.0,0.0,1.0,1,3.0,3.0,3.0,,,1,1.0,1.0,1.0,,,,
XJTU,XJTU/XJTU_3C_battery-4.pkl,109460666,XJTU_3C_battery-4,cylindrical_18650,graphite,LiNi0.5Co0.2Mn0.3O2,,2.0,1.0,1.0,0,4.2,2.5,,,,,"[{""current_in_A"": null, ""end_soc"": 1.0, ""end_voltage_in_V"": null, ""power_in_W"": null, ""rate_in_C"": 3.0, ""start_soc"": 0, ""start_voltage_in_V"": null, ""voltage_in_V"": null}]","[{""current_in_A"": null, ""end_soc"": 1, ""end_voltage_in_V"": null, ""power_in_W"": null, ""rate_in_C"": 1.0, ""start_soc"": 1.0, ""start_voltage_in_V"": null, ""voltage_in_V"": null}]","[0, 1]",321,1.0,321.0,0.0,1.0,1,3.0,3.0,3.0,,,1,1.0,1.0,1.0,,,,
XJTU,XJTU/XJTU_3C_battery-5.pkl,101666519,XJTU_3C_battery-5,cylindrical_18650,graphite,LiNi0.5Co0.2Mn0.3O2,,2.0,1.0,1.0,0,4.2,2.5,,,,,"[{""current_in_A"": null, ""end_soc"": 1.0, ""end_voltage_in_V"": null, ""power_in_W"": null, ""rate_in_C"": 3.0, ""start_soc"": 0, ""start_voltage_in_V"": null, ""voltage_in_V"": null}]","[{""current_in_A"": null, ""end_soc"": 1, ""end_voltage_in_V"": null, ""power_in_W"": null, ""rate_in_C"": 1.0, ""start_soc"": 1.0, ""start_voltage_in_V"": null, ""voltage_in_V"": null}]","[0, 1]",296,1.0,296.0,0.0,1.0,1,3.0,3.0,3.0,,,1,1.0,1.0,1.0,,,,
XJTU,XJTU/XJTU_3C_battery-6.pkl,111414426,XJTU_3C_battery-6,cylindrical_18650,graphite,LiNi0.5Co0.2Mn0.3O2,,2.0,1.0,1.0,0,4.2,2.5,,,,,"[{""current_in_A"": null, ""end_soc"": 1.0, ""end_voltage_in_V"": null, ""power_in_W"": null, ""rate_in_C"": 3.0, ""start_soc"": 0, ""start_voltage_in_V"": null, ""voltage_in_V"": null}]","[{""current_in_A"": null, ""end_soc"": 1, ""end_voltage_in_V"": null, ""power_in_W"": null, ""rate_in_C"": 1.0, ""start_soc"": 1.0, ""start_voltage_in_V"": null, ""voltage_in_V"": null}]","[0, 1]",321,1.0,321.0,0.0,1.0,1,3.0,3.0,3.0,,,1,1.0,1.0,1.0,,,,
XJTU,XJTU/XJTU_3C_battery-7.pkl,109641365,XJTU_3C_battery-7,cylindrical_18650,graphite,LiNi0.5Co0.2Mn0.3O2,,2.0,1.0,1.0,0,4.2,2.5,,,,,"[{""current_in_A"": null, ""end_soc"": 1.0, ""end_voltage_in_V"": null, ""power_in_W"": null, ""rate_in_C"": 3.0, ""start_soc"": 0, ""start_voltage_in_V"": null, ""voltage_in_V"": null}]","[{""current_in_A"": null, ""end_soc"": 1, ""end_voltage_in_V"": null, ""power_in_W"": null, ""rate_in_C"": 1.0, ""start_soc"": 1.0, ""start_voltage_in_V"": null, ""voltage_in_V"": null}]","[0, 1]",318,1.0,318.0,0.0,1.0,1,3.0,3.0,3.0,,,1,1.0,1.0,1.0,,,,
XJTU,XJTU/XJTU_3C_battery-8.pkl,93511287,XJTU_3C_battery-8,cylindrical_18650,graphite,LiNi0.5Co0.2Mn0.3O2,,2.0,1.0,1.0,0,4.2,2.5,,,,,"[{""current_in_A"": null, ""end_soc"": 1.0, ""end_voltage_in_V"": null, ""power_in_W"": null, ""rate_in_C"": 3.0, ""start_soc"": 0, ""start_voltage_in_V"": null, ""voltage_in_V"": null}]","[{""current_in_A"": null, ""end_soc"": 1, ""end_voltage_in_V"": null, ""power_in_W"": null, ""rate_in_C"": 1.0, ""start_soc"": 1.0, ""start_voltage_in_V"": null, ""voltage_in_V"": null}]","[0, 1]",269,1.0,269.0,0.0,1.0,1,3.0,3.0,3.0,,,1,1.0,1.0,1.0,,,,
XJTU,XJTU/XJTU_3C_battery-9.pkl,98753084,XJTU_3C_battery-9,cylindrical_18650,graphite,LiNi0.5Co0.2Mn0.3O2,,2.0,1.0,1.0,0,4.2,2.5,,,,,"[{""current_in_A"": null, ""end_soc"": 1.0, ""end_voltage_in_V"": null, ""power_in_W"": null, ""rate_in_C"": 3.0, ""start_soc"": 0, ""start_voltage_in_V"": null, ""voltage_in_V"": null}]","[{""current_in_A"": null, ""end_soc"": 1, ""end_voltage_in_V"": null, ""power_in_W"": null, ""rate_in_C"": 1.0, ""start_soc"": 1.0, ""start_voltage_in_V"": null, ""voltage_in_V"": null}]","[0, 1]",286,1.0,286.0,0.0,1.0,1,3.0,3.0,3.0,,,1,1.0,1.0,1.0,,,,
