dataset,file_name,evaluation_scheme,evaluation_label,evaluation_point,life,current_cycle,observation_fraction,true_rul,predicted_rul,absolute_error,life_normalized_absolute_error_percent
"HUST","HUST_1-1.pkl","life_fraction","20%",0.20000000298023224,1542,308,0.19974060356616974,1234.0,658.976806640625,575.023193359375,37.290738868960766
"HUST","HUST_1-1.pkl","life_fraction","40%",0.4000000059604645,1542,617,0.4001297056674957,925.0,1116.7227783203125,191.7227783203125,12.43338380806177
"HUST","HUST_1-1.pkl","life_fraction","60%",0.6000000238418579,1542,925,0.5998703241348267,617.0,1446.7200927734375,829.7200927734375,53.808047520975194
"HUST","HUST_1-1.pkl","life_fraction","80%",0.800000011920929,1542,1234,0.8002594113349915,308.0,1644.691162109375,1336.691162109375,86.68554877492704
"HUST","HUST_1-1.pkl","absolute_cycle","20_cycles",20.0,1542,20,0.012970169074833393,1522.0,711.5859985351562,810.4140014648438,52.55603122340102
"HUST","HUST_1-1.pkl","absolute_cycle","50_cycles",50.0,1542,50,0.032425422221422195,1492.0,669.5732421875,822.4267578125,53.33506860003243
"HUST","HUST_1-1.pkl","absolute_cycle","100_cycles",100.0,1542,100,0.06485084444284439,1442.0,645.068359375,796.931640625,51.68168875648509
"HUST","HUST_1-1.pkl","absolute_cycle","200_cycles",200.0,1542,200,0.12970168888568878,1342.0,501.03741455078125,840.9625854492188,54.537132649106276
"HUST","HUST_1-1.pkl","absolute_cycle","500_cycles",500.0,1542,500,0.32425421476364136,1042.0,1017.54150390625,24.45849609375,1.5861540916828794
"HUST","HUST_1-2.pkl","life_fraction","20%",0.20000000298023224,2755,551,0.20000000298023224,2204.0,1154.4940185546875,1049.5059814453125,38.09459097805127
"HUST","HUST_1-2.pkl","life_fraction","40%",0.4000000059604645,2755,1102,0.4000000059604645,1653.0,1537.540771484375,115.459228515625,4.190897586774047
"HUST","HUST_1-2.pkl","life_fraction","60%",0.6000000238418579,2755,1653,0.6000000238418579,1102.0,1533.2301025390625,431.2301025390625,15.652635300873412
"HUST","HUST_1-2.pkl","life_fraction","80%",0.800000011920929,2755,2204,0.800000011920929,551.0,1470.50732421875,919.50732421875,33.375946432622506
"HUST","HUST_1-2.pkl","absolute_cycle","20_cycles",20.0,2755,20,0.007259528152644634,2735.0,672.0572509765625,2062.94287109375,74.87995902336661
"HUST","HUST_1-2.pkl","absolute_cycle","50_cycles",50.0,2755,50,0.018148820847272873,2705.0,562.4739990234375,2142.52587890625,77.76863444305808
"HUST","HUST_1-2.pkl","absolute_cycle","100_cycles",100.0,2755,100,0.036297641694545746,2655.0,390.8931579589844,2264.10693359375,82.18173987636116
"HUST","HUST_1-2.pkl","absolute_cycle","200_cycles",200.0,2755,200,0.07259528338909149,2555.0,821.5670776367188,1733.432861328125,62.91952309720962
"HUST","HUST_1-2.pkl","absolute_cycle","500_cycles",500.0,2755,500,0.18148820102214813,2255.0,1128.8072509765625,1126.1927490234375,40.878139710469604
"HUST","HUST_1-3.pkl","life_fraction","20%",0.20000000298023224,1911,382,0.19989533722400665,1529.0,1131.2017822265625,397.7982177734375,20.816233269149006
"HUST","HUST_1-3.pkl","life_fraction","40%",0.4000000059604645,1911,764,0.3997906744480133,1147.0,1431.42236328125,284.42236328125,14.883430836276819
"HUST","HUST_1-3.pkl","life_fraction","60%",0.6000000238418579,1911,1147,0.6002092957496643,764.0,1436.6722412109375,672.6722412109375,35.20001262223639
"HUST","HUST_1-3.pkl","life_fraction","80%",0.800000011920929,1911,1529,0.8001046776771545,382.0,1280.6600341796875,898.6600341796875,47.025642814217036
"HUST","HUST_1-3.pkl","absolute_cycle","20_cycles",20.0,1911,20,0.010465724393725395,1891.0,552.21533203125,1338.78466796875,70.0567591820382
"HUST","HUST_1-3.pkl","absolute_cycle","50_cycles",50.0,1911,50,0.026164311915636063,1861.0,376.3332824707031,1484.666748046875,77.69056766336342
"HUST","HUST_1-3.pkl","absolute_cycle","100_cycles",100.0,1911,100,0.052328623831272125,1811.0,587.862060546875,1223.137939453125,64.00512503679356
"HUST","HUST_1-3.pkl","absolute_cycle","200_cycles",200.0,1911,200,0.10465724766254425,1711.0,1013.9378051757812,697.0621948242188,36.47630532832123
"HUST","HUST_1-3.pkl","absolute_cycle","500_cycles",500.0,1911,500,0.26164311170578003,1411.0,1216.88232421875,194.11767578125,10.15791082057823
"HUST","HUST_1-4.pkl","life_fraction","20%",0.20000000298023224,1549,310,0.20012912154197693,1239.0,1096.0029296875,142.9970703125,9.231573293253712
"HUST","HUST_1-4.pkl","life_fraction","40%",0.4000000059604645,1549,620,0.40025824308395386,929.0,1257.8726806640625,328.8726806640625,21.231289907299065
"HUST","HUST_1-4.pkl","life_fraction","60%",0.6000000238418579,1549,929,0.5997417569160461,620.0,1352.45751953125,732.45751953125,47.28583082835701
"HUST","HUST_1-4.pkl","life_fraction","80%",0.800000011920929,1549,1239,0.7998709082603455,310.0,1093.319091796875,783.319091796875,50.5693409810765
"HUST","HUST_1-4.pkl","absolute_cycle","20_cycles",20.0,1549,20,0.012911556288599968,1529.0,537.4750366210938,991.5249633789062,64.01064966939356
"HUST","HUST_1-4.pkl","absolute_cycle","50_cycles",50.0,1549,50,0.032278887927532196,1499.0,373.3809814453125,1125.6190185546875,72.66746407712637
"HUST","HUST_1-4.pkl","absolute_cycle","100_cycles",100.0,1549,100,0.06455777585506439,1449.0,604.6720581054688,844.3279418945312,54.5079368556831
"HUST","HUST_1-4.pkl","absolute_cycle","200_cycles",200.0,1549,200,0.12911555171012878,1349.0,1016.5055541992188,332.49444580078125,21.4651030213545
"HUST","HUST_1-4.pkl","absolute_cycle","500_cycles",500.0,1549,500,0.32278889417648315,1049.0,1175.0623779296875,126.0623779296875,8.138307161374273
"HUST","HUST_1-5.pkl","life_fraction","20%",0.20000000298023224,2033,407,0.2001967579126358,1626.0,1106.44140625,519.55859375,25.556251537137236
"HUST","HUST_1-5.pkl","life_fraction","40%",0.4000000059604645,2033,813,0.3999016284942627,1220.0,1354.709228515625,134.709228515625,6.626130276223561
"HUST","HUST_1-5.pkl","life_fraction","60%",0.6000000238418579,2033,1220,0.6000983715057373,813.0,1458.7469482421875,645.7469482421875,31.763253725636375
"HUST","HUST_1-5.pkl","life_fraction","80%",0.800000011920929,2033,1626,0.7998032569885254,407.0,1435.49365234375,1028.49365234375,50.58994846747417
"HUST","HUST_1-5.pkl","absolute_cycle","20_cycles",20.0,2033,20,0.009837678633630276,2013.0,463.8073425292969,1549.192626953125,76.20229350482661
"HUST","HUST_1-5.pkl","absolute_cycle","50_cycles",50.0,2033,50,0.024594195187091827,1983.0,381.1973876953125,1601.8026123046875,78.79009406319172
"HUST","HUST_1-5.pkl","absolute_cycle","100_cycles",100.0,2033,100,0.049188390374183655,1933.0,617.5804443359375,1315.4195556640625,64.70337214284616
"HUST","HUST_1-5.pkl","absolute_cycle","200_cycles",200.0,2033,200,0.09837678074836731,1833.0,987.1249389648438,845.8750610351562,41.60723369577748
"HUST","HUST_1-5.pkl","absolute_cycle","500_cycles",500.0,2033,500,0.24594195187091827,1533.0,1176.14697265625,356.85302734375,17.553026431074766
"HUST","HUST_1-6.pkl","life_fraction","20%",0.20000000298023224,1179,236,0.200169637799263,943.0,1039.4630126953125,96.4630126953125,8.181765283741518
"HUST","HUST_1-6.pkl","life_fraction","40%",0.4000000059604645,1179,472,0.400339275598526,707.0,1175.5201416015625,468.5201416015625,39.73877367273643
"HUST","HUST_1-6.pkl","life_fraction","60%",0.6000000238418579,1179,707,0.5996607542037964,472.0,1336.52978515625,864.52978515625,73.32737787584817
"HUST","HUST_1-6.pkl","life_fraction","80%",0.800000011920929,1179,943,0.7998303771018982,236.0,1318.4420166015625,1082.4420166015625,91.81017952515373
"HUST","HUST_1-6.pkl","absolute_cycle","20_cycles",20.0,1179,20,0.016963528469204903,1159.0,509.7907409667969,649.209228515625,55.064395972487276
"HUST","HUST_1-6.pkl","absolute_cycle","50_cycles",50.0,1179,50,0.04240882024168968,1129.0,393.4808349609375,735.5191650390625,62.38500127557782
"HUST","HUST_1-6.pkl","absolute_cycle","100_cycles",100.0,1179,100,0.08481764048337936,1079.0,650.3671875,428.6328125,36.35562446988974
"HUST","HUST_1-6.pkl","absolute_cycle","200_cycles",200.0,1179,200,0.16963528096675873,979.0,1004.8095092773438,25.80950927734375,2.189101719876484
"HUST","HUST_1-6.pkl","absolute_cycle","500_cycles",500.0,1179,500,0.4240882098674774,679.0,1196.2218017578125,517.2218017578125,43.86953365206213
"HUST","HUST_1-7.pkl","life_fraction","20%",0.20000000298023224,1726,345,0.19988413155078888,1381.0,1067.94677734375,313.05322265625,18.137498415773464
"HUST","HUST_1-7.pkl","life_fraction","40%",0.4000000059604645,1726,690,0.39976826310157776,1036.0,1166.9422607421875,130.9422607421875,7.586457748678303
"HUST","HUST_1-7.pkl","life_fraction","60%",0.6000000238418579,1726,1036,0.6002317667007446,690.0,1064.880615234375,374.880615234375,21.719618495618484
"HUST","HUST_1-7.pkl","life_fraction","80%",0.800000011920929,1726,1381,0.8001158833503723,345.0,827.4312744140625,482.4312744140625,27.950827022830968
"HUST","HUST_1-7.pkl","absolute_cycle","20_cycles",20.0,1726,20,0.011587485671043396,1706.0,649.0199584960938,1056.97998046875,61.238701070031865
"HUST","HUST_1-7.pkl","absolute_cycle","50_cycles",50.0,1726,50,0.02896871417760849,1676.0,402.6666259765625,1273.3333740234375,73.77366014040773
"HUST","HUST_1-7.pkl","absolute_cycle","100_cycles",100.0,1726,100,0.05793742835521698,1626.0,545.6958618164062,1080.30419921875,62.590046304678445
"HUST","HUST_1-7.pkl","absolute_cycle","200_cycles",200.0,1726,200,0.11587485671043396,1526.0,992.3717041015625,533.6282958984375,30.917050747302287
"HUST","HUST_1-7.pkl","absolute_cycle","500_cycles",500.0,1726,500,0.2896871268749237,1226.0,1087.2340087890625,138.7659912109375,8.039744566102984
"HUST","HUST_1-8.pkl","life_fraction","20%",0.20000000298023224,2359,472,0.20008477568626404,1887.0,1052.753173828125,834.246826171875,35.36442671351738
"HUST","HUST_1-8.pkl","life_fraction","40%",0.4000000059604645,2359,944,0.4001695513725281,1415.0,1100.1468505859375,314.8531494140625,13.346890606785184
"HUST","HUST_1-8.pkl","life_fraction","60%",0.6000000238418579,2359,1415,0.5998304486274719,944.0,913.6134033203125,30.3865966796875,1.2881134667099408
"HUST","HUST_1-8.pkl","life_fraction","80%",0.800000011920929,2359,1887,0.7999151945114136,472.0,652.4527587890625,180.4527587890625,7.6495446710073125
"HUST","HUST_1-8.pkl","absolute_cycle","20_cycles",20.0,2359,20,0.008478168398141861,2339.0,636.4431762695312,1702.556884765625,72.17282258438428
"HUST","HUST_1-8.pkl","absolute_cycle","50_cycles",50.0,2359,50,0.021195420995354652,2309.0,384.27471923828125,1924.725341796875,81.59073089431433
"HUST","HUST_1-8.pkl","absolute_cycle","100_cycles",100.0,2359,100,0.042390841990709305,2259.0,572.8419799804688,1686.157958984375,71.47765828674757
"HUST","HUST_1-8.pkl","absolute_cycle","200_cycles",200.0,2359,200,0.08478168398141861,2159.0,987.319091796875,1171.680908203125,49.66854210271831
"HUST","HUST_1-8.pkl","absolute_cycle","500_cycles",500.0,2359,500,0.21195422112941742,1859.0,1056.2037353515625,802.7962646484375,34.03121087954377
"HUST","HUST_10-1.pkl","life_fraction","20%",0.20000000298023224,1760,352,0.20000000298023224,1408.0,1064.82373046875,343.17626953125,19.498651677911933
"HUST","HUST_10-1.pkl","life_fraction","40%",0.4000000059604645,1760,704,0.4000000059604645,1056.0,1070.80908203125,14.80908203125,0.8414251154119318
"HUST","HUST_10-1.pkl","life_fraction","60%",0.6000000238418579,1760,1056,0.6000000238418579,704.0,1011.2689208984375,307.2689208984375,17.45846141468395
"HUST","HUST_10-1.pkl","life_fraction","80%",0.800000011920929,1760,1408,0.800000011920929,352.0,740.2672729492188,388.26727294921875,22.06064050847834
"HUST","HUST_10-1.pkl","absolute_cycle","20_cycles",20.0,1760,20,0.011363636702299118,1740.0,664.1847534179688,1075.815185546875,61.12586281516335
"HUST","HUST_10-1.pkl","absolute_cycle","50_cycles",50.0,1760,50,0.028409091755747795,1710.0,461.6891174316406,1248.3109130859375,70.92675642533736
"HUST","HUST_10-1.pkl","absolute_cycle","100_cycles",100.0,1760,100,0.05681818351149559,1660.0,490.4677429199219,1169.5322265625,66.45069469105114
"HUST","HUST_10-1.pkl","absolute_cycle","200_cycles",200.0,1760,200,0.11363636702299118,1560.0,947.7392578125,612.2607421875,34.78754216974432
"HUST","HUST_10-1.pkl","absolute_cycle","500_cycles",500.0,1760,500,0.28409090638160706,1260.0,1070.06005859375,189.93994140625,10.792042125355113
"HUST","HUST_10-2.pkl","life_fraction","20%",0.20000000298023224,1742,348,0.19977037608623505,1394.0,1071.4072265625,322.5927734375,18.518528899971297
"HUST","HUST_10-2.pkl","life_fraction","40%",0.4000000059604645,1742,697,0.4001148045063019,1045.0,1105.8057861328125,60.8057861328125,3.4905732567630596
"HUST","HUST_10-2.pkl","life_fraction","60%",0.6000000238418579,1742,1045,0.5998851656913757,697.0,1074.42236328125,377.42236328125,21.666036927741104
"HUST","HUST_10-2.pkl","life_fraction","80%",0.800000011920929,1742,1394,0.8002296090126038,348.0,722.1434936523438,374.14349365234375,21.477812494394016
"HUST","HUST_10-2.pkl","absolute_cycle","20_cycles",20.0,1742,20,0.011481055989861488,1722.0,639.5633544921875,1082.4366455078125,62.13758010951852
"HUST","HUST_10-2.pkl","absolute_cycle","50_cycles",50.0,1742,50,0.028702640905976295,1692.0,406.4515380859375,1285.5484619140625,73.79727106280497
"HUST","HUST_10-2.pkl","absolute_cycle","100_cycles",100.0,1742,100,0.05740528181195259,1642.0,509.60809326171875,1132.391845703125,65.00527242842278
"HUST","HUST_10-2.pkl","absolute_cycle","200_cycles",200.0,1742,200,0.11481056362390518,1542.0,953.6272583007812,588.3727416992188,33.77570273818707
"HUST","HUST_10-2.pkl","absolute_cycle","500_cycles",500.0,1742,500,0.28702640533447266,1242.0,1095.53173828125,146.46826171875,8.408051763418484
"HUST","HUST_10-3.pkl","life_fraction","20%",0.20000000298023224,1901,380,0.19989478588104248,1521.0,1050.602783203125,470.397216796875,24.744724713144397
"HUST","HUST_10-3.pkl","life_fraction","40%",0.4000000059604645,1901,760,0.39978957176208496,1141.0,1085.904296875,55.095703125,2.8982484547606524
"HUST","HUST_10-3.pkl","life_fraction","60%",0.6000000238418579,1901,1141,0.600210428237915,760.0,1042.576416015625,282.576416015625,14.86461946426223
"HUST","HUST_10-3.pkl","life_fraction","80%",0.800000011920929,1901,1521,0.8001052141189575,380.0,723.2083740234375,343.2083740234375,18.054096476772095
"HUST","HUST_10-3.pkl","absolute_cycle","20_cycles",20.0,1901,20,0.010520778596401215,1881.0,688.0758056640625,1192.9241943359375,62.752456303836794
"HUST","HUST_10-3.pkl","absolute_cycle","50_cycles",50.0,1901,50,0.026301946491003036,1851.0,582.1035766601562,1268.896484375,66.74889449631773
"HUST","HUST_10-3.pkl","absolute_cycle","100_cycles",100.0,1901,100,0.05260389298200607,1801.0,398.15252685546875,1402.847412109375,73.79523472432273
"HUST","HUST_10-3.pkl","absolute_cycle","200_cycles",200.0,1901,200,0.10520778596401215,1701.0,810.6815795898438,890.3184204101562,46.83421464545798
"HUST","HUST_10-3.pkl","absolute_cycle","500_cycles",500.0,1901,500,0.26301947236061096,1401.0,1073.0023193359375,327.9976806640625,17.253954795584562
"HUST","HUST_10-4.pkl","life_fraction","20%",0.20000000298023224,1849,370,0.20010817050933838,1479.0,1145.7906494140625,333.2093505859375,18.021057359974986
"HUST","HUST_10-4.pkl","life_fraction","40%",0.4000000059604645,1849,740,0.40021634101867676,1109.0,1469.6572265625,360.6572265625,19.50552874864792
"HUST","HUST_10-4.pkl","life_fraction","60%",0.6000000238418579,1849,1109,0.5997836589813232,740.0,1429.81005859375,689.81005859375,37.30719624628178
"HUST","HUST_10-4.pkl","life_fraction","80%",0.800000011920929,1849,1479,0.7998918294906616,370.0,1105.4923095703125,735.4923095703125,39.77784259439224
"HUST","HUST_10-4.pkl","absolute_cycle","20_cycles",20.0,1849,20,0.010816657915711403,1829.0,600.06640625,1228.93359375,66.46476980800432
"HUST","HUST_10-4.pkl","absolute_cycle","50_cycles",50.0,1849,50,0.027041643857955933,1799.0,385.21923828125,1413.78076171875,76.46191247802867
"HUST","HUST_10-4.pkl","absolute_cycle","100_cycles",100.0,1849,100,0.054083287715911865,1749.0,572.679443359375,1176.320556640625,63.61928375557734
"HUST","HUST_10-4.pkl","absolute_cycle","200_cycles",200.0,1849,200,0.10816657543182373,1649.0,1007.4859008789062,641.5140991210938,34.6951919481392
"HUST","HUST_10-4.pkl","absolute_cycle","500_cycles",500.0,1849,500,0.2704164385795593,1349.0,1247.4334716796875,101.5665283203125,5.4930518291137105
"HUST","HUST_10-5.pkl","life_fraction","20%",0.20000000298023224,2080,416,0.20000000298023224,1664.0,1127.3326416015625,536.6673583984375,25.801315307617188
"HUST","HUST_10-5.pkl","life_fraction","40%",0.4000000059604645,2080,832,0.4000000059604645,1248.0,1357.1873779296875,109.1873779296875,5.249393169696514
"HUST","HUST_10-5.pkl","life_fraction","60%",0.6000000238418579,2080,1248,0.6000000238418579,832.0,1196.20703125,364.20703125,17.50995342548077
"HUST","HUST_10-5.pkl","life_fraction","80%",0.800000011920929,2080,1664,0.800000011920929,416.0,661.9122314453125,245.9122314453125,11.822703434870792
"HUST","HUST_10-5.pkl","absolute_cycle","20_cycles",20.0,2080,20,0.009615384973585606,2060.0,514.8884887695312,1545.111572265625,74.28421020507812
"HUST","HUST_10-5.pkl","absolute_cycle","50_cycles",50.0,2080,50,0.024038461968302727,2030.0,376.699951171875,1653.300048828125,79.48557927058293
"HUST","HUST_10-5.pkl","absolute_cycle","100_cycles",100.0,2080,100,0.048076923936605453,1980.0,623.1364135742188,1356.863525390625,65.23382333608774
"HUST","HUST_10-5.pkl","absolute_cycle","200_cycles",200.0,2080,200,0.09615384787321091,1880.0,1011.25830078125,868.74169921875,41.76642784705529
"HUST","HUST_10-5.pkl","absolute_cycle","500_cycles",500.0,2080,500,0.24038460850715637,1580.0,1164.6016845703125,415.3983154296875,19.971072857196514
"HUST","HUST_10-6.pkl","life_fraction","20%",0.20000000298023224,2344,469,0.2000853270292282,1875.0,1137.739013671875,737.260986328125,31.453113751199872
"HUST","HUST_10-6.pkl","life_fraction","40%",0.4000000059604645,2344,938,0.4001706540584564,1406.0,1297.33935546875,108.66064453125,4.6356930260772184
"HUST","HUST_10-6.pkl","life_fraction","60%",0.6000000238418579,2344,1406,0.599829375743866,938.0,912.9638061523438,25.03619384765625,1.0680970071525704
"HUST","HUST_10-6.pkl","life_fraction","80%",0.800000011920929,2344,1875,0.7999146580696106,469.0,605.306640625,136.306640625,5.815129719496587
"HUST","HUST_10-6.pkl","absolute_cycle","20_cycles",20.0,2344,20,0.00853242352604866,2324.0,638.9386596679688,1685.061279296875,71.88827983348443
"HUST","HUST_10-6.pkl","absolute_cycle","50_cycles",50.0,2344,50,0.02133105881512165,2294.0,404.513671875,1889.486328125,80.60948498826792
"HUST","HUST_10-6.pkl","absolute_cycle","100_cycles",100.0,2344,100,0.0426621176302433,2244.0,535.6064453125,1708.3935546875,72.8836840736988
"HUST","HUST_10-6.pkl","absolute_cycle","200_cycles",200.0,2344,200,0.0853242352604866,2144.0,990.2594604492188,1153.740478515625,49.22101017558127
"HUST","HUST_10-6.pkl","absolute_cycle","500_cycles",500.0,2344,500,0.2133105844259262,1844.0,1150.9434814453125,693.0565185546875,29.5672576175208
"HUST","HUST_10-7.pkl","life_fraction","20%",0.20000000298023224,1821,364,0.1998901665210724,1457.0,1087.2900390625,369.7099609375,20.302578854338275
"HUST","HUST_10-7.pkl","life_fraction","40%",0.4000000059604645,1821,728,0.3997803330421448,1093.0,1276.7327880859375,183.7327880859375,10.089664364960873
"HUST","HUST_10-7.pkl","life_fraction","60%",0.6000000238418579,1821,1093,0.6002196669578552,728.0,1010.2847290039062,282.28472900390625,15.501632564739497
"HUST","HUST_10-7.pkl","life_fraction","80%",0.800000011920929,1821,1457,0.8001098036766052,364.0,572.9588012695312,208.95880126953125,11.474947900578321
"HUST","HUST_10-7.pkl","absolute_cycle","20_cycles",20.0,1821,20,0.010982976295053959,1801.0,464.4090576171875,1336.5909423828125,73.3987337936745
"HUST","HUST_10-7.pkl","absolute_cycle","50_cycles",50.0,1821,50,0.02745744027197361,1771.0,392.1526184082031,1378.847412109375,75.71924283961422
"HUST","HUST_10-7.pkl","absolute_cycle","100_cycles",100.0,1821,100,0.05491488054394722,1721.0,666.4635009765625,1054.5364990234375,57.90974733791529
"HUST","HUST_10-7.pkl","absolute_cycle","200_cycles",200.0,1821,200,0.10982976108789444,1621.0,989.040283203125,631.959716796875,34.703993234314936
"HUST","HUST_10-7.pkl","absolute_cycle","500_cycles",500.0,1821,500,0.2745743989944458,1321.0,1178.42529296875,142.57470703125,7.829473203253706
"HUST","HUST_10-8.pkl","life_fraction","20%",0.20000000298023224,1432,286,0.19972066581249237,1146.0,1062.934814453125,83.065185546875,5.80064144880412
"HUST","HUST_10-8.pkl","life_fraction","40%",0.4000000059604645,1432,573,0.4001396596431732,859.0,1297.021240234375,438.021240234375,30.588075435361382
"HUST","HUST_10-8.pkl","life_fraction","60%",0.6000000238418579,1432,859,0.5998603105545044,573.0,1269.8804931640625,696.8804931640625,48.664838908104926
"HUST","HUST_10-8.pkl","life_fraction","80%",0.800000011920929,1432,1146,0.8002793192863464,286.0,1214.3970947265625,928.3970947265625,64.83219935241358
"HUST","HUST_10-8.pkl","absolute_cycle","20_cycles",20.0,1432,20,0.013966480270028114,1412.0,672.8163452148438,739.1836547851562,51.618970306226
"HUST","HUST_10-8.pkl","absolute_cycle","50_cycles",50.0,1432,50,0.03491619974374771,1382.0,492.20452880859375,889.7954711914062,62.136555250796526
"HUST","HUST_10-8.pkl","absolute_cycle","100_cycles",100.0,1432,100,0.06983239948749542,1332.0,436.3981628417969,895.601806640625,62.5420256033956
"HUST","HUST_10-8.pkl","absolute_cycle","200_cycles",200.0,1432,200,0.13966479897499084,1232.0,923.9304809570312,308.06951904296875,21.513234570039717
"HUST","HUST_10-8.pkl","absolute_cycle","500_cycles",500.0,1432,500,0.3491620123386383,932.0,1210.387451171875,278.387451171875,19.440464467309706
"HUST","HUST_2-2.pkl","life_fraction","20%",0.20000000298023224,2716,543,0.19992636144161224,2173.0,1085.3809814453125,1087.6190185546875,40.04488286283827
"HUST","HUST_2-2.pkl","life_fraction","40%",0.4000000059604645,2716,1086,0.3998527228832245,1630.0,1239.49560546875,390.50439453125,14.377923215436303
"HUST","HUST_2-2.pkl","life_fraction","60%",0.6000000238418579,2716,1630,0.6001472473144531,1086.0,983.9571533203125,102.0428466796875,3.7571003932138254
"HUST","HUST_2-2.pkl","life_fraction","80%",0.800000011920929,2716,2173,0.8000736236572266,543.0,679.42236328125,136.42236328125,5.022914701076951
"HUST","HUST_2-2.pkl","absolute_cycle","20_cycles",20.0,2716,20,0.00736377015709877,2696.0,624.6065673828125,2071.3935546875,76.26633117406112
"HUST","HUST_2-2.pkl","absolute_cycle","50_cycles",50.0,2716,50,0.018409425392746925,2666.0,385.40142822265625,2280.5986328125,83.96902182667526
"HUST","HUST_2-2.pkl","absolute_cycle","100_cycles",100.0,2716,100,0.03681885078549385,2616.0,559.96875,2056.03125,75.70070876288659
"HUST","HUST_2-2.pkl","absolute_cycle","200_cycles",200.0,2716,200,0.0736377015709877,2516.0,981.9406127929688,1534.059326171875,56.48230214182161
"HUST","HUST_2-2.pkl","absolute_cycle","500_cycles",500.0,2716,500,0.18409425020217896,2216.0,1083.75146484375,1132.24853515625,41.68809039603277
"HUST","HUST_2-3.pkl","life_fraction","20%",0.20000000298023224,1810,362,0.20000000298023224,1448.0,1119.1514892578125,328.8485107421875,18.168426007855665
"HUST","HUST_2-3.pkl","life_fraction","40%",0.4000000059604645,1810,724,0.4000000059604645,1086.0,1297.00634765625,211.00634765625,11.657809262776244
"HUST","HUST_2-3.pkl","life_fraction","60%",0.6000000238418579,1810,1086,0.6000000238418579,724.0,1349.661376953125,625.661376953125,34.56692690348757
"HUST","HUST_2-3.pkl","life_fraction","80%",0.800000011920929,1810,1448,0.800000011920929,362.0,1160.164306640625,798.164306640625,44.097475505006905
"HUST","HUST_2-3.pkl","absolute_cycle","20_cycles",20.0,1810,20,0.01104972418397665,1790.0,543.1016845703125,1246.8983154296875,68.88940969224792
"HUST","HUST_2-3.pkl","absolute_cycle","50_cycles",50.0,1810,50,0.027624309062957764,1760.0,378.3786315917969,1381.621337890625,76.33267060169199
"HUST","HUST_2-3.pkl","absolute_cycle","100_cycles",100.0,1810,100,0.05524861812591553,1710.0,592.9284057617188,1117.071533203125,61.71665929299033
"HUST","HUST_2-3.pkl","absolute_cycle","200_cycles",200.0,1810,200,0.11049723625183105,1610.0,1016.4323120117188,593.5676879882812,32.79379491647963
"HUST","HUST_2-3.pkl","absolute_cycle","500_cycles",500.0,1810,500,0.27624309062957764,1310.0,1172.05712890625,137.94287109375,7.62115309910221
"HUST","HUST_2-4.pkl","life_fraction","20%",0.20000000298023224,1545,309,0.20000000298023224,1236.0,1043.344482421875,192.655517578125,12.469612788228156
"HUST","HUST_2-4.pkl","life_fraction","40%",0.4000000059604645,1545,618,0.4000000059604645,927.0,1064.6519775390625,137.6519775390625,8.909513109324434
"HUST","HUST_2-4.pkl","life_fraction","60%",0.6000000238418579,1545,927,0.6000000238418579,618.0,1005.8109741210938,387.81097412109375,25.10103392369539
"HUST","HUST_2-4.pkl","life_fraction","80%",0.800000011920929,1545,1236,0.800000011920929,309.0,812.2420654296875,503.2420654296875,32.572301969559064
"HUST","HUST_2-4.pkl","absolute_cycle","20_cycles",20.0,1545,20,0.012944984249770641,1525.0,635.7481079101562,889.2518920898438,57.556756769569176
"HUST","HUST_2-4.pkl","absolute_cycle","50_cycles",50.0,1545,50,0.03236246109008789,1495.0,386.7513732910156,1108.2486572265625,71.73130467485842
"HUST","HUST_2-4.pkl","absolute_cycle","100_cycles",100.0,1545,100,0.06472492218017578,1445.0,563.4380493164062,881.5619506835938,57.05902593421319
"HUST","HUST_2-4.pkl","absolute_cycle","200_cycles",200.0,1545,200,0.12944984436035156,1345.0,985.8997192382812,359.10028076171875,23.242736618881473
"HUST","HUST_2-4.pkl","absolute_cycle","500_cycles",500.0,1545,500,0.3236245810985565,1045.0,1050.08642578125,5.08642578125,0.3292184971682848
"HUST","HUST_2-5.pkl","life_fraction","20%",0.20000000298023224,1441,288,0.19986121356487274,1153.0,921.1868896484375,231.8131103515625,16.086961162495662
"HUST","HUST_2-5.pkl","life_fraction","40%",0.4000000059604645,1441,576,0.3997224271297455,865.0,927.9881591796875,62.9881591796875,4.371142205391221
"HUST","HUST_2-5.pkl","life_fraction","60%",0.6000000238418579,1441,865,0.6002776026725769,576.0,951.845947265625,375.845947265625,26.08230029601839
"HUST","HUST_2-5.pkl","life_fraction","80%",0.800000011920929,1441,1153,0.8001387715339661,288.0,826.3038940429688,538.3038940429688,37.356273007839604
"HUST","HUST_2-5.pkl","absolute_cycle","20_cycles",20.0,1441,20,0.01387925073504448,1421.0,404.94451904296875,1016.0554809570312,70.51044281450598
"HUST","HUST_2-5.pkl","absolute_cycle","50_cycles",50.0,1441,50,0.03469812497496605,1391.0,392.7640686035156,998.2359619140625,69.27383496974757
"HUST","HUST_2-5.pkl","absolute_cycle","100_cycles",100.0,1441,100,0.0693962499499321,1341.0,627.9583740234375,713.0416259765625,49.482416792266655
"HUST","HUST_2-5.pkl","absolute_cycle","200_cycles",200.0,1441,200,0.1387924998998642,1241.0,873.3955688476562,367.60443115234375,25.51036996199471
"HUST","HUST_2-5.pkl","absolute_cycle","500_cycles",500.0,1441,500,0.3469812572002411,941.0,945.3942260742188,4.39422607421875,0.30494282263835876
"HUST","HUST_2-6.pkl","life_fraction","20%",0.20000000298023224,1621,324,0.19987662136554718,1297.0,1020.8392333984375,276.1607666015625,17.036444577517734
"HUST","HUST_2-6.pkl","life_fraction","40%",0.4000000059604645,1621,648,0.39975324273109436,973.0,1071.940185546875,98.940185546875,6.103651175007712
"HUST","HUST_2-6.pkl","life_fraction","60%",0.6000000238418579,1621,973,0.600246787071228,648.0,1009.3236083984375,361.3236083984375,22.290167081951726
"HUST","HUST_2-6.pkl","life_fraction","80%",0.800000011920929,1621,1297,0.800123393535614,324.0,635.3593139648438,311.35931396484375,19.207854038546806
"HUST","HUST_2-6.pkl","absolute_cycle","20_cycles",20.0,1621,20,0.01233806274831295,1601.0,486.8086853027344,1114.1912841796875,68.73481086858035
"HUST","HUST_2-6.pkl","absolute_cycle","50_cycles",50.0,1621,50,0.03084515780210495,1571.0,371.15185546875,1199.84814453125,74.01900953308143
"HUST","HUST_2-6.pkl","absolute_cycle","100_cycles",100.0,1621,100,0.0616903156042099,1521.0,609.0767211914062,911.9232788085938,56.256833979555445
"HUST","HUST_2-6.pkl","absolute_cycle","200_cycles",200.0,1621,200,0.1233806312084198,1421.0,975.9464721679688,445.05352783203125,27.455492154968
"HUST","HUST_2-6.pkl","absolute_cycle","500_cycles",500.0,1621,500,0.3084515631198883,1121.0,1063.9981689453125,57.0018310546875,3.5164608917142197
"HUST","HUST_2-7.pkl","life_fraction","20%",0.20000000298023224,2261,452,0.19991154968738556,1809.0,1075.484375,733.515625,32.442088677576294
"HUST","HUST_2-7.pkl","life_fraction","40%",0.4000000059604645,2261,904,0.3998230993747711,1357.0,1146.90673828125,210.09326171875,9.292050496185317
"HUST","HUST_2-7.pkl","life_fraction","60%",0.6000000238418579,2261,1357,0.6001769304275513,904.0,1092.6123046875,188.6123046875,8.341986054290137
"HUST","HUST_2-7.pkl","life_fraction","80%",0.800000011920929,2261,1809,0.8000884652137756,452.0,780.49267578125,328.49267578125,14.528645545389208
"HUST","HUST_2-7.pkl","absolute_cycle","20_cycles",20.0,2261,20,0.008845643140375614,2241.0,498.0220642089844,1742.9779052734375,77.08880607135947
"HUST","HUST_2-7.pkl","absolute_cycle","50_cycles",50.0,2261,50,0.022114109247922897,2211.0,369.1993103027344,1841.8006591796875,81.45956033523606
"HUST","HUST_2-7.pkl","absolute_cycle","100_cycles",100.0,2261,100,0.044228218495845795,2161.0,590.842041015625,1570.157958984375,69.44528788077731
"HUST","HUST_2-7.pkl","absolute_cycle","200_cycles",200.0,2261,200,0.08845643699169159,2061.0,972.97607421875,1088.02392578125,48.12135894653914
"HUST","HUST_2-7.pkl","absolute_cycle","500_cycles",500.0,2261,500,0.22114108502864838,1761.0,1083.000732421875,677.999267578125,29.986699141005086
"HUST","HUST_2-8.pkl","life_fraction","20%",0.20000000298023224,1531,306,0.19986936450004578,1225.0,1022.1907958984375,202.8092041015625,13.24684546711708
"HUST","HUST_2-8.pkl","life_fraction","40%",0.4000000059604645,1531,612,0.39973872900009155,919.0,1130.2891845703125,211.2891845703125,13.800730540190235
"HUST","HUST_2-8.pkl","life_fraction","60%",0.6000000238418579,1531,919,0.6002612709999084,612.0,1142.9473876953125,530.9473876953125,34.679777119223544
"HUST","HUST_2-8.pkl","life_fraction","80%",0.800000011920929,1531,1225,0.8001306056976318,306.0,1051.6768798828125,745.6768798828125,48.70521749724445
"HUST","HUST_2-8.pkl","absolute_cycle","20_cycles",20.0,1531,20,0.013063357211649418,1511.0,702.8466796875,808.1533203125,52.78597781270412
"HUST","HUST_2-8.pkl","absolute_cycle","50_cycles",50.0,1531,50,0.03265839442610741,1481.0,613.0172119140625,867.9827880859375,56.69384638053152
"HUST","HUST_2-8.pkl","absolute_cycle","100_cycles",100.0,1531,100,0.06531678885221481,1431.0,438.83056640625,992.16943359375,64.8053189806499
"HUST","HUST_2-8.pkl","absolute_cycle","200_cycles",200.0,1531,200,0.13063357770442963,1331.0,793.4844360351562,537.5155639648438,35.10878928575073
"HUST","HUST_2-8.pkl","absolute_cycle","500_cycles",500.0,1531,500,0.3265839219093323,1031.0,1109.61865234375,78.61865234375,5.1351177233017635
"HUST","HUST_3-1.pkl","life_fraction","20%",0.20000000298023224,1995,399,0.20000000298023224,1596.0,1091.9569091796875,504.0430908203125,25.265317835604638
"HUST","HUST_3-1.pkl","life_fraction","40%",0.4000000059604645,1995,798,0.4000000059604645,1197.0,1149.085693359375,47.914306640625,2.4017196311090228
"HUST","HUST_3-1.pkl","life_fraction","60%",0.6000000238418579,1995,1197,0.6000000238418579,798.0,1169.239013671875,371.239013671875,18.60847186325188
"HUST","HUST_3-1.pkl","life_fraction","80%",0.800000011920929,1995,1596,0.800000011920929,399.0,743.3885498046875,344.3885498046875,17.26258395010965
"HUST","HUST_3-1.pkl","absolute_cycle","20_cycles",20.0,1995,20,0.01002506259828806,1975.0,626.6580810546875,1348.3419189453125,67.58606110001567
"HUST","HUST_3-1.pkl","absolute_cycle","50_cycles",50.0,1995,50,0.02506265603005886,1945.0,389.5868835449219,1555.4130859375,77.96556821741855
"HUST","HUST_3-1.pkl","absolute_cycle","100_cycles",100.0,1995,100,0.05012531206011772,1895.0,534.5882568359375,1360.4117431640625,68.19106482025376
"HUST","HUST_3-1.pkl","absolute_cycle","200_cycles",200.0,1995,200,0.10025062412023544,1795.0,971.2926025390625,823.7073974609375,41.28859135142544
"HUST","HUST_3-1.pkl","absolute_cycle","500_cycles",500.0,1995,500,0.2506265640258789,1495.0,1109.647216796875,385.352783203125,19.315928982612782
"HUST","HUST_3-2.pkl","life_fraction","20%",0.20000000298023224,2353,471,0.20016999542713165,1882.0,1096.4481201171875,785.5518798828125,33.38512026701286
"HUST","HUST_3-2.pkl","life_fraction","40%",0.4000000059604645,2353,941,0.39991500973701477,1412.0,1151.0863037109375,260.9136962890625,11.088554878413197
"HUST","HUST_3-2.pkl","life_fraction","60%",0.6000000238418579,2353,1412,0.6000850200653076,941.0,1083.371826171875,142.371826171875,6.050651346021037
"HUST","HUST_3-2.pkl","life_fraction","80%",0.800000011920929,2353,1882,0.7998300194740295,471.0,726.1038818359375,255.1038818359375,10.84164393692892
"HUST","HUST_3-2.pkl","absolute_cycle","20_cycles",20.0,2353,20,0.00849978718906641,2333.0,588.6521606445312,1744.347900390625,74.13293244329049
"HUST","HUST_3-2.pkl","absolute_cycle","50_cycles",50.0,2353,50,0.021249469369649887,2303.0,369.303466796875,1933.696533203125,82.18004815992882
"HUST","HUST_3-2.pkl","absolute_cycle","100_cycles",100.0,2353,100,0.042498938739299774,2253.0,566.89501953125,1686.10498046875,71.65767022816617
"HUST","HUST_3-2.pkl","absolute_cycle","200_cycles",200.0,2353,200,0.08499787747859955,2153.0,980.3193359375,1172.6806640625,49.83768228059923
"HUST","HUST_3-2.pkl","absolute_cycle","500_cycles",500.0,2353,500,0.21249468624591827,1853.0,1099.5274658203125,753.4725341796875,32.021782158082765
"HUST","HUST_3-3.pkl","life_fraction","20%",0.20000000298023224,1698,340,0.20023557543754578,1358.0,1053.4443359375,304.5556640625,17.936140404151942
"HUST","HUST_3-3.pkl","life_fraction","40%",0.4000000059604645,1698,679,0.3998822271823883,1019.0,1092.8402099609375,73.8402099609375,4.348657830443905
"HUST","HUST_3-3.pkl","life_fraction","60%",0.6000000238418579,1698,1019,0.6001178026199341,679.0,1026.4443359375,347.4443359375,20.461975025765607
"HUST","HUST_3-3.pkl","life_fraction","80%",0.800000011920929,1698,1358,0.7997644543647766,340.0,670.8477172851562,330.84771728515625,19.484553432576927
"HUST","HUST_3-3.pkl","absolute_cycle","20_cycles",20.0,1698,20,0.011778563261032104,1678.0,595.2142944335938,1082.78564453125,63.76829473093345
"HUST","HUST_3-3.pkl","absolute_cycle","50_cycles",50.0,1698,50,0.02944640815258026,1648.0,368.58056640625,1279.41943359375,75.3486121079947
"HUST","HUST_3-3.pkl","absolute_cycle","100_cycles",100.0,1698,100,0.05889281630516052,1598.0,567.0875854492188,1030.912353515625,60.71333059573763
"HUST","HUST_3-3.pkl","absolute_cycle","200_cycles",200.0,1698,200,0.11778563261032104,1498.0,974.8536987304688,523.1463012695312,30.809558378653193
"HUST","HUST_3-3.pkl","absolute_cycle","500_cycles",500.0,1698,500,0.2944640815258026,1198.0,1078.3421630859375,119.6578369140625,7.046986861841137
"HUST","HUST_3-4.pkl","life_fraction","20%",0.20000000298023224,1829,366,0.2001093477010727,1463.0,1049.309814453125,413.690185546875,22.618380839085567
"HUST","HUST_3-4.pkl","life_fraction","40%",0.4000000059604645,1829,732,0.4002186954021454,1097.0,1036.7239990234375,60.2760009765625,3.2955714038579824
"HUST","HUST_3-4.pkl","life_fraction","60%",0.6000000238418579,1829,1097,0.5997812747955322,732.0,918.1866455078125,186.1866455078125,10.179696309885866
"HUST","HUST_3-4.pkl","life_fraction","80%",0.800000011920929,1829,1463,0.7998906373977661,366.0,737.1492309570312,371.14923095703125,20.29246752088744
"HUST","HUST_3-4.pkl","absolute_cycle","20_cycles",20.0,1829,20,0.010934936814010143,1809.0,653.9869384765625,1155.0130615234375,63.149976026431794
"HUST","HUST_3-4.pkl","absolute_cycle","50_cycles",50.0,1829,50,0.027337342500686646,1779.0,434.1566162109375,1344.8433837890625,73.528889217554
"HUST","HUST_3-4.pkl","absolute_cycle","100_cycles",100.0,1829,100,0.05467468500137329,1729.0,504.0743713378906,1224.9256591796875,66.9724253242038
"HUST","HUST_3-4.pkl","absolute_cycle","200_cycles",200.0,1829,200,0.10934937000274658,1629.0,935.9361572265625,693.0638427734375,37.89304771861331
"HUST","HUST_3-4.pkl","absolute_cycle","500_cycles",500.0,1829,500,0.27337342500686646,1329.0,1052.8697509765625,276.1302490234375,15.09733455568275
"HUST","HUST_3-5.pkl","life_fraction","20%",0.20000000298023224,2768,554,0.20014451444149017,2214.0,1101.51123046875,1112.48876953125,40.19106826341221
"HUST","HUST_3-5.pkl","life_fraction","40%",0.4000000059604645,2768,1107,0.3999277353286743,1661.0,1298.8843994140625,362.1156005859375,13.082211003827222
"HUST","HUST_3-5.pkl","life_fraction","60%",0.6000000238418579,2768,1661,0.6000722646713257,1107.0,1294.9989013671875,187.9989013671875,6.791867823959086
"HUST","HUST_3-5.pkl","life_fraction","80%",0.800000011920929,2768,2214,0.7998554706573486,554.0,1218.83349609375,664.83349609375,24.018551159456287
"HUST","HUST_3-5.pkl","absolute_cycle","20_cycles",20.0,2768,20,0.007225433364510536,2748.0,689.4226684570312,2058.577392578125,74.37057054111723
"HUST","HUST_3-5.pkl","absolute_cycle","50_cycles",50.0,2768,50,0.018063584342598915,2718.0,621.5562744140625,2096.44384765625,75.7385783112807
"HUST","HUST_3-5.pkl","absolute_cycle","100_cycles",100.0,2768,100,0.03612716868519783,2668.0,521.3824462890625,2146.61767578125,77.5512166105943
"HUST","HUST_3-5.pkl","absolute_cycle","200_cycles",200.0,2768,200,0.07225433737039566,2568.0,605.3153076171875,1962.6846923828125,70.90623888666231
"HUST","HUST_3-5.pkl","absolute_cycle","500_cycles",500.0,2768,500,0.18063583970069885,2268.0,1082.4373779296875,1185.5626220703125,42.83101958346505
"HUST","HUST_3-6.pkl","life_fraction","20%",0.20000000298023224,2575,515,0.20000000298023224,2060.0,1109.3634033203125,950.6365966796875,36.91792608464806
"HUST","HUST_3-6.pkl","life_fraction","40%",0.4000000059604645,2575,1030,0.4000000059604645,1545.0,1221.7540283203125,323.2459716796875,12.553241618628642
"HUST","HUST_3-6.pkl","life_fraction","60%",0.6000000238418579,2575,1545,0.6000000238418579,1030.0,1194.0179443359375,164.0179443359375,6.36962890625
"HUST","HUST_3-6.pkl","life_fraction","80%",0.800000011920929,2575,2060,0.800000011920929,515.0,817.0765380859375,302.0765380859375,11.731127692657767
"HUST","HUST_3-6.pkl","absolute_cycle","20_cycles",20.0,2575,20,0.007766990456730127,2555.0,585.9988403320312,1969.001220703125,76.46606682342232
"HUST","HUST_3-6.pkl","absolute_cycle","50_cycles",50.0,2575,50,0.019417475908994675,2525.0,369.93701171875,2155.06298828125,83.69176653519418
"HUST","HUST_3-6.pkl","absolute_cycle","100_cycles",100.0,2575,100,0.03883495181798935,2475.0,565.2523193359375,1909.7476806640625,74.16495847239078
"HUST","HUST_3-6.pkl","absolute_cycle","200_cycles",200.0,2575,200,0.0776699036359787,2375.0,982.9901123046875,1392.0098876953125,54.05863641535194
"HUST","HUST_3-6.pkl","absolute_cycle","500_cycles",500.0,2575,500,0.19417475163936615,2075.0,1107.27392578125,967.72607421875,37.581595115291265
"HUST","HUST_3-7.pkl","life_fraction","20%",0.20000000298023224,2569,514,0.2000778466463089,2055.0,1070.4381103515625,984.5618896484375,38.32471349351645
"HUST","HUST_3-7.pkl","life_fraction","40%",0.4000000059604645,2569,1028,0.4001556932926178,1541.0,1115.7889404296875,425.2110595703125,16.551617733371447
"HUST","HUST_3-7.pkl","life_fraction","60%",0.6000000238418579,2569,1541,0.5998442769050598,1028.0,1009.8585205078125,18.1414794921875,0.7061689175627676
"HUST","HUST_3-7.pkl","life_fraction","80%",0.800000011920929,2569,2055,0.7999221682548523,514.0,731.9198608398438,217.91986083984375,8.482672667958106
"HUST","HUST_3-7.pkl","absolute_cycle","20_cycles",20.0,2569,20,0.0077851302921772,2549.0,660.0476684570312,1888.952392578125,73.52870348688693
"HUST","HUST_3-7.pkl","absolute_cycle","50_cycles",50.0,2569,50,0.019462825730443,2519.0,424.8916320800781,2094.1083984375,81.51453477763721
"HUST","HUST_3-7.pkl","absolute_cycle","100_cycles",100.0,2569,100,0.038925651460886,2469.0,512.7116088867188,1956.288330078125,76.1497987574202
"HUST","HUST_3-7.pkl","absolute_cycle","200_cycles",200.0,2569,200,0.077851302921772,2369.0,947.7257080078125,1421.2742919921875,55.32402849327316
"HUST","HUST_3-7.pkl","absolute_cycle","500_cycles",500.0,2569,500,0.1946282535791397,2069.0,1068.3878173828125,1000.6121826171875,38.94948161219103
"HUST","HUST_3-8.pkl","life_fraction","20%",0.20000000298023224,2412,482,0.1998341679573059,1930.0,1095.1270751953125,834.8729248046875,34.613305340161176
"HUST","HUST_3-8.pkl","life_fraction","40%",0.4000000059604645,2412,965,0.40008291602134705,1447.0,1142.4434814453125,304.5565185546875,12.62672133311308
"HUST","HUST_3-8.pkl","life_fraction","60%",0.6000000238418579,2412,1447,0.5999170541763306,965.0,1111.81005859375,146.81005859375,6.08665251217869
"HUST","HUST_3-8.pkl","life_fraction","80%",0.800000011920929,2412,1930,0.8001658320426941,482.0,758.803955078125,276.803955078125,11.476117540552446
"HUST","HUST_3-8.pkl","absolute_cycle","20_cycles",20.0,2412,20,0.008291874080896378,2392.0,630.7980346679688,1761.201904296875,73.01832107366812
"HUST","HUST_3-8.pkl","absolute_cycle","50_cycles",50.0,2412,50,0.020729685202240944,2362.0,387.722900390625,1974.277099609375,81.85228439508188
"HUST","HUST_3-8.pkl","absolute_cycle","100_cycles",100.0,2412,100,0.04145937040448189,2312.0,510.2095947265625,1801.7904052734375,74.70109474599658
"HUST","HUST_3-8.pkl","absolute_cycle","200_cycles",200.0,2412,200,0.08291874080896378,2212.0,948.4362182617188,1263.563720703125,52.38655558470668
"HUST","HUST_3-8.pkl","absolute_cycle","500_cycles",500.0,2412,500,0.20729684829711914,1912.0,1097.47802734375,814.52197265625,33.76956768889925
"HUST","HUST_4-1.pkl","life_fraction","20%",0.20000000298023224,2278,456,0.20017559826374054,1822.0,1041.3092041015625,780.6907958984375,34.270886562705776
"HUST","HUST_4-1.pkl","life_fraction","40%",0.4000000059604645,2278,911,0.3999122083187103,1367.0,1084.9454345703125,282.0545654296875,12.381675391996817
"HUST","HUST_4-1.pkl","life_fraction","60%",0.6000000238418579,2278,1367,0.6000878214836121,911.0,1023.2354125976562,112.23541259765625,4.926927682074462
"HUST","HUST_4-1.pkl","life_fraction","80%",0.800000011920929,2278,1822,0.7998244166374207,456.0,790.085205078125,334.085205078125,14.665724542498902
"HUST","HUST_4-1.pkl","absolute_cycle","20_cycles",20.0,2278,20,0.008779630996286869,2258.0,696.8206787109375,1561.1793212890625,68.53289382304928
"HUST","HUST_4-1.pkl","absolute_cycle","50_cycles",50.0,2278,50,0.021949078887701035,2228.0,616.3161010742188,1611.683837890625,70.74994898554104
"HUST","HUST_4-1.pkl","absolute_cycle","100_cycles",100.0,2278,100,0.04389815777540207,2178.0,483.0734558105469,1694.926513671875,74.40414897593833
"HUST","HUST_4-1.pkl","absolute_cycle","200_cycles",200.0,2278,200,0.08779631555080414,2078.0,692.07861328125,1385.92138671875,60.839393622420985
"HUST","HUST_4-1.pkl","absolute_cycle","500_cycles",500.0,2278,500,0.21949078142642975,1778.0,1055.1153564453125,722.8846435546875,31.73330305332254
"HUST","HUST_4-2.pkl","life_fraction","20%",0.20000000298023224,1812,362,0.19977924227714539,1450.0,709.60205078125,740.39794921875,40.860813974544705
"HUST","HUST_4-2.pkl","life_fraction","40%",0.4000000059604645,1812,725,0.4001103639602661,1087.0,1017.7508544921875,69.2491455078125,3.821696771954332
"HUST","HUST_4-2.pkl","life_fraction","60%",0.6000000238418579,1812,1087,0.5998896360397339,725.0,1303.751708984375,578.751708984375,31.93993978942467
"HUST","HUST_4-2.pkl","life_fraction","80%",0.800000011920929,1812,1450,0.8002207279205322,362.0,1587.7135009765625,1225.7135009765625,67.6442329457264
"HUST","HUST_4-2.pkl","absolute_cycle","20_cycles",20.0,1812,20,0.011037527583539486,1792.0,703.0957641601562,1088.904296875,60.09405611892936
"HUST","HUST_4-2.pkl","absolute_cycle","50_cycles",50.0,1812,50,0.027593819424510002,1762.0,659.557373046875,1102.442626953125,60.84120457798703
"HUST","HUST_4-2.pkl","absolute_cycle","100_cycles",100.0,1812,100,0.055187638849020004,1712.0,630.6802368164062,1081.31982421875,59.67548698778973
"HUST","HUST_4-2.pkl","absolute_cycle","200_cycles",200.0,1812,200,0.11037527769804001,1612.0,537.2047119140625,1074.7952880859375,59.3154132497758
"HUST","HUST_4-2.pkl","absolute_cycle","500_cycles",500.0,1812,500,0.2759381830692291,1312.0,939.4489135742188,372.55108642578125,20.56021448265901
"HUST","HUST_4-3.pkl","life_fraction","20%",0.20000000298023224,1164,233,0.2001718282699585,931.0,577.1165771484375,353.8834228515625,30.40235591508269
"HUST","HUST_4-3.pkl","life_fraction","40%",0.4000000059604645,1164,466,0.400343656539917,698.0,1091.2484130859375,393.2484130859375,33.784227928345146
"HUST","HUST_4-3.pkl","life_fraction","60%",0.6000000238418579,1164,698,0.599656343460083,466.0,1179.3175048828125,713.3175048828125,61.281572584434066
"HUST","HUST_4-3.pkl","life_fraction","80%",0.800000011920929,1164,931,0.7998281717300415,233.0,1367.709228515625,1134.709228515625,97.48361069721864
"HUST","HUST_4-3.pkl","absolute_cycle","20_cycles",20.0,1164,20,0.017182130366563797,1144.0,708.9328002929688,435.06719970703125,37.37690719132571
"HUST","HUST_4-3.pkl","absolute_cycle","50_cycles",50.0,1164,50,0.04295532777905464,1114.0,656.332275390625,457.667724609375,39.318533042042525
"HUST","HUST_4-3.pkl","absolute_cycle","100_cycles",100.0,1164,100,0.08591065555810928,1064.0,615.4415893554688,448.55841064453125,38.53594593166076
"HUST","HUST_4-3.pkl","absolute_cycle","200_cycles",200.0,1164,200,0.17182131111621857,964.0,419.69708251953125,544.3029174804688,46.76141902753168
"HUST","HUST_4-3.pkl","absolute_cycle","500_cycles",500.0,1164,500,0.4295532703399658,664.0,1106.86181640625,442.86181640625,38.04654780122423
"HUST","HUST_4-4.pkl","life_fraction","20%",0.20000000298023224,1528,306,0.20026178658008575,1222.0,1024.75732421875,197.24267578125,12.908552079924739
"HUST","HUST_4-4.pkl","life_fraction","40%",0.4000000059604645,1528,611,0.3998691141605377,917.0,1166.3076171875,249.3076171875,16.31594353321335
"HUST","HUST_4-4.pkl","life_fraction","60%",0.6000000238418579,1528,917,0.6001309156417847,611.0,1295.630615234375,684.630615234375,44.80566853628109
"HUST","HUST_4-4.pkl","life_fraction","80%",0.800000011920929,1528,1222,0.7997382283210754,306.0,1236.5096435546875,930.5096435546875,60.89722798132772
"HUST","HUST_4-4.pkl","absolute_cycle","20_cycles",20.0,1528,20,0.013089004904031754,1508.0,700.60498046875,807.39501953125,52.839988189217934
"HUST","HUST_4-4.pkl","absolute_cycle","50_cycles",50.0,1528,50,0.03272251412272453,1478.0,627.6345825195312,850.3654174804688,55.65218700788408
"HUST","HUST_4-4.pkl","absolute_cycle","100_cycles",100.0,1528,100,0.06544502824544907,1428.0,475.15380859375,952.84619140625,62.359043940199605
"HUST","HUST_4-4.pkl","absolute_cycle","200_cycles",200.0,1528,200,0.13089005649089813,1328.0,764.2470703125,563.7529296875,36.89482524132853
"HUST","HUST_4-4.pkl","absolute_cycle","500_cycles",500.0,1528,500,0.32722511887550354,1028.0,1125.9888916015625,97.9888916015625,6.412885576018488
"HUST","HUST_4-5.pkl","life_fraction","20%",0.20000000298023224,1600,320,0.20000000298023224,1280.0,1001.0531005859375,278.9468994140625,17.434181213378906
"HUST","HUST_4-5.pkl","life_fraction","40%",0.4000000059604645,1600,640,0.4000000059604645,960.0,1155.6671142578125,195.6671142578125,12.229194641113281
"HUST","HUST_4-5.pkl","life_fraction","60%",0.6000000238418579,1600,960,0.6000000238418579,640.0,1271.165283203125,631.165283203125,39.44783020019531
"HUST","HUST_4-5.pkl","life_fraction","80%",0.800000011920929,1600,1280,0.800000011920929,320.0,1216.3389892578125,896.3389892578125,56.02118682861328
"HUST","HUST_4-5.pkl","absolute_cycle","20_cycles",20.0,1600,20,0.012500000186264515,1580.0,702.6054077148438,877.3945922851562,54.837162017822266
"HUST","HUST_4-5.pkl","absolute_cycle","50_cycles",50.0,1600,50,0.03125,1550.0,634.8870239257812,915.1129760742188,57.19456100463867
"HUST","HUST_4-5.pkl","absolute_cycle","100_cycles",100.0,1600,100,0.0625,1500.0,508.9156494140625,991.0843505859375,61.942771911621094
"HUST","HUST_4-5.pkl","absolute_cycle","200_cycles",200.0,1600,200,0.125,1400.0,705.6856689453125,694.3143310546875,43.39464569091797
"HUST","HUST_4-5.pkl","absolute_cycle","500_cycles",500.0,1600,500,0.3125,1100.0,1110.047119140625,10.047119140625,0.6279449462890625
"HUST","HUST_4-6.pkl","life_fraction","20%",0.20000000298023224,1420,284,0.20000000298023224,1136.0,1052.7471923828125,83.2528076171875,5.862873775858275
"HUST","HUST_4-6.pkl","life_fraction","40%",0.4000000059604645,1420,568,0.4000000059604645,852.0,1136.3682861328125,284.3682861328125,20.025935643155808
"HUST","HUST_4-6.pkl","life_fraction","60%",0.6000000238418579,1420,852,0.6000000238418579,568.0,1223.133056640625,655.133056640625,46.13613074933979
"HUST","HUST_4-6.pkl","life_fraction","80%",0.800000011920929,1420,1136,0.800000011920929,284.0,1178.6580810546875,894.6580810546875,63.004090215118836
"HUST","HUST_4-6.pkl","absolute_cycle","20_cycles",20.0,1420,20,0.014084506779909134,1400.0,676.6590576171875,723.3409423828125,50.93950298470511
"HUST","HUST_4-6.pkl","absolute_cycle","50_cycles",50.0,1420,50,0.035211268812417984,1370.0,549.3348388671875,820.6651611328125,57.79332120653609
"HUST","HUST_4-6.pkl","absolute_cycle","100_cycles",100.0,1420,100,0.07042253762483597,1320.0,405.82293701171875,914.1770629882812,64.37866640762545
"HUST","HUST_4-6.pkl","absolute_cycle","200_cycles",200.0,1420,200,0.14084507524967194,1220.0,923.2312622070312,296.76873779296875,20.899206886828786
"HUST","HUST_4-6.pkl","absolute_cycle","500_cycles",500.0,1420,500,0.35211268067359924,920.0,1121.56201171875,201.56201171875,14.194507867517606
"HUST","HUST_4-7.pkl","life_fraction","20%",0.20000000298023224,2272,454,0.19982394576072693,1818.0,1131.6051025390625,686.3948974609375,30.211043022048305
"HUST","HUST_4-7.pkl","life_fraction","40%",0.4000000059604645,2272,909,0.40008804202079773,1363.0,1469.5885009765625,106.5885009765625,4.6913952894613775
"HUST","HUST_4-7.pkl","life_fraction","60%",0.6000000238418579,2272,1363,0.5999119877815247,909.0,1423.071533203125,514.071533203125,22.626387905067123
"HUST","HUST_4-7.pkl","life_fraction","80%",0.800000011920929,2272,1818,0.8001760840415955,454.0,1291.349853515625,837.349853515625,36.85518721459617
"HUST","HUST_4-7.pkl","absolute_cycle","20_cycles",20.0,2272,20,0.008802817203104496,2252.0,676.794189453125,1575.205810546875,69.33124166139415
"HUST","HUST_4-7.pkl","absolute_cycle","50_cycles",50.0,2272,50,0.022007042542099953,2222.0,561.199462890625,1660.800537109375,73.0986151896732
"HUST","HUST_4-7.pkl","absolute_cycle","100_cycles",100.0,2272,100,0.044014085084199905,2172.0,392.3365783691406,1779.6634521484375,78.33025757695587
"HUST","HUST_4-7.pkl","absolute_cycle","200_cycles",200.0,2272,200,0.08802817016839981,2072.0,828.1766357421875,1243.8233642578125,54.74574666627696
"HUST","HUST_4-7.pkl","absolute_cycle","500_cycles",500.0,2272,500,0.22007042169570923,1772.0,1153.6689453125,618.3310546875,27.215275294344192
"HUST","HUST_4-8.pkl","life_fraction","20%",0.20000000298023224,1747,349,0.19977103173732758,1398.0,1099.72998046875,298.27001953125,17.073269578205494
"HUST","HUST_4-8.pkl","life_fraction","40%",0.4000000059604645,1747,699,0.4001144766807556,1048.0,1294.0426025390625,246.0426025390625,14.083720809333858
"HUST","HUST_4-8.pkl","life_fraction","60%",0.6000000238418579,1747,1048,0.5998855233192444,699.0,1206.9271240234375,507.9271240234375,29.074248656178447
"HUST","HUST_4-8.pkl","life_fraction","80%",0.800000011920929,1747,1398,0.8002289533615112,349.0,733.5751342773438,384.57513427734375,22.013459317535418
"HUST","HUST_4-8.pkl","absolute_cycle","20_cycles",20.0,1747,20,0.011448197066783905,1727.0,559.9976196289062,1167.00244140625,66.8003687124356
"HUST","HUST_4-8.pkl","absolute_cycle","50_cycles",50.0,1747,50,0.028620492666959763,1697.0,373.552734375,1323.447265625,75.75542447767602
"HUST","HUST_4-8.pkl","absolute_cycle","100_cycles",100.0,1747,100,0.057240985333919525,1647.0,601.5839233398438,1045.416015625,59.840641993417286
"HUST","HUST_4-8.pkl","absolute_cycle","200_cycles",200.0,1747,200,0.11448197066783905,1547.0,1013.1705322265625,533.8294677734375,30.55692431444977
"HUST","HUST_4-8.pkl","absolute_cycle","500_cycles",500.0,1747,500,0.2862049341201782,1247.0,1158.97119140625,88.02880859375,5.0388556722238125
"HUST","HUST_5-1.pkl","life_fraction","20%",0.20000000298023224,2583,517,0.2001548558473587,2066.0,1087.9825439453125,978.0174560546875,37.86362586351868
"HUST","HUST_5-1.pkl","life_fraction","40%",0.4000000059604645,2583,1033,0.39992257952690125,1550.0,1048.3516845703125,501.6483154296875,19.421150423139277
"HUST","HUST_5-1.pkl","life_fraction","60%",0.6000000238418579,2583,1550,0.6000774502754211,1033.0,896.8251953125,136.1748046875,5.271963015389082
"HUST","HUST_5-1.pkl","life_fraction","80%",0.800000011920929,2583,2066,0.7998451590538025,517.0,658.7408447265625,141.7408447265625,5.487450434632694
"HUST","HUST_5-1.pkl","absolute_cycle","20_cycles",20.0,2583,20,0.0077429343946278095,2563.0,508.009521484375,2054.990478515625,79.5582841082317
"HUST","HUST_5-1.pkl","absolute_cycle","50_cycles",50.0,2583,50,0.019357336685061455,2533.0,381.79541015625,2151.20458984375,83.28318195291328
"HUST","HUST_5-1.pkl","absolute_cycle","100_cycles",100.0,2583,100,0.03871467337012291,2483.0,656.7449340820312,1826.255126953125,70.70286980074042
"HUST","HUST_5-1.pkl","absolute_cycle","200_cycles",200.0,2583,200,0.07742934674024582,2383.0,1004.313232421875,1378.686767578125,53.3754071845964
"HUST","HUST_5-1.pkl","absolute_cycle","500_cycles",500.0,2583,500,0.19357337057590485,2083.0,1082.593505859375,1000.406494140625,38.73041014868854
"HUST","HUST_5-2.pkl","life_fraction","20%",0.20000000298023224,1981,396,0.19989904761314392,1585.0,1044.0743408203125,540.9256591796875,27.305686985345154
"HUST","HUST_5-2.pkl","life_fraction","40%",0.4000000059604645,1981,792,0.39979809522628784,1189.0,1149.3323974609375,39.6676025390625,2.002402955025871
"HUST","HUST_5-2.pkl","life_fraction","60%",0.6000000238418579,1981,1189,0.6002019047737122,792.0,979.0492553710938,187.04925537109375,9.442163320095595
"HUST","HUST_5-2.pkl","life_fraction","80%",0.800000011920929,1981,1585,0.8001009821891785,396.0,600.2533569335938,204.25335693359375,10.310618724563037
"HUST","HUST_5-2.pkl","absolute_cycle","20_cycles",20.0,1981,20,0.010095911100506783,1961.0,448.4212646484375,1512.5787353515625,76.35430264268362
"HUST","HUST_5-2.pkl","absolute_cycle","50_cycles",50.0,1981,50,0.02523977868258953,1931.0,383.4765625,1547.5234375,78.11829568399799
"HUST","HUST_5-2.pkl","absolute_cycle","100_cycles",100.0,1981,100,0.05047955736517906,1881.0,649.3790283203125,1231.6209716796875,62.17167953961068
"HUST","HUST_5-2.pkl","absolute_cycle","200_cycles",200.0,1981,200,0.10095911473035812,1781.0,974.2103881835938,806.7896118164062,40.72638121233752
"HUST","HUST_5-2.pkl","absolute_cycle","500_cycles",500.0,1981,500,0.2523977756500244,1481.0,1078.464599609375,402.535400390625,20.319808197406612
"HUST","HUST_5-3.pkl","life_fraction","20%",0.20000000298023224,2764,553,0.20007236301898956,2211.0,1053.0003662109375,1157.9996337890625,41.89578993448128
"HUST","HUST_5-3.pkl","life_fraction","40%",0.4000000059604645,2764,1106,0.4001447260379791,1658.0,1064.113525390625,593.886474609375,21.486486056779125
"HUST","HUST_5-3.pkl","life_fraction","60%",0.6000000238418579,2764,1658,0.5998553037643433,1106.0,877.065673828125,228.934326171875,8.28271802358448
"HUST","HUST_5-3.pkl","life_fraction","80%",0.800000011920929,2764,2211,0.7999276518821716,553.0,682.8232421875,129.8232421875,4.696933508954414
"HUST","HUST_5-3.pkl","absolute_cycle","20_cycles",20.0,2764,20,0.0072358897887170315,2744.0,522.8271484375,2221.1728515625,80.36081228518451
"HUST","HUST_5-3.pkl","absolute_cycle","50_cycles",50.0,2764,50,0.018089724704623222,2714.0,376.46844482421875,2337.531494140625,84.57060398482724
"HUST","HUST_5-3.pkl","absolute_cycle","100_cycles",100.0,2764,100,0.036179449409246445,2664.0,634.623291015625,2029.376708984375,73.42173332070821
"HUST","HUST_5-3.pkl","absolute_cycle","200_cycles",200.0,2764,200,0.07235889881849289,2564.0,990.6272583007812,1573.372802734375,56.92376276173571
"HUST","HUST_5-3.pkl","absolute_cycle","500_cycles",500.0,2764,500,0.18089725077152252,2264.0,1053.4649658203125,1210.5350341796875,43.79649182994528
"HUST","HUST_5-4.pkl","life_fraction","20%",0.20000000298023224,2025,405,0.20000000298023224,1620.0,1116.863525390625,503.136474609375,24.84624565972222
"HUST","HUST_5-4.pkl","life_fraction","40%",0.4000000059604645,2025,810,0.4000000059604645,1215.0,1328.1806640625,113.1806640625,5.589168595679013
"HUST","HUST_5-4.pkl","life_fraction","60%",0.6000000238418579,2025,1215,0.6000000238418579,810.0,1380.3359375,570.3359375,28.164737654320987
"HUST","HUST_5-4.pkl","life_fraction","80%",0.800000011920929,2025,1620,0.800000011920929,405.0,1273.00341796875,868.00341796875,42.86436631944444
"HUST","HUST_5-4.pkl","absolute_cycle","20_cycles",20.0,2025,20,0.009876543655991554,2005.0,665.4979248046875,1339.5020751953125,66.14825062692901
"HUST","HUST_5-4.pkl","absolute_cycle","50_cycles",50.0,2025,50,0.02469135820865631,1975.0,476.7298583984375,1498.2701416015625,73.98864896797839
"HUST","HUST_5-4.pkl","absolute_cycle","100_cycles",100.0,2025,100,0.04938271641731262,1925.0,463.80712890625,1461.19287109375,72.15767264660494
"HUST","HUST_5-4.pkl","absolute_cycle","200_cycles",200.0,2025,200,0.09876543283462524,1825.0,959.6480102539062,865.3519897460938,42.73343159239969
"HUST","HUST_5-4.pkl","absolute_cycle","500_cycles",500.0,2025,500,0.2469135820865631,1525.0,1141.3763427734375,383.6236572265625,18.944378134645063
"HUST","HUST_5-5.pkl","life_fraction","20%",0.20000000298023224,1634,327,0.2001224011182785,1307.0,1030.82373046875,276.17626953125,16.901852480492657
"HUST","HUST_5-5.pkl","life_fraction","40%",0.4000000059604645,1634,654,0.400244802236557,980.0,1125.111083984375,145.111083984375,8.880727294025398
"HUST","HUST_5-5.pkl","life_fraction","60%",0.6000000238418579,1634,980,0.5997552275657654,654.0,1152.4296875,498.4296875,30.503652845777232
"HUST","HUST_5-5.pkl","life_fraction","80%",0.800000011920929,1634,1307,0.7998775839805603,327.0,1025.326416015625,698.326416015625,42.73723476227815
"HUST","HUST_5-5.pkl","absolute_cycle","20_cycles",20.0,1634,20,0.012239902280271053,1614.0,447.1937255859375,1166.8062744140625,71.40797273035878
"HUST","HUST_5-5.pkl","absolute_cycle","50_cycles",50.0,1634,50,0.03059975430369377,1584.0,385.999755859375,1198.000244140625,73.317028405179
"HUST","HUST_5-5.pkl","absolute_cycle","100_cycles",100.0,1634,100,0.06119950860738754,1534.0,632.0733642578125,901.9266357421875,55.19746852767366
"HUST","HUST_5-5.pkl","absolute_cycle","200_cycles",200.0,1634,200,0.12239901721477509,1434.0,960.2125244140625,473.7874755859375,28.995561541367046
"HUST","HUST_5-5.pkl","absolute_cycle","500_cycles",500.0,1634,500,0.3059975504875183,1134.0,1072.22216796875,61.77783203125,3.780773074127907
"HUST","HUST_5-6.pkl","life_fraction","20%",0.20000000298023224,2538,508,0.20015759766101837,2030.0,1057.9251708984375,972.0748291015625,38.300820689580874
"HUST","HUST_5-6.pkl","life_fraction","40%",0.4000000059604645,2538,1015,0.3999212086200714,1523.0,1061.228515625,461.771484375,18.1943059249409
"HUST","HUST_5-6.pkl","life_fraction","60%",0.6000000238418579,2538,1523,0.600078821182251,1015.0,886.97216796875,128.02783203125,5.044437826290386
"HUST","HUST_5-6.pkl","life_fraction","80%",0.800000011920929,2538,2030,0.7998424172401428,508.0,700.60498046875,192.60498046875,7.58884871823286
"HUST","HUST_5-6.pkl","absolute_cycle","20_cycles",20.0,2538,20,0.00788022018969059,2518.0,585.7447509765625,1932.2552490234375,76.13298853520243
"HUST","HUST_5-6.pkl","absolute_cycle","50_cycles",50.0,2538,50,0.01970055140554905,2488.0,372.9360046386719,2115.06396484375,83.33585361874508
"HUST","HUST_5-6.pkl","absolute_cycle","100_cycles",100.0,2538,100,0.0394011028110981,2438.0,607.3825073242188,1830.617431640625,72.12834640033984
"HUST","HUST_5-6.pkl","absolute_cycle","200_cycles",200.0,2538,200,0.0788022056221962,2338.0,995.299072265625,1342.700927734375,52.903897861874505
"HUST","HUST_5-6.pkl","absolute_cycle","500_cycles",500.0,2538,500,0.1970055103302002,2038.0,1057.0782470703125,980.9217529296875,38.649399248608646
"HUST","HUST_5-7.pkl","life_fraction","20%",0.20000000298023224,1490,298,0.20000000298023224,1192.0,1028.5810546875,163.4189453125,10.967714450503356
"HUST","HUST_5-7.pkl","life_fraction","40%",0.4000000059604645,1490,596,0.4000000059604645,894.0,1000.033935546875,106.033935546875,7.116371513213087
"HUST","HUST_5-7.pkl","life_fraction","60%",0.6000000238418579,1490,894,0.6000000238418579,596.0,892.4263916015625,296.4263916015625,19.894388698091444
"HUST","HUST_5-7.pkl","life_fraction","80%",0.800000011920929,1490,1192,0.800000011920929,298.0,716.2898559570312,418.28985595703125,28.07314469510277
"HUST","HUST_5-7.pkl","absolute_cycle","20_cycles",20.0,1490,20,0.01342281885445118,1470.0,619.5095825195312,850.4904174804688,57.07989379063549
"HUST","HUST_5-7.pkl","absolute_cycle","50_cycles",50.0,1490,50,0.033557046204805374,1440.0,375.88427734375,1064.11572265625,71.41716259437919
"HUST","HUST_5-7.pkl","absolute_cycle","100_cycles",100.0,1490,100,0.06711409240961075,1390.0,583.8832397460938,806.1167602539062,54.10179599019505
"HUST","HUST_5-7.pkl","absolute_cycle","200_cycles",200.0,1490,200,0.1342281848192215,1290.0,973.5196533203125,316.4803466796875,21.24029172346896
"HUST","HUST_5-7.pkl","absolute_cycle","500_cycles",500.0,1490,500,0.33557048439979553,990.0,1010.4313354492188,20.43133544921875,1.3712305670616611
"HUST","HUST_6-1.pkl","life_fraction","20%",0.20000000298023224,1667,333,0.1997600495815277,1334.0,1093.2867431640625,240.7132568359375,14.439907428670516
"HUST","HUST_6-1.pkl","life_fraction","40%",0.4000000059604645,1667,667,0.40011999011039734,1000.0,1193.521240234375,193.521240234375,11.608952623537792
"HUST","HUST_6-1.pkl","life_fraction","60%",0.6000000238418579,1667,1000,0.599880039691925,667.0,1318.233154296875,651.233154296875,39.066176022607976
"HUST","HUST_6-1.pkl","life_fraction","80%",0.800000011920929,1667,1334,0.8002399802207947,333.0,1291.43798828125,958.43798828125,57.49478034080684
"HUST","HUST_6-1.pkl","absolute_cycle","20_cycles",20.0,1667,20,0.011997600086033344,1647.0,632.390380859375,1014.609619140625,60.864404267583986
"HUST","HUST_6-1.pkl","absolute_cycle","50_cycles",50.0,1667,50,0.029994001612067223,1617.0,390.24151611328125,1226.758544921875,73.59079453640521
"HUST","HUST_6-1.pkl","absolute_cycle","100_cycles",100.0,1667,100,0.059988003224134445,1567.0,569.7163696289062,997.2836303710938,59.82505281170329
"HUST","HUST_6-1.pkl","absolute_cycle","200_cycles",200.0,1667,200,0.11997600644826889,1467.0,1007.9323120117188,459.06768798828125,27.538553568583158
"HUST","HUST_6-1.pkl","absolute_cycle","500_cycles",500.0,1667,500,0.2999400198459625,1167.0,1124.4400634765625,42.5599365234375,2.5530855742913916
"HUST","HUST_6-2.pkl","life_fraction","20%",0.20000000298023224,1972,394,0.1997971534729004,1578.0,1085.2493896484375,492.7506103515625,24.987353466103574
"HUST","HUST_6-2.pkl","life_fraction","40%",0.4000000059604645,1972,789,0.4001014232635498,1183.0,1215.1448974609375,32.1448974609375,1.6300657941651877
"HUST","HUST_6-2.pkl","life_fraction","60%",0.6000000238418579,1972,1183,0.5998985767364502,789.0,1090.1468505859375,301.1468505859375,15.271138467846729
"HUST","HUST_6-2.pkl","life_fraction","80%",0.800000011920929,1972,1578,0.8002028465270996,394.0,965.8187255859375,571.8187255859375,28.996892778191558
"HUST","HUST_6-2.pkl","absolute_cycle","20_cycles",20.0,1972,20,0.010141988284885883,1952.0,485.8726501464844,1466.1273193359375,74.34722714685282
"HUST","HUST_6-2.pkl","absolute_cycle","50_cycles",50.0,1972,50,0.02535497024655342,1922.0,378.7605285644531,1543.239501953125,78.25758123494549
"HUST","HUST_6-2.pkl","absolute_cycle","100_cycles",100.0,1972,100,0.05070994049310684,1872.0,615.5879516601562,1256.412109375,63.712581611308316
"HUST","HUST_6-2.pkl","absolute_cycle","200_cycles",200.0,1972,200,0.10141988098621368,1772.0,998.790771484375,773.209228515625,39.20939292675583
"HUST","HUST_6-2.pkl","absolute_cycle","500_cycles",500.0,1972,500,0.2535496950149536,1472.0,1116.6087646484375,355.3912353515625,18.021867918436232
"HUST","HUST_6-3.pkl","life_fraction","20%",0.20000000298023224,1869,374,0.20010700821876526,1495.0,1063.3580322265625,431.6419677734375,23.094808334587345
"HUST","HUST_6-3.pkl","life_fraction","40%",0.4000000059604645,1869,748,0.4002140164375305,1121.0,1116.99365234375,4.00634765625,0.21435782002407705
"HUST","HUST_6-3.pkl","life_fraction","60%",0.6000000238418579,1869,1121,0.5997859835624695,748.0,1025.555908203125,277.555908203125,14.850503381654628
"HUST","HUST_6-3.pkl","life_fraction","80%",0.800000011920929,1869,1495,0.7998929619789124,374.0,660.44873046875,286.44873046875,15.32630981641252
"HUST","HUST_6-3.pkl","absolute_cycle","20_cycles",20.0,1869,20,0.010700909420847893,1849.0,502.1542053222656,1346.8458251953125,72.06237694998997
"HUST","HUST_6-3.pkl","absolute_cycle","50_cycles",50.0,1869,50,0.026752274483442307,1819.0,373.78033447265625,1445.2197265625,77.3258280664794
"HUST","HUST_6-3.pkl","absolute_cycle","100_cycles",100.0,1869,100,0.05350454896688461,1769.0,615.9979248046875,1153.0020751953125,61.69085474560259
"HUST","HUST_6-3.pkl","absolute_cycle","200_cycles",200.0,1869,200,0.10700909793376923,1669.0,995.723388671875,673.276611328125,36.023360691713485
"HUST","HUST_6-3.pkl","absolute_cycle","500_cycles",500.0,1869,500,0.26752275228500366,1369.0,1081.6895751953125,287.3104248046875,15.372414382273275
"HUST","HUST_6-4.pkl","life_fraction","20%",0.20000000298023224,1779,356,0.20011241734027863,1423.0,1043.066162109375,379.933837890625,21.356595721788928
"HUST","HUST_6-4.pkl","life_fraction","40%",0.4000000059604645,1779,712,0.40022483468055725,1067.0,1015.7164916992188,51.28350830078125,2.8827154750298623
"HUST","HUST_6-4.pkl","life_fraction","60%",0.6000000238418579,1779,1067,0.5997751355171204,712.0,884.651123046875,172.651123046875,9.704953515844576
"HUST","HUST_6-4.pkl","life_fraction","80%",0.800000011920929,1779,1423,0.7998875975608826,356.0,708.1552734375,352.1552734375,19.79512498243395
"HUST","HUST_6-4.pkl","absolute_cycle","20_cycles",20.0,1779,20,0.011242271400988102,1759.0,638.569580078125,1120.430419921875,62.98091174378162
"HUST","HUST_6-4.pkl","absolute_cycle","50_cycles",50.0,1779,50,0.028105678036808968,1729.0,389.9625244140625,1339.0374755859375,75.26911048824832
"HUST","HUST_6-4.pkl","absolute_cycle","100_cycles",100.0,1779,100,0.056211356073617935,1679.0,550.1094970703125,1128.8905029296875,63.456464470471474
"HUST","HUST_6-4.pkl","absolute_cycle","200_cycles",200.0,1779,200,0.11242271214723587,1579.0,961.3939208984375,617.6060791015625,34.71647437333122
"HUST","HUST_6-4.pkl","absolute_cycle","500_cycles",500.0,1779,500,0.2810567617416382,1279.0,1034.7041015625,244.2958984375,13.73220339727375
"HUST","HUST_6-5.pkl","life_fraction","20%",0.20000000298023224,2255,451,0.20000000298023224,1804.0,1000.8973388671875,803.1026611328125,35.6143086976857
"HUST","HUST_6-5.pkl","life_fraction","40%",0.4000000059604645,2255,902,0.4000000059604645,1353.0,1026.1014404296875,326.8985595703125,14.496610180501664
"HUST","HUST_6-5.pkl","life_fraction","60%",0.6000000238418579,2255,1353,0.6000000238418579,902.0,946.0198974609375,44.0198974609375,1.9521018829684036
"HUST","HUST_6-5.pkl","life_fraction","80%",0.800000011920929,2255,1804,0.800000011920929,451.0,767.7412109375,316.7412109375,14.046173434035477
"HUST","HUST_6-5.pkl","absolute_cycle","20_cycles",20.0,2255,20,0.008869179524481297,2235.0,613.2687377929688,1621.731201171875,71.91712643777716
"HUST","HUST_6-5.pkl","absolute_cycle","50_cycles",50.0,2255,50,0.022172948345541954,2205.0,371.48419189453125,1833.515869140625,81.30890772242239
"HUST","HUST_6-5.pkl","absolute_cycle","100_cycles",100.0,2255,100,0.04434589669108391,2155.0,574.2117309570312,1580.788330078125,70.10147805224501
"HUST","HUST_6-5.pkl","absolute_cycle","200_cycles",200.0,2255,200,0.08869179338216782,2055.0,968.0739135742188,1086.926025390625,48.20071066033814
"HUST","HUST_6-5.pkl","absolute_cycle","500_cycles",500.0,2255,500,0.22172948718070984,1755.0,998.5429077148438,756.4570922851562,33.5457690592087
"HUST","HUST_6-6.pkl","life_fraction","20%",0.20000000298023224,2542,508,0.1998426467180252,2034.0,1192.0479736328125,841.9520263671875,33.121637543949156
"HUST","HUST_6-6.pkl","life_fraction","40%",0.4000000059604645,2542,1017,0.400078684091568,1525.0,1445.507080078125,79.492919921875,3.127180170018686
"HUST","HUST_6-6.pkl","life_fraction","60%",0.6000000238418579,2542,1525,0.5999213457107544,1017.0,1539.1776123046875,522.1776123046875,20.541998910491248
"HUST","HUST_6-6.pkl","life_fraction","80%",0.800000011920929,2542,2034,0.800157368183136,508.0,1529.14599609375,1021.14599609375,40.17096758826711
"HUST","HUST_6-6.pkl","absolute_cycle","20_cycles",20.0,2542,20,0.00786782056093216,2522.0,475.196044921875,2046.803955078125,80.51943174972955
"HUST","HUST_6-6.pkl","absolute_cycle","50_cycles",50.0,2542,50,0.0196695514023304,2492.0,386.67889404296875,2105.321044921875,82.82144157835857
"HUST","HUST_6-6.pkl","absolute_cycle","100_cycles",100.0,2542,100,0.0393391028046608,2442.0,603.5726928710938,1838.42724609375,72.32207891792879
"HUST","HUST_6-6.pkl","absolute_cycle","200_cycles",200.0,2542,200,0.0786782056093216,2342.0,989.875732421875,1352.124267578125,53.19135592360838
"HUST","HUST_6-6.pkl","absolute_cycle","500_cycles",500.0,2542,500,0.19669552147388458,2042.0,1184.2818603515625,857.7181396484375,33.741862299309105
"HUST","HUST_6-8.pkl","life_fraction","20%",0.20000000298023224,2574,515,0.20007769763469696,2059.0,1073.7047119140625,985.2952880859375,38.278760220898896
"HUST","HUST_6-8.pkl","life_fraction","40%",0.4000000059604645,2574,1030,0.4001553952693939,1544.0,1150.156005859375,393.843994140625,15.300854473217754
"HUST","HUST_6-8.pkl","life_fraction","60%",0.6000000238418579,2574,1544,0.5998445749282837,1030.0,939.1503295898438,90.84967041015625,3.529513224947795
"HUST","HUST_6-8.pkl","life_fraction","80%",0.800000011920929,2574,2059,0.7999222874641418,515.0,717.7706298828125,202.7706298828125,7.8776468485941145
"HUST","HUST_6-8.pkl","absolute_cycle","20_cycles",20.0,2574,20,0.0077700079418718815,2554.0,606.5626220703125,1947.4373779296875,75.65801779058614
"HUST","HUST_6-8.pkl","absolute_cycle","50_cycles",50.0,2574,50,0.01942501962184906,2524.0,372.85076904296875,2151.149169921875,83.57222882369366
"HUST","HUST_6-8.pkl","absolute_cycle","100_cycles",100.0,2574,100,0.03885003924369812,2474.0,588.0746459960938,1885.92529296875,73.26827090010684
"HUST","HUST_6-8.pkl","absolute_cycle","200_cycles",200.0,2574,200,0.07770007848739624,2374.0,985.6287231445312,1388.371337890625,53.9382804153312
"HUST","HUST_6-8.pkl","absolute_cycle","500_cycles",500.0,2574,500,0.1942501962184906,2074.0,1071.205810546875,1002.794189453125,38.95859321884713
"HUST","HUST_7-1.pkl","life_fraction","20%",0.20000000298023224,1752,350,0.1997716873884201,1402.0,1023.6222534179688,378.37774658203125,21.596903343723245
"HUST","HUST_7-1.pkl","life_fraction","40%",0.4000000059604645,1752,701,0.40011414885520935,1051.0,1061.585205078125,10.585205078125,0.6041783720390982
"HUST","HUST_7-1.pkl","life_fraction","60%",0.6000000238418579,1752,1051,0.5998858213424683,701.0,939.2937622070312,238.29376220703125,13.601242135104524
"HUST","HUST_7-1.pkl","life_fraction","80%",0.800000011920929,1752,1402,0.8002282977104187,350.0,722.1607666015625,372.1607666015625,21.24205288821704
"HUST","HUST_7-1.pkl","absolute_cycle","20_cycles",20.0,1752,20,0.01141552533954382,1732.0,694.6074829101562,1037.392578125,59.211905144121005
"HUST","HUST_7-1.pkl","absolute_cycle","50_cycles",50.0,1752,50,0.028538811951875687,1702.0,602.8616333007812,1099.138427734375,62.736211628674376
"HUST","HUST_7-1.pkl","absolute_cycle","100_cycles",100.0,1752,100,0.05707762390375137,1652.0,445.6644287109375,1206.3355712890625,68.85477005074557
"HUST","HUST_7-1.pkl","absolute_cycle","200_cycles",200.0,1752,200,0.11415524780750275,1552.0,763.0977783203125,788.9022216796875,45.02866562098673
"HUST","HUST_7-1.pkl","absolute_cycle","500_cycles",500.0,1752,500,0.28538814187049866,1252.0,1064.6895751953125,187.3104248046875,10.691234292504994
"HUST","HUST_7-2.pkl","life_fraction","20%",0.20000000298023224,2088,418,0.20019157230854034,1670.0,1042.6849365234375,627.3150634765625,30.043824879145713
"HUST","HUST_7-2.pkl","life_fraction","40%",0.4000000059604645,2088,835,0.3999042212963104,1253.0,1099.80712890625,153.19287109375,7.336823328244732
"HUST","HUST_7-2.pkl","life_fraction","60%",0.6000000238418579,2088,1253,0.600095808506012,835.0,1075.1292724609375,240.1292724609375,11.500444083378232
"HUST","HUST_7-2.pkl","life_fraction","80%",0.800000011920929,2088,1670,0.7998084425926208,418.0,826.8452758789062,408.84527587890625,19.58071244630777
"HUST","HUST_7-2.pkl","absolute_cycle","20_cycles",20.0,2088,20,0.009578543715178967,2068.0,682.4327392578125,1385.5672607421875,66.35858528458752
"HUST","HUST_7-2.pkl","absolute_cycle","50_cycles",50.0,2088,50,0.023946359753608704,2038.0,560.1619262695312,1477.838134765625,70.77768844662955
"HUST","HUST_7-2.pkl","absolute_cycle","100_cycles",100.0,2088,100,0.04789271950721741,1988.0,393.22509765625,1594.77490234375,76.37810834979646
"HUST","HUST_7-2.pkl","absolute_cycle","200_cycles",200.0,2088,200,0.09578543901443481,1888.0,770.7654418945312,1117.234619140625,53.507405131255986
"HUST","HUST_7-2.pkl","absolute_cycle","500_cycles",500.0,2088,500,0.23946359753608704,1588.0,1070.3717041015625,517.6282958984375,24.79062719820103
"HUST","HUST_7-3.pkl","life_fraction","20%",0.20000000298023224,1318,264,0.20030349493026733,1054.0,603.053466796875,450.946533203125,34.21445623695941
"HUST","HUST_7-3.pkl","life_fraction","40%",0.4000000059604645,1318,527,0.39984825253486633,791.0,968.8255615234375,177.8255615234375,13.492075988121206
"HUST","HUST_7-3.pkl","life_fraction","60%",0.6000000238418579,1318,791,0.6001517176628113,527.0,1207.55224609375,680.55224609375,51.63522352759863
"HUST","HUST_7-3.pkl","life_fraction","80%",0.800000011920929,1318,1054,0.7996965050697327,264.0,1583.901611328125,1319.901611328125,100.1442800704192
"HUST","HUST_7-3.pkl","absolute_cycle","20_cycles",20.0,1318,20,0.015174507163465023,1298.0,726.6338500976562,571.3661499023438,43.35099771641455
"HUST","HUST_7-3.pkl","absolute_cycle","50_cycles",50.0,1318,50,0.037936266511678696,1268.0,708.4306030273438,559.5693969726562,42.45594817698454
"HUST","HUST_7-3.pkl","absolute_cycle","100_cycles",100.0,1318,100,0.07587253302335739,1218.0,691.5269165039062,526.4730834960938,39.94484700273853
"HUST","HUST_7-3.pkl","absolute_cycle","200_cycles",200.0,1318,200,0.15174506604671478,1118.0,668.8925170898438,449.10748291015625,34.07492283081611
"HUST","HUST_7-3.pkl","absolute_cycle","500_cycles",500.0,1318,500,0.37936267256736755,818.0,940.371826171875,122.371826171875,9.284660559322838
"HUST","HUST_7-4.pkl","life_fraction","20%",0.20000000298023224,1421,284,0.19985924661159515,1137.0,823.6040649414062,313.39593505859375,22.054604859858813
"HUST","HUST_7-4.pkl","life_fraction","40%",0.4000000059604645,1421,568,0.3997184932231903,853.0,1141.417724609375,288.417724609375,20.29681383598698
"HUST","HUST_7-4.pkl","life_fraction","60%",0.6000000238418579,1421,853,0.6002814769744873,568.0,1395.579345703125,827.579345703125,58.23922207622273
"HUST","HUST_7-4.pkl","life_fraction","80%",0.800000011920929,1421,1137,0.8001407384872437,284.0,1437.8984375,1153.8984375,81.20326794510908
"HUST","HUST_7-4.pkl","absolute_cycle","20_cycles",20.0,1421,20,0.014074595645070076,1401.0,711.3526000976562,689.6473999023438,48.532540457589285
"HUST","HUST_7-4.pkl","absolute_cycle","50_cycles",50.0,1421,50,0.035186488181352615,1371.0,655.404541015625,715.595458984375,50.35858261677516
"HUST","HUST_7-4.pkl","absolute_cycle","100_cycles",100.0,1421,100,0.07037297636270523,1321.0,598.6991577148438,722.3008422851562,50.83046040008137
"HUST","HUST_7-4.pkl","absolute_cycle","200_cycles",200.0,1421,200,0.14074595272541046,1221.0,431.5122375488281,789.48779296875,55.55860612024983
"HUST","HUST_7-4.pkl","absolute_cycle","500_cycles",500.0,1421,500,0.35186487436294556,921.0,1107.728515625,186.728515625,13.140641493666433
"HUST","HUST_7-5.pkl","life_fraction","20%",0.20000000298023224,1907,381,0.19979023933410645,1526.0,1033.732666015625,492.267333984375,25.813703932059518
"HUST","HUST_7-5.pkl","life_fraction","40%",0.4000000059604645,1907,763,0.4001048803329468,1144.0,1268.8040771484375,124.8040771484375,6.544524234317645
"HUST","HUST_7-5.pkl","life_fraction","60%",0.6000000238418579,1907,1144,0.5998951196670532,763.0,1475.43994140625,712.43994140625,37.35919986398794
"HUST","HUST_7-5.pkl","life_fraction","80%",0.800000011920929,1907,1526,0.8002097606658936,381.0,1260.25439453125,879.25439453125,46.10668036346355
"HUST","HUST_7-5.pkl","absolute_cycle","20_cycles",20.0,1907,20,0.010487676598131657,1887.0,681.9095458984375,1205.0904541015625,63.19299706877622
"HUST","HUST_7-5.pkl","absolute_cycle","50_cycles",50.0,1907,50,0.026219192892313004,1857.0,588.7651977539062,1268.23486328125,66.50418790148139
"HUST","HUST_7-5.pkl","absolute_cycle","100_cycles",100.0,1907,100,0.05243838578462601,1807.0,399.373291015625,1407.626708984375,73.81367115806896
"HUST","HUST_7-5.pkl","absolute_cycle","200_cycles",200.0,1907,200,0.10487677156925201,1707.0,773.7317504882812,933.2682495117188,48.93907968074036
"HUST","HUST_7-5.pkl","absolute_cycle","500_cycles",500.0,1907,500,0.26219192147254944,1407.0,1096.6072998046875,310.3927001953125,16.276491882292213
"HUST","HUST_7-6.pkl","life_fraction","20%",0.20000000298023224,1450,290,0.20000000298023224,1160.0,923.05810546875,236.94189453125,16.3408203125
"HUST","HUST_7-6.pkl","life_fraction","40%",0.4000000059604645,1450,580,0.4000000059604645,870.0,1143.62060546875,273.62060546875,18.870386584051722
"HUST","HUST_7-6.pkl","life_fraction","60%",0.6000000238418579,1450,870,0.6000000238418579,580.0,1273.7830810546875,693.7830810546875,47.84710903825431
"HUST","HUST_7-6.pkl","life_fraction","80%",0.800000011920929,1450,1160,0.800000011920929,290.0,1169.1693115234375,879.1693115234375,60.632366311961206
"HUST","HUST_7-6.pkl","absolute_cycle","20_cycles",20.0,1450,20,0.013793103396892548,1430.0,707.1246948242188,722.8753051757812,49.853469322467674
"HUST","HUST_7-6.pkl","absolute_cycle","50_cycles",50.0,1450,50,0.03448275849223137,1400.0,651.3033447265625,748.6966552734375,51.63425208782328
"HUST","HUST_7-6.pkl","absolute_cycle","100_cycles",100.0,1450,100,0.06896551698446274,1350.0,571.8405151367188,778.1594848632812,53.66617136988147
"HUST","HUST_7-6.pkl","absolute_cycle","200_cycles",200.0,1450,200,0.13793103396892548,1250.0,609.84228515625,640.15771484375,44.14880792025862
"HUST","HUST_7-6.pkl","absolute_cycle","500_cycles",500.0,1450,500,0.3448275923728943,950.0,1112.5638427734375,162.5638427734375,11.211299501616379
"HUST","HUST_7-7.pkl","life_fraction","20%",0.20000000298023224,1726,345,0.19988413155078888,1381.0,1036.3099365234375,344.6900634765625,19.97045558960385
"HUST","HUST_7-7.pkl","life_fraction","40%",0.4000000059604645,1726,690,0.39976826310157776,1036.0,1185.4794921875,149.4794921875,8.660457253041715
"HUST","HUST_7-7.pkl","life_fraction","60%",0.6000000238418579,1726,1036,0.6002317667007446,690.0,1285.2603759765625,595.2603759765625,34.48785492332343
"HUST","HUST_7-7.pkl","life_fraction","80%",0.800000011920929,1726,1381,0.8001158833503723,345.0,1215.749267578125,870.749267578125,50.448972629091834
"HUST","HUST_7-7.pkl","absolute_cycle","20_cycles",20.0,1726,20,0.011587485671043396,1706.0,713.867919921875,992.132080078125,57.4815805375507
"HUST","HUST_7-7.pkl","absolute_cycle","50_cycles",50.0,1726,50,0.02896871417760849,1676.0,645.2192993164062,1030.78076171875,59.72078573109791
"HUST","HUST_7-7.pkl","absolute_cycle","100_cycles",100.0,1726,100,0.05793742835521698,1626.0,538.2689819335938,1087.73095703125,63.02033354758111
"HUST","HUST_7-7.pkl","absolute_cycle","200_cycles",200.0,1726,200,0.11587485671043396,1526.0,680.6914672851562,845.3085327148438,48.97500189541389
"HUST","HUST_7-7.pkl","absolute_cycle","500_cycles",500.0,1726,500,0.2896871268749237,1226.0,1112.459716796875,113.540283203125,6.578231935291136
"HUST","HUST_7-8.pkl","life_fraction","20%",0.20000000298023224,1975,395,0.20000000298023224,1580.0,1127.62158203125,452.37841796875,22.9052363528481
"HUST","HUST_7-8.pkl","life_fraction","40%",0.4000000059604645,1975,790,0.4000000059604645,1185.0,1479.096923828125,294.096923828125,14.890983484968354
"HUST","HUST_7-8.pkl","life_fraction","60%",0.6000000238418579,1975,1185,0.6000000238418579,790.0,1462.341552734375,672.341552734375,34.04261026503165
"HUST","HUST_7-8.pkl","life_fraction","80%",0.800000011920929,1975,1580,0.800000011920929,395.0,1281.7850341796875,886.7850341796875,44.90050805973101
"HUST","HUST_7-8.pkl","absolute_cycle","20_cycles",20.0,1975,20,0.010126582346856594,1955.0,640.7219848632812,1314.278076171875,66.54572537579114
"HUST","HUST_7-8.pkl","absolute_cycle","50_cycles",50.0,1975,50,0.025316456332802773,1925.0,422.1059875488281,1502.89404296875,76.09590090981013
"HUST","HUST_7-8.pkl","absolute_cycle","100_cycles",100.0,1975,100,0.050632912665605545,1875.0,473.64385986328125,1401.356201171875,70.95474436313292
"HUST","HUST_7-8.pkl","absolute_cycle","200_cycles",200.0,1975,200,0.10126582533121109,1775.0,924.9198608398438,850.0801391601562,43.04203236253956
"HUST","HUST_7-8.pkl","absolute_cycle","500_cycles",500.0,1975,500,0.2531645596027374,1475.0,1188.438720703125,286.561279296875,14.509431863132912
"HUST","HUST_8-1.pkl","life_fraction","20%",0.20000000298023224,1338,268,0.2002989500761032,1070.0,1064.0667724609375,5.9332275390625,0.443440025340994
"HUST","HUST_8-1.pkl","life_fraction","40%",0.4000000059604645,1338,535,0.3998505175113678,803.0,1117.83935546875,314.83935546875,23.530594579129296
"HUST","HUST_8-1.pkl","life_fraction","60%",0.6000000238418579,1338,803,0.6001494526863098,535.0,1056.431640625,521.431640625,38.97097463565022
"HUST","HUST_8-1.pkl","life_fraction","80%",0.800000011920929,1338,1070,0.7997010350227356,268.0,811.355712890625,543.355712890625,40.60954505909006
"HUST","HUST_8-1.pkl","absolute_cycle","20_cycles",20.0,1338,20,0.014947683550417423,1318.0,646.1005859375,671.8994140625,50.21669761304185
"HUST","HUST_8-1.pkl","absolute_cycle","50_cycles",50.0,1338,50,0.03736920654773712,1288.0,401.5032043457031,886.496826171875,66.25536817428065
"HUST","HUST_8-1.pkl","absolute_cycle","100_cycles",100.0,1338,100,0.07473841309547424,1238.0,558.4642333984375,679.5357666015625,50.78742650235893
"HUST","HUST_8-1.pkl","absolute_cycle","200_cycles",200.0,1338,200,0.1494768261909485,1138.0,1003.118408203125,134.881591796875,10.080836457165546
"HUST","HUST_8-1.pkl","absolute_cycle","500_cycles",500.0,1338,500,0.3736920654773712,838.0,1105.421630859375,267.421630859375,19.986668973047458
"HUST","HUST_8-2.pkl","life_fraction","20%",0.20000000298023224,2100,420,0.20000000298023224,1680.0,1075.0552978515625,604.9447021484375,28.806890578497026
"HUST","HUST_8-2.pkl","life_fraction","40%",0.4000000059604645,2100,840,0.4000000059604645,1260.0,1172.6053466796875,87.3946533203125,4.161650158110119
"HUST","HUST_8-2.pkl","life_fraction","60%",0.6000000238418579,2100,1260,0.6000000238418579,840.0,889.8365478515625,49.8365478515625,2.3731689453125
"HUST","HUST_8-2.pkl","life_fraction","80%",0.800000011920929,2100,1680,0.800000011920929,420.0,621.6459350585938,201.64593505859375,9.60218738374256
"HUST","HUST_8-2.pkl","absolute_cycle","20_cycles",20.0,2100,20,0.009523809887468815,2080.0,594.6743774414062,1485.32568359375,70.72979445684524
"HUST","HUST_8-2.pkl","absolute_cycle","50_cycles",50.0,2100,50,0.02380952425301075,2050.0,376.3514404296875,1673.6485595703125,79.69755045572917
"HUST","HUST_8-2.pkl","absolute_cycle","100_cycles",100.0,2100,100,0.0476190485060215,2000.0,620.8460083007812,1379.154052734375,65.67400251116071
"HUST","HUST_8-2.pkl","absolute_cycle","200_cycles",200.0,2100,200,0.095238097012043,1900.0,1010.7892456054688,889.2107543945312,42.34336925688244
"HUST","HUST_8-2.pkl","absolute_cycle","500_cycles",500.0,2100,500,0.2380952388048172,1600.0,1093.607177734375,506.392822265625,24.113943917410715
"HUST","HUST_8-3.pkl","life_fraction","20%",0.20000000298023224,2338,468,0.2001710832118988,1870.0,1103.197998046875,766.802001953125,32.7973482443595
"HUST","HUST_8-3.pkl","life_fraction","40%",0.4000000059604645,2338,935,0.3999144434928894,1403.0,1279.342529296875,123.657470703125,5.289027831613558
"HUST","HUST_8-3.pkl","life_fraction","60%",0.6000000238418579,2338,1403,0.6000855565071106,935.0,1021.29150390625,86.29150390625,3.690825658949957
"HUST","HUST_8-3.pkl","life_fraction","80%",0.800000011920929,2338,1870,0.7998288869857788,468.0,662.564697265625,194.564697265625,8.321843338991659
"HUST","HUST_8-3.pkl","absolute_cycle","20_cycles",20.0,2338,20,0.008554319851100445,2318.0,491.5708923339844,1826.4290771484375,78.11929329120777
"HUST","HUST_8-3.pkl","absolute_cycle","50_cycles",50.0,2338,50,0.0213858000934124,2288.0,379.63763427734375,1908.3623046875,81.62370849818221
"HUST","HUST_8-3.pkl","absolute_cycle","100_cycles",100.0,2338,100,0.0427716001868248,2238.0,636.3702392578125,1601.6297607421875,68.50426692652641
"HUST","HUST_8-3.pkl","absolute_cycle","200_cycles",200.0,2338,200,0.0855432003736496,2138.0,996.4375,1141.5625,48.826454234388365
"HUST","HUST_8-3.pkl","absolute_cycle","500_cycles",500.0,2338,500,0.2138579934835434,1838.0,1114.4578857421875,723.5421142578125,30.947053646613025
"HUST","HUST_8-4.pkl","life_fraction","20%",0.20000000298023224,1938,388,0.20020639896392822,1550.0,1054.9290771484375,495.0709228515625,25.54545525549858
"HUST","HUST_8-4.pkl","life_fraction","40%",0.4000000059604645,1938,775,0.3998968005180359,1163.0,1123.17919921875,39.82080078125,2.0547368824174406
"HUST","HUST_8-4.pkl","life_fraction","60%",0.6000000238418579,1938,1163,0.6001031994819641,775.0,879.494140625,104.494140625,5.391854521413829
"HUST","HUST_8-4.pkl","life_fraction","80%",0.800000011920929,1938,1550,0.7997936010360718,388.0,642.4028930664062,254.40289306640625,13.127084265552439
"HUST","HUST_8-4.pkl","absolute_cycle","20_cycles",20.0,1938,20,0.01031991746276617,1918.0,616.2160034179688,1301.783935546875,67.17151370210914
"HUST","HUST_8-4.pkl","absolute_cycle","50_cycles",50.0,1938,50,0.025799794122576714,1888.0,375.8569641113281,1512.14306640625,78.02595801889835
"HUST","HUST_8-4.pkl","absolute_cycle","100_cycles",100.0,1938,100,0.05159958824515343,1838.0,598.3275146484375,1239.6724853515625,63.96658851143253
"HUST","HUST_8-4.pkl","absolute_cycle","200_cycles",200.0,1938,200,0.10319917649030685,1738.0,989.5526123046875,748.4473876953125,38.619576248468135
"HUST","HUST_8-4.pkl","absolute_cycle","500_cycles",500.0,1938,500,0.25799793004989624,1438.0,1065.617919921875,372.382080078125,19.21476161393834
"HUST","HUST_8-5.pkl","life_fraction","20%",0.20000000298023224,1382,276,0.19971056282520294,1106.0,1056.314697265625,49.685302734375,3.595173859216715
"HUST","HUST_8-5.pkl","life_fraction","40%",0.4000000059604645,1382,553,0.4001447260379791,829.0,1158.4425048828125,329.4425048828125,23.838097314241136
"HUST","HUST_8-5.pkl","life_fraction","60%",0.6000000238418579,1382,829,0.5998553037643433,553.0,1237.8900146484375,684.8900146484375,49.5578881800606
"HUST","HUST_8-5.pkl","life_fraction","80%",0.800000011920929,1382,1106,0.8002894520759583,276.0,1199.1282958984375,923.1282958984375,66.79654818367854
"HUST","HUST_8-5.pkl","absolute_cycle","20_cycles",20.0,1382,20,0.014471779577434063,1362.0,674.53076171875,687.46923828125,49.74451796535818
"HUST","HUST_8-5.pkl","absolute_cycle","50_cycles",50.0,1382,50,0.036179449409246445,1332.0,529.011962890625,802.988037109375,58.103331194600216
"HUST","HUST_8-5.pkl","absolute_cycle","100_cycles",100.0,1382,100,0.07235889881849289,1282.0,415.021484375,866.978515625,62.733611839725036
"HUST","HUST_8-5.pkl","absolute_cycle","200_cycles",200.0,1382,200,0.14471779763698578,1182.0,929.5633544921875,252.4366455078125,18.26603802516733
"HUST","HUST_8-5.pkl","absolute_cycle","500_cycles",500.0,1382,500,0.36179450154304504,882.0,1133.1177978515625,251.1177978515625,18.17060765930264
"HUST","HUST_8-6.pkl","life_fraction","20%",0.20000000298023224,2436,487,0.19991789758205414,1949.0,1113.2303466796875,835.7696533203125,34.30909906897835
"HUST","HUST_8-6.pkl","life_fraction","40%",0.4000000059604645,2436,974,0.3998357951641083,1462.0,1266.1197509765625,195.8802490234375,8.041061125756876
"HUST","HUST_8-6.pkl","life_fraction","60%",0.6000000238418579,2436,1462,0.6001641750335693,974.0,1029.369384765625,55.369384765625,2.2729632498204024
"HUST","HUST_8-6.pkl","life_fraction","80%",0.800000011920929,2436,1949,0.8000820875167847,487.0,742.0572509765625,255.0572509765625,10.470330499858887
"HUST","HUST_8-6.pkl","absolute_cycle","20_cycles",20.0,2436,20,0.008210180327296257,2416.0,666.9073486328125,1749.0926513671875,71.80183297894858
"HUST","HUST_8-6.pkl","absolute_cycle","50_cycles",50.0,2436,50,0.020525451749563217,2386.0,500.0516357421875,1885.9483642578125,77.41988359022218
"HUST","HUST_8-6.pkl","absolute_cycle","100_cycles",100.0,2436,100,0.041050903499126434,2336.0,435.4227294921875,1900.5772705078125,78.02041340344059
"HUST","HUST_8-6.pkl","absolute_cycle","200_cycles",200.0,2436,200,0.08210180699825287,2236.0,932.9814453125,1303.0185546875,53.49008845186781
"HUST","HUST_8-6.pkl","absolute_cycle","500_cycles",500.0,2436,500,0.20525451004505157,1936.0,1116.9765625,819.0234375,33.621651785714285
"HUST","HUST_8-7.pkl","life_fraction","20%",0.20000000298023224,2116,423,0.19990548491477966,1693.0,1061.3399658203125,631.6600341796875,29.851608420590146
"HUST","HUST_8-7.pkl","life_fraction","40%",0.4000000059604645,2116,846,0.3998109698295593,1270.0,1116.0684814453125,153.9315185546875,7.274646434531546
"HUST","HUST_8-7.pkl","life_fraction","60%",0.6000000238418579,2116,1270,0.6001890301704407,846.0,935.2608642578125,89.2608642578125,4.218377327873936
"HUST","HUST_8-7.pkl","life_fraction","80%",0.800000011920929,2116,1693,0.8000945448875427,423.0,709.3858642578125,286.3858642578125,13.534303603866375
"HUST","HUST_8-7.pkl","absolute_cycle","20_cycles",20.0,2116,20,0.009451796300709248,2096.0,654.4199829101562,1441.580078125,68.12760293596408
"HUST","HUST_8-7.pkl","absolute_cycle","50_cycles",50.0,2116,50,0.02362949028611183,2066.0,429.60626220703125,1636.393798828125,77.33430051172614
"HUST","HUST_8-7.pkl","absolute_cycle","100_cycles",100.0,2116,100,0.04725898057222366,2016.0,515.16650390625,1500.83349609375,70.92785898363658
"HUST","HUST_8-7.pkl","absolute_cycle","200_cycles",200.0,2116,200,0.09451796114444733,1916.0,969.0753173828125,946.9246826171875,44.750693885500354
"HUST","HUST_8-7.pkl","absolute_cycle","500_cycles",500.0,2116,500,0.23629489541053772,1616.0,1059.978271484375,556.021728515625,26.277019306031427
"HUST","HUST_8-8.pkl","life_fraction","20%",0.20000000298023224,1722,344,0.19976770877838135,1378.0,1063.669677734375,314.330322265625,18.253793395216316
"HUST","HUST_8-8.pkl","life_fraction","40%",0.4000000059604645,1722,689,0.4001161456108093,1033.0,1124.7557373046875,91.7557373046875,5.328440029308217
"HUST","HUST_8-8.pkl","life_fraction","60%",0.6000000238418579,1722,1033,0.5998838543891907,689.0,1051.9766845703125,362.9766845703125,21.07878539897285
"HUST","HUST_8-8.pkl","life_fraction","80%",0.800000011920929,1722,1378,0.8002322912216187,344.0,656.1705932617188,312.17059326171875,18.128373592434308
"HUST","HUST_8-8.pkl","absolute_cycle","20_cycles",20.0,1722,20,0.011614401824772358,1702.0,542.18115234375,1159.81884765625,67.35301089757549
"HUST","HUST_8-8.pkl","absolute_cycle","50_cycles",50.0,1722,50,0.029036004096269608,1672.0,370.10650634765625,1301.8935546875,75.60357460438443
"HUST","HUST_8-8.pkl","absolute_cycle","100_cycles",100.0,1722,100,0.058072008192539215,1622.0,604.6373901367188,1017.3626098632812,59.08029093282702
"HUST","HUST_8-8.pkl","absolute_cycle","200_cycles",200.0,1722,200,0.11614401638507843,1522.0,988.7197875976562,533.2802124023438,30.96865344961346
"HUST","HUST_8-8.pkl","absolute_cycle","500_cycles",500.0,1722,500,0.2903600335121155,1222.0,1088.0396728515625,133.9603271484375,7.7793453628593205
"HUST","HUST_9-1.pkl","life_fraction","20%",0.20000000298023224,2106,421,0.19990503787994385,1685.0,1096.2608642578125,588.7391357421875,27.955324584149455
"HUST","HUST_9-1.pkl","life_fraction","40%",0.4000000059604645,2106,842,0.3998100757598877,1264.0,1147.153076171875,116.846923828125,5.54828698139245
"HUST","HUST_9-1.pkl","life_fraction","60%",0.6000000238418579,2106,1264,0.6001899242401123,842.0,1138.2843017578125,296.2843017578125,14.06858033038046
"HUST","HUST_9-1.pkl","life_fraction","80%",0.800000011920929,2106,1685,0.8000949621200562,421.0,681.517578125,260.517578125,12.370255371557455
"HUST","HUST_9-1.pkl","absolute_cycle","20_cycles",20.0,2106,20,0.009496675804257393,2086.0,640.9362182617188,1445.063720703125,68.61651095456433
"HUST","HUST_9-1.pkl","absolute_cycle","50_cycles",50.0,2106,50,0.023741690441966057,2056.0,395.5172119140625,1660.4827880859375,78.84533656628383
"HUST","HUST_9-1.pkl","absolute_cycle","100_cycles",100.0,2106,100,0.047483380883932114,2006.0,527.33349609375,1478.66650390625,70.21208470589981
"HUST","HUST_9-1.pkl","absolute_cycle","200_cycles",200.0,2106,200,0.09496676176786423,1906.0,961.9190673828125,944.0809326171875,44.828154445260566
"HUST","HUST_9-1.pkl","absolute_cycle","500_cycles",500.0,2106,500,0.23741690814495087,1606.0,1108.2012939453125,497.7987060546875,23.637165529662273
"HUST","HUST_9-2.pkl","life_fraction","20%",0.20000000298023224,2189,438,0.20009136199951172,1751.0,1128.7318115234375,622.2681884765625,28.42705292263876
"HUST","HUST_9-2.pkl","life_fraction","40%",0.4000000059604645,2189,876,0.40018272399902344,1313.0,1411.425537109375,98.425537109375,4.4963698999257655
"HUST","HUST_9-2.pkl","life_fraction","60%",0.6000000238418579,2189,1313,0.5998172760009766,876.0,1412.6201171875,536.6201171875,24.51439548595249
"HUST","HUST_9-2.pkl","life_fraction","80%",0.800000011920929,2189,1751,0.7999086380004883,438.0,1213.8756103515625,775.8756103515625,35.44429467115407
"HUST","HUST_9-2.pkl","absolute_cycle","20_cycles",20.0,2189,20,0.009136592037975788,2169.0,644.5091552734375,1524.4908447265625,69.643254670012
"HUST","HUST_9-2.pkl","absolute_cycle","50_cycles",50.0,2189,50,0.022841479629278183,2139.0,421.2361145019531,1717.763916015625,78.47254070423138
"HUST","HUST_9-2.pkl","absolute_cycle","100_cycles",100.0,2189,100,0.045682959258556366,2089.0,473.02435302734375,1615.9755859375,73.82254846676565
"HUST","HUST_9-2.pkl","absolute_cycle","200_cycles",200.0,2189,200,0.09136591851711273,1989.0,929.3046875,1059.6953125,48.410018844221106
"HUST","HUST_9-2.pkl","absolute_cycle","500_cycles",500.0,2189,500,0.22841480374336243,1689.0,1151.57861328125,537.42138671875,24.550999850102787
"HUST","HUST_9-3.pkl","life_fraction","20%",0.20000000298023224,1946,389,0.19989722967147827,1557.0,1095.1767578125,461.8232421875,23.731924058967113
"HUST","HUST_9-3.pkl","life_fraction","40%",0.4000000059604645,1946,778,0.39979445934295654,1168.0,1190.205078125,22.205078125,1.1410625963514902
"HUST","HUST_9-3.pkl","life_fraction","60%",0.6000000238418579,1946,1168,0.6002055406570435,778.0,1220.21923828125,442.21923828125,22.724524063784685
"HUST","HUST_9-3.pkl","life_fraction","80%",0.800000011920929,1946,1557,0.8001027703285217,389.0,723.8980102539062,334.89801025390625,17.209558594753663
"HUST","HUST_9-3.pkl","absolute_cycle","20_cycles",20.0,1946,20,0.010277491994202137,1926.0,648.19384765625,1277.80615234375,65.66321440615364
"HUST","HUST_9-3.pkl","absolute_cycle","50_cycles",50.0,1946,50,0.025693731382489204,1896.0,439.385009765625,1456.614990234375,74.85174667185895
"HUST","HUST_9-3.pkl","absolute_cycle","100_cycles",100.0,1946,100,0.05138746276497841,1846.0,477.87615966796875,1368.123779296875,70.30440798031218
"HUST","HUST_9-3.pkl","absolute_cycle","200_cycles",200.0,1946,200,0.10277492552995682,1746.0,944.30322265625,801.69677734375,41.197162247880264
"HUST","HUST_9-3.pkl","absolute_cycle","500_cycles",500.0,1946,500,0.25693729519844055,1446.0,1120.7764892578125,325.2235107421875,16.712410623956192
"HUST","HUST_9-4.pkl","life_fraction","20%",0.20000000298023224,2023,405,0.2001977264881134,1618.0,1093.853515625,524.146484375,25.909366503954523
"HUST","HUST_9-4.pkl","life_fraction","40%",0.4000000059604645,2023,809,0.3999011516571045,1214.0,1149.57763671875,64.42236328125,3.1844964548319328
"HUST","HUST_9-4.pkl","life_fraction","60%",0.6000000238418579,2023,1214,0.6000988483428955,809.0,1168.9500732421875,359.9500732421875,17.792885479099727
"HUST","HUST_9-4.pkl","life_fraction","80%",0.800000011920929,2023,1618,0.799802303314209,405.0,641.7344360351562,236.73443603515625,11.702147109992895
"HUST","HUST_9-4.pkl","absolute_cycle","20_cycles",20.0,2023,20,0.009886307641863823,2003.0,644.016845703125,1358.983154296875,67.17662650997899
"HUST","HUST_9-4.pkl","absolute_cycle","50_cycles",50.0,2023,50,0.024715768173336983,1973.0,410.92315673828125,1562.076904296875,77.21586279272738
"HUST","HUST_9-4.pkl","absolute_cycle","100_cycles",100.0,2023,100,0.049431536346673965,1923.0,508.4864196777344,1414.5135498046875,69.9215793279628
"HUST","HUST_9-4.pkl","absolute_cycle","200_cycles",200.0,2023,200,0.09886307269334793,1823.0,954.8206787109375,868.1793212890625,42.91543852145637
"HUST","HUST_9-4.pkl","absolute_cycle","500_cycles",500.0,2023,500,0.24715769290924072,1523.0,1111.61376953125,411.38623046875,20.335453804683638
"HUST","HUST_9-5.pkl","life_fraction","20%",0.20000000298023224,2230,446,0.20000000298023224,1784.0,1090.0474853515625,693.9525146484375,31.118946845221412
"HUST","HUST_9-5.pkl","life_fraction","40%",0.4000000059604645,2230,892,0.4000000059604645,1338.0,1170.4349365234375,167.5650634765625,7.51412840702074
"HUST","HUST_9-5.pkl","life_fraction","60%",0.6000000238418579,2230,1338,0.6000000238418579,892.0,1123.5689697265625,231.5689697265625,10.384258732132848
"HUST","HUST_9-5.pkl","life_fraction","80%",0.800000011920929,2230,1784,0.800000011920929,446.0,674.7704467773438,228.77044677734375,10.258764429477297
"HUST","HUST_9-5.pkl","absolute_cycle","20_cycles",20.0,2230,20,0.008968610316514969,2210.0,595.509765625,1614.490234375,72.39866521860986
"HUST","HUST_9-5.pkl","absolute_cycle","50_cycles",50.0,2230,50,0.022421523928642273,2180.0,370.2879638671875,1809.7120361328125,81.15300610461043
"HUST","HUST_9-5.pkl","absolute_cycle","100_cycles",100.0,2230,100,0.044843047857284546,2130.0,574.1552734375,1555.8447265625,69.7688218189462
"HUST","HUST_9-5.pkl","absolute_cycle","200_cycles",200.0,2230,200,0.08968609571456909,2030.0,985.7708129882812,1044.229248046875,46.826423679232065
"HUST","HUST_9-5.pkl","absolute_cycle","500_cycles",500.0,2230,500,0.22421523928642273,1730.0,1095.6734619140625,634.3265380859375,28.445136237037556
"HUST","HUST_9-6.pkl","life_fraction","20%",0.20000000298023224,1793,359,0.20022308826446533,1434.0,1071.8143310546875,362.1856689453125,20.19998153626952
"HUST","HUST_9-6.pkl","life_fraction","40%",0.4000000059604645,1793,717,0.39988845586776733,1076.0,1105.885009765625,29.885009765625,1.6667601654001674
"HUST","HUST_9-6.pkl","life_fraction","60%",0.6000000238418579,1793,1076,0.6001115441322327,717.0,1073.919921875,356.919921875,19.906297929447852
"HUST","HUST_9-6.pkl","life_fraction","80%",0.800000011920929,1793,1434,0.7997769117355347,359.0,668.358642578125,309.358642578125,17.253688933526213
"HUST","HUST_9-6.pkl","absolute_cycle","20_cycles",20.0,1793,20,0.01115448959171772,1773.0,599.6229248046875,1173.3770751953125,65.4421123923766
"HUST","HUST_9-6.pkl","absolute_cycle","50_cycles",50.0,1793,50,0.027886224910616875,1743.0,372.4965515136719,1370.50341796875,76.43633117505577
"HUST","HUST_9-6.pkl","absolute_cycle","100_cycles",100.0,1793,100,0.05577244982123375,1693.0,562.38671875,1130.61328125,63.057070900725044
"HUST","HUST_9-6.pkl","absolute_cycle","200_cycles",200.0,1793,200,0.1115448996424675,1593.0,980.290283203125,612.709716796875,34.17232107065672
"HUST","HUST_9-6.pkl","absolute_cycle","500_cycles",500.0,1793,500,0.27886223793029785,1293.0,1092.302001953125,200.697998046875,11.193418742157
"HUST","HUST_9-7.pkl","life_fraction","20%",0.20000000298023224,2061,412,0.1999029666185379,1649.0,1110.2691650390625,538.7308349609375,26.139293302325935
"HUST","HUST_9-7.pkl","life_fraction","40%",0.4000000059604645,2061,824,0.3998059332370758,1237.0,1303.4456787109375,66.4456787109375,3.2239533581240902
"HUST","HUST_9-7.pkl","life_fraction","60%",0.6000000238418579,2061,1237,0.6001940965652466,824.0,1399.8572998046875,575.8572998046875,27.940674420411813
"HUST","HUST_9-7.pkl","life_fraction","80%",0.800000011920929,2061,1649,0.8000970482826233,412.0,1115.1707763671875,703.1707763671875,34.11794159957242
"HUST","HUST_9-7.pkl","absolute_cycle","20_cycles",20.0,2061,20,0.009704027324914932,2041.0,655.3764038085938,1385.62353515625,67.23064217157933
"HUST","HUST_9-7.pkl","absolute_cycle","50_cycles",50.0,2061,50,0.02426006831228733,2011.0,445.4672546386719,1565.53271484375,75.95986001182678
"HUST","HUST_9-7.pkl","absolute_cycle","100_cycles",100.0,2061,100,0.04852013662457466,1961.0,456.4945068359375,1504.5054931640625,72.9988109249909
"HUST","HUST_9-7.pkl","absolute_cycle","200_cycles",200.0,2061,200,0.09704027324914932,1861.0,916.0064697265625,944.9935302734375,45.851214472267706
"HUST","HUST_9-7.pkl","absolute_cycle","500_cycles",500.0,2061,500,0.242600679397583,1561.0,1139.74609375,421.25390625,20.439296761280932
"HUST","HUST_9-8.pkl","life_fraction","20%",0.20000000298023224,2377,475,0.19983172416687012,1902.0,1123.9132080078125,778.0867919921875,32.73398367657499
"HUST","HUST_9-8.pkl","life_fraction","40%",0.4000000059604645,2377,951,0.40008413791656494,1426.0,1306.694091796875,119.305908203125,5.019179983303534
"HUST","HUST_9-8.pkl","life_fraction","60%",0.6000000238418579,2377,1426,0.5999158620834351,951.0,1171.5291748046875,220.5291748046875,9.277626201291017
"HUST","HUST_9-8.pkl","life_fraction","80%",0.800000011920929,2377,1902,0.8001682758331299,475.0,817.8766479492188,342.87664794921875,14.424764322642774
"HUST","HUST_9-8.pkl","absolute_cycle","20_cycles",20.0,2377,20,0.008413966745138168,2357.0,549.8714599609375,1807.1285400390625,76.02560117959875
"HUST","HUST_9-8.pkl","absolute_cycle","50_cycles",50.0,2377,50,0.02103491872549057,2327.0,370.572021484375,1956.427978515625,82.30660406039651
"HUST","HUST_9-8.pkl","absolute_cycle","100_cycles",100.0,2377,100,0.04206983745098114,2277.0,603.3582763671875,1673.6417236328125,70.40983271488483
"HUST","HUST_9-8.pkl","absolute_cycle","200_cycles",200.0,2377,200,0.08413967490196228,2177.0,1006.1624755859375,1170.8375244140625,49.256942550023666
"HUST","HUST_9-8.pkl","absolute_cycle","500_cycles",500.0,2377,500,0.2103491723537445,1877.0,1128.349365234375,748.650634765625,31.495609371713293
