dataset,file_name,evaluation_scheme,evaluation_label,evaluation_point,life,current_cycle,observation_fraction,true_rul,predicted_rul,absolute_error,life_normalized_absolute_error_percent
"HUST","HUST_1-1.pkl","life_fraction","20%",0.20000000298023224,1542,308,0.19974060356616974,1234.0,693.7625122070312,540.2374877929688,35.034856536509
"HUST","HUST_1-1.pkl","life_fraction","40%",0.4000000059604645,1542,617,0.4001297056674957,925.0,728.717529296875,196.282470703125,12.729083703185797
"HUST","HUST_1-1.pkl","life_fraction","60%",0.6000000238418579,1542,925,0.5998703241348267,617.0,751.447021484375,134.447021484375,8.719002690296692
"HUST","HUST_1-1.pkl","life_fraction","80%",0.800000011920929,1542,1234,0.8002594113349915,308.0,746.3287353515625,438.3287353515625,28.42598802539316
"HUST","HUST_1-1.pkl","absolute_cycle","20_cycles",20.0,1542,20,0.012970169074833393,1522.0,527.63916015625,994.36083984375,64.48513877067121
"HUST","HUST_1-1.pkl","absolute_cycle","50_cycles",50.0,1542,50,0.032425422221422195,1492.0,597.8729858398438,894.1270141601562,57.98489067186487
"HUST","HUST_1-1.pkl","absolute_cycle","100_cycles",100.0,1542,100,0.06485084444284439,1442.0,637.4241943359375,804.5758056640625,52.177419303765404
"HUST","HUST_1-1.pkl","absolute_cycle","200_cycles",200.0,1542,200,0.12970168888568878,1342.0,673.1123046875,668.8876953125,43.37793095411803
"HUST","HUST_1-1.pkl","absolute_cycle","500_cycles",500.0,1542,500,0.32425421476364136,1042.0,717.3478393554688,324.65216064453125,21.053966319360004
"HUST","HUST_1-2.pkl","life_fraction","20%",0.20000000298023224,2755,551,0.20000000298023224,2204.0,681.982177734375,1522.017822265625,55.245655980603445
"HUST","HUST_1-2.pkl","life_fraction","40%",0.4000000059604645,2755,1102,0.4000000059604645,1653.0,722.9307861328125,930.0692138671875,33.75931810770191
"HUST","HUST_1-2.pkl","life_fraction","60%",0.6000000238418579,2755,1653,0.6000000238418579,1102.0,736.5222778320312,365.47772216796875,13.265979026060572
"HUST","HUST_1-2.pkl","life_fraction","80%",0.800000011920929,2755,2204,0.800000011920929,551.0,725.0614013671875,174.0614013671875,6.3180181984460075
"HUST","HUST_1-2.pkl","absolute_cycle","20_cycles",20.0,2755,20,0.007259528152644634,2735.0,499.07037353515625,2235.9296875,81.158972323049
"HUST","HUST_1-2.pkl","absolute_cycle","50_cycles",50.0,2755,50,0.018148820847272873,2705.0,563.9984741210938,2141.00146484375,77.71330180921052
"HUST","HUST_1-2.pkl","absolute_cycle","100_cycles",100.0,2755,100,0.036297641694545746,2655.0,604.9222412109375,2050.07763671875,74.41298136910163
"HUST","HUST_1-2.pkl","absolute_cycle","200_cycles",200.0,2755,200,0.07259528338909149,2555.0,637.693359375,1917.306640625,69.59370746370236
"HUST","HUST_1-2.pkl","absolute_cycle","500_cycles",500.0,2755,500,0.18148820102214813,2255.0,677.8832397460938,1577.11669921875,57.245615216651544
"HUST","HUST_1-3.pkl","life_fraction","20%",0.20000000298023224,1911,382,0.19989533722400665,1529.0,654.7488403320312,874.2511596679688,45.74836000355671
"HUST","HUST_1-3.pkl","life_fraction","40%",0.4000000059604645,1911,764,0.3997906744480133,1147.0,699.2680053710938,447.73199462890625,23.429199090994572
"HUST","HUST_1-3.pkl","life_fraction","60%",0.6000000238418579,1911,1147,0.6002092957496643,764.0,739.875732421875,24.124267578125,1.2623897215136055
"HUST","HUST_1-3.pkl","life_fraction","80%",0.800000011920929,1911,1529,0.8001046776771545,382.0,753.381591796875,371.381591796875,19.433887587486918
"HUST","HUST_1-3.pkl","absolute_cycle","20_cycles",20.0,1911,20,0.010465724393725395,1891.0,504.91583251953125,1386.084228515625,72.5318800897763
"HUST","HUST_1-3.pkl","absolute_cycle","50_cycles",50.0,1911,50,0.026164311915636063,1861.0,556.5345458984375,1304.4654541015625,68.26088195193942
"HUST","HUST_1-3.pkl","absolute_cycle","100_cycles",100.0,1911,100,0.052328623831272125,1811.0,592.37841796875,1218.62158203125,63.76879026851125
"HUST","HUST_1-3.pkl","absolute_cycle","200_cycles",200.0,1911,200,0.10465724766254425,1711.0,622.7633056640625,1088.2366943359375,56.9459285366791
"HUST","HUST_1-3.pkl","absolute_cycle","500_cycles",500.0,1911,500,0.26164311170578003,1411.0,669.2180786132812,741.7819213867188,38.81642707413494
"HUST","HUST_1-4.pkl","life_fraction","20%",0.20000000298023224,1549,310,0.20012912154197693,1239.0,642.651123046875,596.348876953125,38.49895913189961
"HUST","HUST_1-4.pkl","life_fraction","40%",0.4000000059604645,1549,620,0.40025824308395386,929.0,685.5264892578125,243.4735107421875,15.718109150560846
"HUST","HUST_1-4.pkl","life_fraction","60%",0.6000000238418579,1549,929,0.5997417569160461,620.0,722.6937255859375,102.6937255859375,6.629678862875242
"HUST","HUST_1-4.pkl","life_fraction","80%",0.800000011920929,1549,1239,0.7998709082603455,310.0,751.5352783203125,441.5352783203125,28.504537012286153
"HUST","HUST_1-4.pkl","absolute_cycle","20_cycles",20.0,1549,20,0.012911556288599968,1529.0,504.3752746582031,1024.624755859375,66.14749876432376
"HUST","HUST_1-4.pkl","absolute_cycle","50_cycles",50.0,1549,50,0.032278887927532196,1499.0,555.600341796875,943.399658203125,60.90378684332634
"HUST","HUST_1-4.pkl","absolute_cycle","100_cycles",100.0,1549,100,0.06455777585506439,1449.0,591.9326171875,857.0673828125,55.330366869754684
"HUST","HUST_1-4.pkl","absolute_cycle","200_cycles",200.0,1549,200,0.12911555171012878,1349.0,622.74755859375,726.25244140625,46.88524476476759
"HUST","HUST_1-4.pkl","absolute_cycle","500_cycles",500.0,1549,500,0.32278889417648315,1049.0,670.1634521484375,378.8365478515625,24.45684621378712
"HUST","HUST_1-5.pkl","life_fraction","20%",0.20000000298023224,2033,407,0.2001967579126358,1626.0,655.3955078125,970.6044921875,47.742473791810134
"HUST","HUST_1-5.pkl","life_fraction","40%",0.4000000059604645,2033,813,0.3999016284942627,1220.0,706.8265991210938,513.1734008789062,25.242174170138036
"HUST","HUST_1-5.pkl","life_fraction","60%",0.6000000238418579,2033,1220,0.6000983715057373,813.0,727.25830078125,85.74169921875,4.217496272442204
"HUST","HUST_1-5.pkl","life_fraction","80%",0.800000011920929,2033,1626,0.7998032569885254,407.0,730.7088623046875,323.7088623046875,15.922718263880348
"HUST","HUST_1-5.pkl","absolute_cycle","20_cycles",20.0,2033,20,0.009837678633630276,2013.0,505.5690612792969,1507.430908203125,74.1481017315851
"HUST","HUST_1-5.pkl","absolute_cycle","50_cycles",50.0,2033,50,0.024594195187091827,1983.0,556.9092407226562,1426.0908203125,70.14711364055583
"HUST","HUST_1-5.pkl","absolute_cycle","100_cycles",100.0,2033,100,0.049188390374183655,1933.0,591.69775390625,1341.30224609375,65.9765000537998
"HUST","HUST_1-5.pkl","absolute_cycle","200_cycles",200.0,2033,200,0.09837678074836731,1833.0,621.825927734375,1211.174072265625,59.57570448920929
"HUST","HUST_1-5.pkl","absolute_cycle","500_cycles",500.0,2033,500,0.24594195187091827,1533.0,667.9071655273438,865.0928344726562,42.552525060140496
"HUST","HUST_1-6.pkl","life_fraction","20%",0.20000000298023224,1179,236,0.200169637799263,943.0,650.8683471679688,292.13165283203125,24.777917967093405
"HUST","HUST_1-6.pkl","life_fraction","40%",0.4000000059604645,1179,472,0.400339275598526,707.0,698.356689453125,8.643310546875,0.7331052202608143
"HUST","HUST_1-6.pkl","life_fraction","60%",0.6000000238418579,1179,707,0.5996607542037964,472.0,722.3673095703125,250.3673095703125,21.2355648490511
"HUST","HUST_1-6.pkl","life_fraction","80%",0.800000011920929,1179,943,0.7998303771018982,236.0,727.789794921875,491.789794921875,41.71245079914122
"HUST","HUST_1-6.pkl","absolute_cycle","20_cycles",20.0,1179,20,0.016963528469204903,1159.0,497.5611267089844,661.4388427734375,56.10168301725509
"HUST","HUST_1-6.pkl","absolute_cycle","50_cycles",50.0,1179,50,0.04240882024168968,1129.0,561.7750854492188,567.2249145507812,48.11067977529951
"HUST","HUST_1-6.pkl","absolute_cycle","100_cycles",100.0,1179,100,0.08481764048337936,1079.0,605.521728515625,473.478271484375,40.15931055847116
"HUST","HUST_1-6.pkl","absolute_cycle","200_cycles",200.0,1179,200,0.16963528096675873,979.0,641.9781494140625,337.0218505859375,28.585398692615563
"HUST","HUST_1-6.pkl","absolute_cycle","500_cycles",500.0,1179,500,0.4240882098674774,679.0,702.6771850585938,23.67718505859375,2.008243007514313
"HUST","HUST_1-7.pkl","life_fraction","20%",0.20000000298023224,1726,345,0.19988413155078888,1381.0,652.5767822265625,728.4232177734375,42.20296742603925
"HUST","HUST_1-7.pkl","life_fraction","40%",0.4000000059604645,1726,690,0.39976826310157776,1036.0,678.9967651367188,357.00323486328125,20.683849065080025
"HUST","HUST_1-7.pkl","life_fraction","60%",0.6000000238418579,1726,1036,0.6002317667007446,690.0,700.7969970703125,10.7969970703125,0.6255502358234357
"HUST","HUST_1-7.pkl","life_fraction","80%",0.800000011920929,1726,1381,0.8001158833503723,345.0,691.0248413085938,346.02484130859375,20.04778918358017
"HUST","HUST_1-7.pkl","absolute_cycle","20_cycles",20.0,1726,20,0.011587485671043396,1706.0,494.83892822265625,1211.1611328125,70.17156041787369
"HUST","HUST_1-7.pkl","absolute_cycle","50_cycles",50.0,1726,50,0.02896871417760849,1676.0,556.6023559570312,1119.397705078125,64.85502346918453
"HUST","HUST_1-7.pkl","absolute_cycle","100_cycles",100.0,1726,100,0.05793742835521698,1626.0,596.771728515625,1029.228271484375,59.630838440577925
"HUST","HUST_1-7.pkl","absolute_cycle","200_cycles",200.0,1726,200,0.11587485671043396,1526.0,629.891845703125,896.108154296875,51.91820129182358
"HUST","HUST_1-7.pkl","absolute_cycle","500_cycles",500.0,1726,500,0.2896871268749237,1226.0,666.5736694335938,559.4263305664062,32.41172251253802
"HUST","HUST_1-8.pkl","life_fraction","20%",0.20000000298023224,2359,472,0.20008477568626404,1887.0,646.8394165039062,1240.16064453125,52.57145589365197
"HUST","HUST_1-8.pkl","life_fraction","40%",0.4000000059604645,2359,944,0.4001695513725281,1415.0,676.5391845703125,738.4608154296875,31.303976915205066
"HUST","HUST_1-8.pkl","life_fraction","60%",0.6000000238418579,2359,1415,0.5998304486274719,944.0,697.524169921875,246.475830078125,10.448318358547054
"HUST","HUST_1-8.pkl","life_fraction","80%",0.800000011920929,2359,1887,0.7999151945114136,472.0,696.6390380859375,224.6390380859375,9.522638324965557
"HUST","HUST_1-8.pkl","absolute_cycle","20_cycles",20.0,2359,20,0.008478168398141861,2339.0,491.9470520019531,1847.052978515625,78.29813389214179
"HUST","HUST_1-8.pkl","absolute_cycle","50_cycles",50.0,2359,50,0.021195420995354652,2309.0,550.9066162109375,1758.0933837890625,74.52706162734475
"HUST","HUST_1-8.pkl","absolute_cycle","100_cycles",100.0,2359,100,0.042390841990709305,2259.0,590.9365844726562,1668.0634765625,70.71061791278083
"HUST","HUST_1-8.pkl","absolute_cycle","200_cycles",200.0,2359,200,0.08478168398141861,2159.0,622.126220703125,1536.873779296875,65.14937597697647
"HUST","HUST_1-8.pkl","absolute_cycle","500_cycles",500.0,2359,500,0.21195422112941742,1859.0,648.7261962890625,1210.2738037109375,51.30452749940388
"HUST","HUST_10-1.pkl","life_fraction","20%",0.20000000298023224,1760,352,0.20000000298023224,1408.0,646.1354370117188,761.8645629882812,43.2877592606978
"HUST","HUST_10-1.pkl","life_fraction","40%",0.4000000059604645,1760,704,0.4000000059604645,1056.0,675.0795288085938,380.92047119140625,21.64320859042081
"HUST","HUST_10-1.pkl","life_fraction","60%",0.6000000238418579,1760,1056,0.6000000238418579,704.0,705.1005859375,1.1005859375,0.06253329190340909
"HUST","HUST_10-1.pkl","life_fraction","80%",0.800000011920929,1760,1408,0.800000011920929,352.0,717.8223876953125,365.8223876953125,20.785362937233664
"HUST","HUST_10-1.pkl","absolute_cycle","20_cycles",20.0,1760,20,0.011363636702299118,1740.0,490.4131164550781,1249.5869140625,70.99925648082386
"HUST","HUST_10-1.pkl","absolute_cycle","50_cycles",50.0,1760,50,0.028409091755747795,1710.0,550.3583984375,1159.6416015625,65.88872736150569
"HUST","HUST_10-1.pkl","absolute_cycle","100_cycles",100.0,1760,100,0.05681818351149559,1660.0,591.5821533203125,1068.4178466796875,60.70555947043679
"HUST","HUST_10-1.pkl","absolute_cycle","200_cycles",200.0,1760,200,0.11363636702299118,1560.0,624.103515625,935.896484375,53.17593661221591
"HUST","HUST_10-1.pkl","absolute_cycle","500_cycles",500.0,1760,500,0.28409090638160706,1260.0,660.3065185546875,599.6934814453125,34.07349326393821
"HUST","HUST_10-2.pkl","life_fraction","20%",0.20000000298023224,1742,348,0.19977037608623505,1394.0,636.808349609375,757.191650390625,43.46679967799225
"HUST","HUST_10-2.pkl","life_fraction","40%",0.4000000059604645,1742,697,0.4001148045063019,1045.0,670.9810180664062,374.01898193359375,21.470664864155783
"HUST","HUST_10-2.pkl","life_fraction","60%",0.6000000238418579,1742,1045,0.5998851656913757,697.0,706.4071655273438,9.40716552734375,0.5400209831999856
"HUST","HUST_10-2.pkl","life_fraction","80%",0.800000011920929,1742,1394,0.8002296090126038,348.0,748.009765625,400.009765625,22.96267311280138
"HUST","HUST_10-2.pkl","absolute_cycle","20_cycles",20.0,1742,20,0.011481055989861488,1722.0,496.2455749511719,1225.75439453125,70.36477580546786
"HUST","HUST_10-2.pkl","absolute_cycle","50_cycles",50.0,1742,50,0.028702640905976295,1692.0,543.3863525390625,1148.6136474609375,65.93648952129377
"HUST","HUST_10-2.pkl","absolute_cycle","100_cycles",100.0,1742,100,0.05740528181195259,1642.0,582.44873046875,1059.55126953125,60.823838664250864
"HUST","HUST_10-2.pkl","absolute_cycle","200_cycles",200.0,1742,200,0.11481056362390518,1542.0,616.9581298828125,925.0418701171875,53.10228875529205
"HUST","HUST_10-2.pkl","absolute_cycle","500_cycles",500.0,1742,500,0.28702640533447266,1242.0,652.3689575195312,589.6310424804688,33.847935848476965
"HUST","HUST_10-3.pkl","life_fraction","20%",0.20000000298023224,1901,380,0.19989478588104248,1521.0,648.7435302734375,872.2564697265625,45.88408572996121
"HUST","HUST_10-3.pkl","life_fraction","40%",0.4000000059604645,1901,760,0.39978957176208496,1141.0,681.9844970703125,459.0155029296875,24.146002258268673
"HUST","HUST_10-3.pkl","life_fraction","60%",0.6000000238418579,1901,1141,0.600210428237915,760.0,715.0882568359375,44.9117431640625,2.3625325178360073
"HUST","HUST_10-3.pkl","life_fraction","80%",0.800000011920929,1901,1521,0.8001052141189575,380.0,759.3737182617188,379.37371826171875,19.956534364109352
"HUST","HUST_10-3.pkl","absolute_cycle","20_cycles",20.0,1901,20,0.010520778596401215,1881.0,486.9112854003906,1394.0887451171875,73.33449474577525
"HUST","HUST_10-3.pkl","absolute_cycle","50_cycles",50.0,1901,50,0.026301946491003036,1851.0,545.9125366210938,1305.08740234375,68.6526776614282
"HUST","HUST_10-3.pkl","absolute_cycle","100_cycles",100.0,1901,100,0.05260389298200607,1801.0,589.5275268554688,1211.472412109375,63.72816476114545
"HUST","HUST_10-3.pkl","absolute_cycle","200_cycles",200.0,1901,200,0.10520778596401215,1701.0,624.82763671875,1076.17236328125,56.61085551190163
"HUST","HUST_10-3.pkl","absolute_cycle","500_cycles",500.0,1901,500,0.26301947236061096,1401.0,660.8087158203125,740.1912841796875,38.9369428816248
"HUST","HUST_10-4.pkl","life_fraction","20%",0.20000000298023224,1849,370,0.20010817050933838,1479.0,656.2203979492188,822.7796020507812,44.49862639539109
"HUST","HUST_10-4.pkl","life_fraction","40%",0.4000000059604645,1849,740,0.40021634101867676,1109.0,697.45556640625,411.54443359375,22.257676235465116
"HUST","HUST_10-4.pkl","life_fraction","60%",0.6000000238418579,1849,1109,0.5997836589813232,740.0,738.281005859375,1.718994140625,0.09296885563142239
"HUST","HUST_10-4.pkl","life_fraction","80%",0.800000011920929,1849,1479,0.7998918294906616,370.0,774.2195434570312,404.21954345703125,21.861522090699363
"HUST","HUST_10-4.pkl","absolute_cycle","20_cycles",20.0,1849,20,0.010816657915711403,1829.0,501.2945861816406,1327.7054443359375,71.80667627560506
"HUST","HUST_10-4.pkl","absolute_cycle","50_cycles",50.0,1849,50,0.027041643857955933,1799.0,556.2108154296875,1242.7891845703125,67.2141257204063
"HUST","HUST_10-4.pkl","absolute_cycle","100_cycles",100.0,1849,100,0.054083287715911865,1749.0,594.1550903320312,1154.844970703125,62.4578134506828
"HUST","HUST_10-4.pkl","absolute_cycle","200_cycles",200.0,1849,200,0.10816657543182373,1649.0,626.6296997070312,1022.3703002929688,55.293147663221674
"HUST","HUST_10-4.pkl","absolute_cycle","500_cycles",500.0,1849,500,0.2704164385795593,1349.0,670.8877563476562,678.1122436523438,36.674539948747636
"HUST","HUST_10-5.pkl","life_fraction","20%",0.20000000298023224,2080,416,0.20000000298023224,1664.0,647.88037109375,1016.11962890625,48.8519052358774
"HUST","HUST_10-5.pkl","life_fraction","40%",0.4000000059604645,2080,832,0.4000000059604645,1248.0,689.2471923828125,558.7528076171875,26.86311575082632
"HUST","HUST_10-5.pkl","life_fraction","60%",0.6000000238418579,2080,1248,0.6000000238418579,832.0,728.6517944335938,103.34820556640625,4.968663729154146
"HUST","HUST_10-5.pkl","life_fraction","80%",0.800000011920929,2080,1664,0.800000011920929,416.0,760.8355712890625,344.8355712890625,16.578633235051083
"HUST","HUST_10-5.pkl","absolute_cycle","20_cycles",20.0,2080,20,0.009615384973585606,2060.0,499.490478515625,1560.509521484375,75.02449622521034
"HUST","HUST_10-5.pkl","absolute_cycle","50_cycles",50.0,2080,50,0.024038461968302727,2030.0,549.5555419921875,1480.4444580078125,71.17521432729868
"HUST","HUST_10-5.pkl","absolute_cycle","100_cycles",100.0,2080,100,0.048076923936605453,1980.0,587.508056640625,1392.491943359375,66.9467280461238
"HUST","HUST_10-5.pkl","absolute_cycle","200_cycles",200.0,2080,200,0.09615384787321091,1880.0,620.0859375,1259.9140625,60.57279146634615
"HUST","HUST_10-5.pkl","absolute_cycle","500_cycles",500.0,2080,500,0.24038460850715637,1580.0,657.1889038085938,922.8110961914062,44.3659180861253
"HUST","HUST_10-6.pkl","life_fraction","20%",0.20000000298023224,2344,469,0.2000853270292282,1875.0,653.9622802734375,1221.0377197265625,52.09205288935847
"HUST","HUST_10-6.pkl","life_fraction","40%",0.4000000059604645,2344,938,0.4001706540584564,1406.0,689.301513671875,716.698486328125,30.575873990107723
"HUST","HUST_10-6.pkl","life_fraction","60%",0.6000000238418579,2344,1406,0.599829375743866,938.0,718.7608032226562,219.23919677734375,9.353208053640945
"HUST","HUST_10-6.pkl","life_fraction","80%",0.800000011920929,2344,1875,0.7999146580696106,469.0,720.5501098632812,251.55010986328125,10.731659977102442
"HUST","HUST_10-6.pkl","absolute_cycle","20_cycles",20.0,2344,20,0.00853242352604866,2324.0,487.6996765136719,1836.30029296875,78.34045618467364
"HUST","HUST_10-6.pkl","absolute_cycle","50_cycles",50.0,2344,50,0.02133105881512165,2294.0,547.0528564453125,1746.9471435546875,74.52846175574605
"HUST","HUST_10-6.pkl","absolute_cycle","100_cycles",100.0,2344,100,0.0426621176302433,2244.0,590.3009643554688,1653.698974609375,70.5502975515945
"HUST","HUST_10-6.pkl","absolute_cycle","200_cycles",200.0,2344,200,0.0853242352604866,2144.0,624.4699096679688,1519.530029296875,64.82636643757999
"HUST","HUST_10-6.pkl","absolute_cycle","500_cycles",500.0,2344,500,0.2133105844259262,1844.0,656.2266845703125,1187.7733154296875,50.67292301321192
"HUST","HUST_10-7.pkl","life_fraction","20%",0.20000000298023224,1821,364,0.1998901665210724,1457.0,644.3001708984375,812.6998291015625,44.62931516208471
"HUST","HUST_10-7.pkl","life_fraction","40%",0.4000000059604645,1821,728,0.3997803330421448,1093.0,682.673583984375,410.326416015625,22.533026689490665
"HUST","HUST_10-7.pkl","life_fraction","60%",0.6000000238418579,1821,1093,0.6002196669578552,728.0,720.2670288085938,7.73297119140625,0.4246551999673943
"HUST","HUST_10-7.pkl","life_fraction","80%",0.800000011920929,1821,1457,0.8001098036766052,364.0,737.34423828125,373.34423828125,20.502154765582098
"HUST","HUST_10-7.pkl","absolute_cycle","20_cycles",20.0,1821,20,0.010982976295053959,1801.0,499.2142028808594,1301.7857666015625,71.4874116749897
"HUST","HUST_10-7.pkl","absolute_cycle","50_cycles",50.0,1821,50,0.02745744027197361,1771.0,549.4132690429688,1221.586669921875,67.08328774969111
"HUST","HUST_10-7.pkl","absolute_cycle","100_cycles",100.0,1821,100,0.05491488054394722,1721.0,587.0496826171875,1133.9503173828125,62.27074779696939
"HUST","HUST_10-7.pkl","absolute_cycle","200_cycles",200.0,1821,200,0.10982976108789444,1621.0,618.7685546875,1002.2314453125,55.03742148887974
"HUST","HUST_10-7.pkl","absolute_cycle","500_cycles",500.0,1821,500,0.2745743989944458,1321.0,659.11083984375,661.88916015625,36.34756508271554
"HUST","HUST_10-8.pkl","life_fraction","20%",0.20000000298023224,1432,286,0.19972066581249237,1146.0,660.0220947265625,485.9779052734375,33.93700455820094
"HUST","HUST_10-8.pkl","life_fraction","40%",0.4000000059604645,1432,573,0.4001396596431732,859.0,693.9387817382812,165.06121826171875,11.526621386991533
"HUST","HUST_10-8.pkl","life_fraction","60%",0.6000000238418579,1432,859,0.5998603105545044,573.0,729.1404418945312,156.14044189453125,10.903662143472852
"HUST","HUST_10-8.pkl","life_fraction","80%",0.800000011920929,1432,1146,0.8002793192863464,286.0,734.8558349609375,448.8558349609375,31.344681212355972
"HUST","HUST_10-8.pkl","absolute_cycle","20_cycles",20.0,1432,20,0.013966480270028114,1412.0,500.7519226074219,911.248046875,63.634640144902235
"HUST","HUST_10-8.pkl","absolute_cycle","50_cycles",50.0,1432,50,0.03491619974374771,1382.0,566.49658203125,815.50341796875,56.94856270731494
"HUST","HUST_10-8.pkl","absolute_cycle","100_cycles",100.0,1432,100,0.06983239948749542,1332.0,607.689208984375,724.310791015625,50.58036250109113
"HUST","HUST_10-8.pkl","absolute_cycle","200_cycles",200.0,1432,200,0.13966479897499084,1232.0,641.5281982421875,590.4718017578125,41.23406436856232
"HUST","HUST_10-8.pkl","absolute_cycle","500_cycles",500.0,1432,500,0.3491620123386383,932.0,685.654541015625,246.345458984375,17.202895180473114
"HUST","HUST_2-2.pkl","life_fraction","20%",0.20000000298023224,2716,543,0.19992636144161224,2173.0,660.3156127929688,1512.684326171875,55.69529919631351
"HUST","HUST_2-2.pkl","life_fraction","40%",0.4000000059604645,2716,1086,0.3998527228832245,1630.0,696.1801147460938,933.8198852539062,34.38217545117475
"HUST","HUST_2-2.pkl","life_fraction","60%",0.6000000238418579,2716,1630,0.6001472473144531,1086.0,726.107666015625,359.892333984375,13.250822311648564
"HUST","HUST_2-2.pkl","life_fraction","80%",0.800000011920929,2716,2173,0.8000736236572266,543.0,733.70263671875,190.70263671875,7.021452014681517
"HUST","HUST_2-2.pkl","absolute_cycle","20_cycles",20.0,2716,20,0.00736377015709877,2696.0,488.1029968261719,2207.89697265625,81.29223021562039
"HUST","HUST_2-2.pkl","absolute_cycle","50_cycles",50.0,2716,50,0.018409425392746925,2666.0,545.9448852539062,2120.05517578125,78.05799616278534
"HUST","HUST_2-2.pkl","absolute_cycle","100_cycles",100.0,2716,100,0.03681885078549385,2616.0,588.8391723632812,2027.160888671875,74.63773522355946
"HUST","HUST_2-2.pkl","absolute_cycle","200_cycles",200.0,2716,200,0.0736377015709877,2516.0,623.853759765625,1892.146240234375,69.66665096591954
"HUST","HUST_2-2.pkl","absolute_cycle","500_cycles",500.0,2716,500,0.18409425020217896,2216.0,656.7314453125,1559.2685546875,57.410476976712076
"HUST","HUST_2-3.pkl","life_fraction","20%",0.20000000298023224,1810,362,0.20000000298023224,1448.0,651.3385009765625,796.6614990234375,44.014447459858424
"HUST","HUST_2-3.pkl","life_fraction","40%",0.4000000059604645,1810,724,0.4000000059604645,1086.0,694.8035278320312,391.19647216796875,21.613064760661256
"HUST","HUST_2-3.pkl","life_fraction","60%",0.6000000238418579,1810,1086,0.6000000238418579,724.0,737.4044189453125,13.4044189453125,0.7405756323377072
"HUST","HUST_2-3.pkl","life_fraction","80%",0.800000011920929,1810,1448,0.800000011920929,362.0,756.547607421875,394.547607421875,21.798210354799725
"HUST","HUST_2-3.pkl","absolute_cycle","20_cycles",20.0,1810,20,0.01104972418397665,1790.0,504.7745056152344,1285.2254638671875,71.00693170536948
"HUST","HUST_2-3.pkl","absolute_cycle","50_cycles",50.0,1810,50,0.027624309062957764,1760.0,557.0640869140625,1202.9359130859375,66.46054768430594
"HUST","HUST_2-3.pkl","absolute_cycle","100_cycles",100.0,1810,100,0.05524861812591553,1710.0,592.921630859375,1117.078369140625,61.717036969095304
"HUST","HUST_2-3.pkl","absolute_cycle","200_cycles",200.0,1810,200,0.11049723625183105,1610.0,623.4647216796875,986.5352783203125,54.50471150940953
"HUST","HUST_2-3.pkl","absolute_cycle","500_cycles",500.0,1810,500,0.27624309062957764,1310.0,669.0372314453125,640.9627685546875,35.41230765495511
"HUST","HUST_2-4.pkl","life_fraction","20%",0.20000000298023224,1545,309,0.20000000298023224,1236.0,643.0042114257812,592.9957885742188,38.38160443846076
"HUST","HUST_2-4.pkl","life_fraction","40%",0.4000000059604645,1545,618,0.4000000059604645,927.0,671.6295166015625,255.3704833984375,16.52883387692152
"HUST","HUST_2-4.pkl","life_fraction","60%",0.6000000238418579,1545,927,0.6000000238418579,618.0,690.521484375,72.521484375,4.693947208737864
"HUST","HUST_2-4.pkl","life_fraction","80%",0.800000011920929,1545,1236,0.800000011920929,309.0,684.19677734375,375.19677734375,24.284581057847895
"HUST","HUST_2-4.pkl","absolute_cycle","20_cycles",20.0,1545,20,0.012944984249770641,1525.0,492.01617431640625,1032.98388671875,66.85979849312298
"HUST","HUST_2-4.pkl","absolute_cycle","50_cycles",50.0,1545,50,0.03236246109008789,1495.0,552.470458984375,942.529541015625,61.00514828580097
"HUST","HUST_2-4.pkl","absolute_cycle","100_cycles",100.0,1545,100,0.06472492218017578,1445.0,593.2941284179688,851.7058715820312,55.12659362990494
"HUST","HUST_2-4.pkl","absolute_cycle","200_cycles",200.0,1545,200,0.12944984436035156,1345.0,626.3275146484375,718.6724853515625,46.516018469356794
"HUST","HUST_2-4.pkl","absolute_cycle","500_cycles",500.0,1545,500,0.3236245810985565,1045.0,661.7908935546875,383.2091064453125,24.80317841069984
"HUST","HUST_2-5.pkl","life_fraction","20%",0.20000000298023224,1441,288,0.19986121356487274,1153.0,629.3560180664062,523.6439819335938,36.33893004396903
"HUST","HUST_2-5.pkl","life_fraction","40%",0.4000000059604645,1441,576,0.3997224271297455,865.0,660.169677734375,204.830322265625,14.214456784568009
"HUST","HUST_2-5.pkl","life_fraction","60%",0.6000000238418579,1441,865,0.6002776026725769,576.0,681.2537231445312,105.25372314453125,7.3042139586767005
"HUST","HUST_2-5.pkl","life_fraction","80%",0.800000011920929,1441,1153,0.8001387715339661,288.0,679.2169799804688,391.21697998046875,27.148992365056817
"HUST","HUST_2-5.pkl","absolute_cycle","20_cycles",20.0,1441,20,0.01387925073504448,1421.0,503.89739990234375,917.1026000976562,63.64348369865762
"HUST","HUST_2-5.pkl","absolute_cycle","50_cycles",50.0,1441,50,0.03469812497496605,1391.0,551.342041015625,839.657958984375,58.26911582126127
"HUST","HUST_2-5.pkl","absolute_cycle","100_cycles",100.0,1441,100,0.0693962499499321,1341.0,587.5950927734375,753.4049072265625,52.283477253751734
"HUST","HUST_2-5.pkl","absolute_cycle","200_cycles",200.0,1441,200,0.1387924998998642,1241.0,617.0108642578125,623.9891357421875,43.30250768509282
"HUST","HUST_2-5.pkl","absolute_cycle","500_cycles",500.0,1441,500,0.3469812572002411,941.0,652.9075317382812,288.09246826171875,19.992537700327464
"HUST","HUST_2-6.pkl","life_fraction","20%",0.20000000298023224,1621,324,0.19987662136554718,1297.0,631.8801879882812,665.1198120117188,41.03145046340029
"HUST","HUST_2-6.pkl","life_fraction","40%",0.4000000059604645,1621,648,0.39975324273109436,973.0,662.717529296875,310.282470703125,19.1414232389343
"HUST","HUST_2-6.pkl","life_fraction","60%",0.6000000238418579,1621,973,0.600246787071228,648.0,692.5771484375,44.5771484375,2.7499783119987664
"HUST","HUST_2-6.pkl","life_fraction","80%",0.800000011920929,1621,1297,0.800123393535614,324.0,714.04345703125,390.04345703125,24.06190357996607
"HUST","HUST_2-6.pkl","absolute_cycle","20_cycles",20.0,1621,20,0.01233806274831295,1601.0,500.7004699707031,1100.299560546875,67.87782606704965
"HUST","HUST_2-6.pkl","absolute_cycle","50_cycles",50.0,1621,50,0.03084515780210495,1571.0,547.5352172851562,1023.4647827148438,63.1378644487874
"HUST","HUST_2-6.pkl","absolute_cycle","100_cycles",100.0,1621,100,0.0616903156042099,1521.0,585.50390625,935.49609375,57.711048349784086
"HUST","HUST_2-6.pkl","absolute_cycle","200_cycles",200.0,1621,200,0.1233806312084198,1421.0,616.6735229492188,804.3264770507812,49.619153426945175
"HUST","HUST_2-6.pkl","absolute_cycle","500_cycles",500.0,1621,500,0.3084515631198883,1121.0,648.9942626953125,472.0057373046875,29.1181824370566
"HUST","HUST_2-7.pkl","life_fraction","20%",0.20000000298023224,2261,452,0.19991154968738556,1809.0,643.15283203125,1165.84716796875,51.56334223656568
"HUST","HUST_2-7.pkl","life_fraction","40%",0.4000000059604645,2261,904,0.3998230993747711,1357.0,682.2069091796875,674.7930908203125,29.844895657687417
"HUST","HUST_2-7.pkl","life_fraction","60%",0.6000000238418579,2261,1357,0.6001769304275513,904.0,719.4623413085938,184.53765869140625,8.161771724520401
"HUST","HUST_2-7.pkl","life_fraction","80%",0.800000011920929,2261,1809,0.8000884652137756,452.0,741.0435180664062,289.04351806640625,12.783879613728715
"HUST","HUST_2-7.pkl","absolute_cycle","20_cycles",20.0,2261,20,0.008845643140375614,2241.0,499.5546875,1741.4453125,77.02102222467934
"HUST","HUST_2-7.pkl","absolute_cycle","50_cycles",50.0,2261,50,0.022114109247922897,2211.0,545.7967529296875,1665.2032470703125,73.64897156436588
"HUST","HUST_2-7.pkl","absolute_cycle","100_cycles",100.0,2261,100,0.044228218495845795,2161.0,583.187255859375,1577.812744140625,69.78384538437085
"HUST","HUST_2-7.pkl","absolute_cycle","200_cycles",200.0,2261,200,0.08845643699169159,2061.0,615.189697265625,1445.810302734375,63.94561268175033
"HUST","HUST_2-7.pkl","absolute_cycle","500_cycles",500.0,2261,500,0.22114108502864838,1761.0,647.5935668945312,1113.406494140625,49.2439847032563
"HUST","HUST_2-8.pkl","life_fraction","20%",0.20000000298023224,1531,306,0.19986936450004578,1225.0,655.3848266601562,569.6151733398438,37.20543261527392
"HUST","HUST_2-8.pkl","life_fraction","40%",0.4000000059604645,1531,612,0.39973872900009155,919.0,689.15869140625,229.84130859375,15.012495662557152
"HUST","HUST_2-8.pkl","life_fraction","60%",0.6000000238418579,1531,919,0.6002612709999084,612.0,720.12255859375,108.12255859375,7.062218066214892
"HUST","HUST_2-8.pkl","life_fraction","80%",0.800000011920929,1531,1225,0.8001306056976318,306.0,750.914794921875,444.914794921875,29.060404632388963
"HUST","HUST_2-8.pkl","absolute_cycle","20_cycles",20.0,1531,20,0.013063357211649418,1511.0,498.4155578613281,1012.58447265625,66.1387637267309
"HUST","HUST_2-8.pkl","absolute_cycle","50_cycles",50.0,1531,50,0.03265839442610741,1481.0,562.6448974609375,918.3551025390625,59.98400408485059
"HUST","HUST_2-8.pkl","absolute_cycle","100_cycles",100.0,1531,100,0.06531678885221481,1431.0,602.2236328125,828.7763671875,54.133008960646634
"HUST","HUST_2-8.pkl","absolute_cycle","200_cycles",200.0,1531,200,0.13063357770442963,1331.0,636.9525146484375,694.0474853515625,45.33295136195706
"HUST","HUST_2-8.pkl","absolute_cycle","500_cycles",500.0,1531,500,0.3265839219093323,1031.0,678.220947265625,352.779052734375,23.042394038822664
"HUST","HUST_3-1.pkl","life_fraction","20%",0.20000000298023224,1995,399,0.20000000298023224,1596.0,642.6953125,953.3046875,47.78469611528822
"HUST","HUST_3-1.pkl","life_fraction","40%",0.4000000059604645,1995,798,0.4000000059604645,1197.0,680.0903930664062,516.9096069335938,25.910255986646302
"HUST","HUST_3-1.pkl","life_fraction","60%",0.6000000238418579,1995,1197,0.6000000238418579,798.0,715.453369140625,82.546630859375,4.137675732299499
"HUST","HUST_3-1.pkl","life_fraction","80%",0.800000011920929,1995,1596,0.800000011920929,399.0,744.2579345703125,345.2579345703125,17.30616213385025
"HUST","HUST_3-1.pkl","absolute_cycle","20_cycles",20.0,1995,20,0.01002506259828806,1975.0,499.6234130859375,1475.3765869140625,73.95371362977757
"HUST","HUST_3-1.pkl","absolute_cycle","50_cycles",50.0,1995,50,0.02506265603005886,1945.0,547.479248046875,1397.520751953125,70.05116551143483
"HUST","HUST_3-1.pkl","absolute_cycle","100_cycles",100.0,1995,100,0.05012531206011772,1895.0,585.5084228515625,1309.4915771484375,65.6386755462876
"HUST","HUST_3-1.pkl","absolute_cycle","200_cycles",200.0,1995,200,0.10025062412023544,1795.0,617.588134765625,1177.411865234375,59.01813860823935
"HUST","HUST_3-1.pkl","absolute_cycle","500_cycles",500.0,1995,500,0.2506265640258789,1495.0,651.9715576171875,843.0284423828125,42.257064781093355
"HUST","HUST_3-2.pkl","life_fraction","20%",0.20000000298023224,2353,471,0.20016999542713165,1882.0,646.2697143554688,1235.730224609375,52.517221615358054
"HUST","HUST_3-2.pkl","life_fraction","40%",0.4000000059604645,2353,941,0.39991500973701477,1412.0,686.5614013671875,725.4385986328125,30.830369682652464
"HUST","HUST_3-2.pkl","life_fraction","60%",0.6000000238418579,2353,1412,0.6000850200653076,941.0,725.8116455078125,215.1883544921875,9.145276434007119
"HUST","HUST_3-2.pkl","life_fraction","80%",0.800000011920929,2353,1882,0.7998300194740295,471.0,747.2965087890625,276.2965087890625,11.74230806583351
"HUST","HUST_3-2.pkl","absolute_cycle","20_cycles",20.0,2353,20,0.00849978718906641,2333.0,498.38531494140625,1834.61474609375,77.96917747954738
"HUST","HUST_3-2.pkl","absolute_cycle","50_cycles",50.0,2353,50,0.021249469369649887,2303.0,545.529052734375,1757.470947265625,74.69064799258925
"HUST","HUST_3-2.pkl","absolute_cycle","100_cycles",100.0,2353,100,0.042498938739299774,2253.0,583.9471435546875,1669.0528564453125,70.93297307459892
"HUST","HUST_3-2.pkl","absolute_cycle","200_cycles",200.0,2353,200,0.08499787747859955,2153.0,617.0824584960938,1535.91748046875,65.27486104839566
"HUST","HUST_3-2.pkl","absolute_cycle","500_cycles",500.0,2353,500,0.21249468624591827,1853.0,648.875244140625,1204.124755859375,51.1740227734541
"HUST","HUST_3-3.pkl","life_fraction","20%",0.20000000298023224,1698,340,0.20023557543754578,1358.0,634.5350952148438,723.4649047851562,42.606884851893774
"HUST","HUST_3-3.pkl","life_fraction","40%",0.4000000059604645,1698,679,0.3998822271823883,1019.0,666.6866455078125,352.3133544921875,20.74872523511116
"HUST","HUST_3-3.pkl","life_fraction","60%",0.6000000238418579,1698,1019,0.6001178026199341,679.0,698.0386352539062,19.03863525390625,1.1212388253183894
"HUST","HUST_3-3.pkl","life_fraction","80%",0.800000011920929,1698,1358,0.7997644543647766,340.0,729.2518310546875,389.2518310546875,22.924136104516343
"HUST","HUST_3-3.pkl","absolute_cycle","20_cycles",20.0,1698,20,0.011778563261032104,1678.0,498.8899230957031,1179.110107421875,69.44111351130006
"HUST","HUST_3-3.pkl","absolute_cycle","50_cycles",50.0,1698,50,0.02944640815258026,1648.0,544.43115234375,1103.56884765625,64.99227606927268
"HUST","HUST_3-3.pkl","absolute_cycle","100_cycles",100.0,1698,100,0.05889281630516052,1598.0,582.4818115234375,1015.5181884765625,59.80672488083407
"HUST","HUST_3-3.pkl","absolute_cycle","200_cycles",200.0,1698,200,0.11778563261032104,1498.0,615.837646484375,882.162353515625,51.95302435309924
"HUST","HUST_3-3.pkl","absolute_cycle","500_cycles",500.0,1698,500,0.2944640815258026,1198.0,649.330322265625,548.669677734375,32.31270186892668
"HUST","HUST_3-4.pkl","life_fraction","20%",0.20000000298023224,1829,366,0.2001093477010727,1463.0,639.1923217773438,823.8076782226562,45.04142581862527
"HUST","HUST_3-4.pkl","life_fraction","40%",0.4000000059604645,1829,732,0.4002186954021454,1097.0,665.6749877929688,431.32501220703125,23.58255944270264
"HUST","HUST_3-4.pkl","life_fraction","60%",0.6000000238418579,1829,1097,0.5997812747955322,732.0,691.9034423828125,40.0965576171875,2.192266682186304
"HUST","HUST_3-4.pkl","life_fraction","80%",0.800000011920929,1829,1463,0.7998906373977661,366.0,709.70263671875,343.70263671875,18.791833609554402
"HUST","HUST_3-4.pkl","absolute_cycle","20_cycles",20.0,1829,20,0.010934936814010143,1809.0,489.0900573730469,1319.909912109375,72.165659492038
"HUST","HUST_3-4.pkl","absolute_cycle","50_cycles",50.0,1829,50,0.027337342500686646,1779.0,545.203369140625,1233.796630859375,67.45744291193958
"HUST","HUST_3-4.pkl","absolute_cycle","100_cycles",100.0,1829,100,0.05467468500137329,1729.0,585.1181030273438,1143.8818359375,62.541379766949156
"HUST","HUST_3-4.pkl","absolute_cycle","200_cycles",200.0,1829,200,0.10934937000274658,1629.0,616.8923950195312,1012.1076049804688,55.336665116482706
"HUST","HUST_3-4.pkl","absolute_cycle","500_cycles",500.0,1829,500,0.27337342500686646,1329.0,650.33642578125,678.66357421875,37.105717562534174
"HUST","HUST_3-5.pkl","life_fraction","20%",0.20000000298023224,2768,554,0.20014451444149017,2214.0,671.6491088867188,1542.350830078125,55.72076698259122
"HUST","HUST_3-5.pkl","life_fraction","40%",0.4000000059604645,2768,1107,0.3999277353286743,1661.0,714.851318359375,946.148681640625,34.181672024589055
"HUST","HUST_3-5.pkl","life_fraction","60%",0.6000000238418579,2768,1661,0.6000722646713257,1107.0,752.291015625,354.708984375,12.814630938403178
"HUST","HUST_3-5.pkl","life_fraction","80%",0.800000011920929,2768,2214,0.7998554706573486,554.0,761.9945678710938,207.99456787109375,7.514254619620439
"HUST","HUST_3-5.pkl","absolute_cycle","20_cycles",20.0,2768,20,0.007225433364510536,2748.0,488.9753112792969,2259.024658203125,81.61216250733833
"HUST","HUST_3-5.pkl","absolute_cycle","50_cycles",50.0,2768,50,0.018063584342598915,2718.0,550.7789916992188,2167.220947265625,78.2955544532379
"HUST","HUST_3-5.pkl","absolute_cycle","100_cycles",100.0,2768,100,0.03612716868519783,2668.0,593.7363891601562,2074.263671875,74.93727138276734
"HUST","HUST_3-5.pkl","absolute_cycle","200_cycles",200.0,2768,200,0.07225433737039566,2568.0,627.9425048828125,1940.0574951171875,70.08878233804869
"HUST","HUST_3-5.pkl","absolute_cycle","500_cycles",500.0,2768,500,0.18063583970069885,2268.0,667.280029296875,1600.719970703125,57.82947871037301
"HUST","HUST_3-6.pkl","life_fraction","20%",0.20000000298023224,2575,515,0.20000000298023224,2060.0,652.9548950195312,1407.045166015625,54.6425307190534
"HUST","HUST_3-6.pkl","life_fraction","40%",0.4000000059604645,2575,1030,0.4000000059604645,1545.0,697.0919189453125,847.9080810546875,32.92846916717233
"HUST","HUST_3-6.pkl","life_fraction","60%",0.6000000238418579,2575,1545,0.6000000238418579,1030.0,736.8068237304688,293.19317626953125,11.386142767748787
"HUST","HUST_3-6.pkl","life_fraction","80%",0.800000011920929,2575,2060,0.800000011920929,515.0,757.1927490234375,242.1927490234375,9.40554365139563
"HUST","HUST_3-6.pkl","absolute_cycle","20_cycles",20.0,2575,20,0.007766990456730127,2555.0,499.88800048828125,2055.112060546875,79.8101771086165
"HUST","HUST_3-6.pkl","absolute_cycle","50_cycles",50.0,2575,50,0.019417475908994675,2525.0,548.1109619140625,1976.8890380859375,76.7723898285801
"HUST","HUST_3-6.pkl","absolute_cycle","100_cycles",100.0,2575,100,0.03883495181798935,2475.0,586.3311767578125,1888.6688232421875,73.34636206765776
"HUST","HUST_3-6.pkl","absolute_cycle","200_cycles",200.0,2575,200,0.0776699036359787,2375.0,618.2914428710938,1756.70849609375,68.22168916868932
"HUST","HUST_3-6.pkl","absolute_cycle","500_cycles",500.0,2575,500,0.19417475163936615,2075.0,651.47509765625,1423.52490234375,55.282520479368934
"HUST","HUST_3-7.pkl","life_fraction","20%",0.20000000298023224,2569,514,0.2000778466463089,2055.0,655.2130126953125,1399.7869873046875,54.4876211484892
"HUST","HUST_3-7.pkl","life_fraction","40%",0.4000000059604645,2569,1028,0.4001556932926178,1541.0,691.8753662109375,849.1246337890625,33.05273000346681
"HUST","HUST_3-7.pkl","life_fraction","60%",0.6000000238418579,2569,1541,0.5998442769050598,1028.0,728.6932373046875,299.3067626953125,11.650710887322402
"HUST","HUST_3-7.pkl","life_fraction","80%",0.800000011920929,2569,2055,0.7999221682548523,514.0,742.4063720703125,228.4063720703125,8.890866954858408
"HUST","HUST_3-7.pkl","absolute_cycle","20_cycles",20.0,2569,20,0.0077851302921772,2549.0,490.5870361328125,2058.4130859375,80.12507146506422
"HUST","HUST_3-7.pkl","absolute_cycle","50_cycles",50.0,2569,50,0.019462825730443,2519.0,548.0690307617188,1970.930908203125,76.71977065796516
"HUST","HUST_3-7.pkl","absolute_cycle","100_cycles",100.0,2569,100,0.038925651460886,2469.0,588.9483032226562,1880.0517578125,73.18224047537953
"HUST","HUST_3-7.pkl","absolute_cycle","200_cycles",200.0,2569,200,0.077851302921772,2369.0,621.0910034179688,1747.908935546875,68.0384949609527
"HUST","HUST_3-7.pkl","absolute_cycle","500_cycles",500.0,2569,500,0.1946282535791397,2069.0,654.1559448242188,1414.843994140625,55.073724956816854
"HUST","HUST_3-8.pkl","life_fraction","20%",0.20000000298023224,2412,482,0.1998341679573059,1930.0,645.0822143554688,1284.917724609375,53.27187912974192
"HUST","HUST_3-8.pkl","life_fraction","40%",0.4000000059604645,2412,965,0.40008291602134705,1447.0,686.034423828125,760.965576171875,31.549153240956674
"HUST","HUST_3-8.pkl","life_fraction","60%",0.6000000238418579,2412,1447,0.5999170541763306,965.0,722.8310546875,242.1689453125,10.040171862043946
"HUST","HUST_3-8.pkl","life_fraction","80%",0.800000011920929,2412,1930,0.8001658320426941,482.0,759.236328125,277.236328125,11.49404345460199
"HUST","HUST_3-8.pkl","absolute_cycle","20_cycles",20.0,2412,20,0.008291874080896378,2392.0,494.27960205078125,1897.720458984375,78.67829431941853
"HUST","HUST_3-8.pkl","absolute_cycle","50_cycles",50.0,2412,50,0.020729685202240944,2362.0,539.022216796875,1822.977783203125,75.5795100830483
"HUST","HUST_3-8.pkl","absolute_cycle","100_cycles",100.0,2412,100,0.04145937040448189,2312.0,577.7225341796875,1734.2774658203125,71.90205082173766
"HUST","HUST_3-8.pkl","absolute_cycle","200_cycles",200.0,2412,200,0.08291874080896378,2212.0,613.6156616210938,1598.38427734375,66.26800486499793
"HUST","HUST_3-8.pkl","absolute_cycle","500_cycles",500.0,2412,500,0.20729684829711914,1912.0,646.498779296875,1265.501220703125,52.46688311372824
"HUST","HUST_4-1.pkl","life_fraction","20%",0.20000000298023224,2278,456,0.20017559826374054,1822.0,650.5778198242188,1171.422119140625,51.42327125288082
"HUST","HUST_4-1.pkl","life_fraction","40%",0.4000000059604645,2278,911,0.3999122083187103,1367.0,690.0006713867188,676.9993286132812,29.719022327185304
"HUST","HUST_4-1.pkl","life_fraction","60%",0.6000000238418579,2278,1367,0.6000878214836121,911.0,724.8966064453125,186.1033935546875,8.169595854024912
"HUST","HUST_4-1.pkl","life_fraction","80%",0.800000011920929,2278,1822,0.7998244166374207,456.0,762.67626953125,306.67626953125,13.462522806464003
"HUST","HUST_4-1.pkl","absolute_cycle","20_cycles",20.0,2278,20,0.008779630996286869,2258.0,483.8214416503906,1774.1785888671875,77.88316895817329
"HUST","HUST_4-1.pkl","absolute_cycle","50_cycles",50.0,2278,50,0.021949078887701035,2228.0,540.1734008789062,1687.82666015625,74.09247849676251
"HUST","HUST_4-1.pkl","absolute_cycle","100_cycles",100.0,2278,100,0.04389815777540207,2178.0,583.8511962890625,1594.1488037109375,69.98019331479094
"HUST","HUST_4-1.pkl","absolute_cycle","200_cycles",200.0,2278,200,0.08779631555080414,2078.0,620.506591796875,1457.493408203125,63.98127340663411
"HUST","HUST_4-1.pkl","absolute_cycle","500_cycles",500.0,2278,500,0.21949078142642975,1778.0,654.5125122070312,1123.487548828125,49.31903199421093
"HUST","HUST_4-2.pkl","life_fraction","20%",0.20000000298023224,1812,362,0.19977924227714539,1450.0,670.7224731445312,779.2775268554688,43.006486029551255
"HUST","HUST_4-2.pkl","life_fraction","40%",0.4000000059604645,1812,725,0.4001103639602661,1087.0,721.4735107421875,365.5264892578125,20.17254355727442
"HUST","HUST_4-2.pkl","life_fraction","60%",0.6000000238418579,1812,1087,0.5998896360397339,725.0,763.7006225585938,38.70062255859375,2.13579594694226
"HUST","HUST_4-2.pkl","life_fraction","80%",0.800000011920929,1812,1450,0.8002207279205322,362.0,791.3903198242188,429.39031982421875,23.697037517892866
"HUST","HUST_4-2.pkl","absolute_cycle","20_cycles",20.0,1812,20,0.011037527583539486,1792.0,506.6170349121094,1285.3829345703125,70.93724804471923
"HUST","HUST_4-2.pkl","absolute_cycle","50_cycles",50.0,1812,50,0.027593819424510002,1762.0,566.239013671875,1195.760986328125,65.99122441104443
"HUST","HUST_4-2.pkl","absolute_cycle","100_cycles",100.0,1812,100,0.055187638849020004,1712.0,604.798583984375,1107.201416015625,61.10383090593957
"HUST","HUST_4-2.pkl","absolute_cycle","200_cycles",200.0,1812,200,0.11037527769804001,1612.0,639.369384765625,972.630615234375,53.67718627121275
"HUST","HUST_4-2.pkl","absolute_cycle","500_cycles",500.0,1812,500,0.2759381830692291,1312.0,691.4107055664062,620.5892944335938,34.248857308697225
"HUST","HUST_4-3.pkl","life_fraction","20%",0.20000000298023224,1164,233,0.2001718282699585,931.0,654.6025390625,276.3974609375,23.74548633483677
"HUST","HUST_4-3.pkl","life_fraction","40%",0.4000000059604645,1164,466,0.400343656539917,698.0,685.516357421875,12.483642578125,1.0724778847186427
"HUST","HUST_4-3.pkl","life_fraction","60%",0.6000000238418579,1164,698,0.599656343460083,466.0,711.1111450195312,245.11114501953125,21.05765850683258
"HUST","HUST_4-3.pkl","life_fraction","80%",0.800000011920929,1164,931,0.7998281717300415,233.0,699.7202758789062,466.72027587890625,40.09624363220844
"HUST","HUST_4-3.pkl","absolute_cycle","20_cycles",20.0,1164,20,0.017182130366563797,1144.0,508.2462158203125,635.7537841796875,54.61802269584944
"HUST","HUST_4-3.pkl","absolute_cycle","50_cycles",50.0,1164,50,0.04295532777905464,1114.0,573.4037475585938,540.5962524414062,46.44297701386652
"HUST","HUST_4-3.pkl","absolute_cycle","100_cycles",100.0,1164,100,0.08591065555810928,1064.0,612.7844848632812,451.21551513671875,38.76421951346381
"HUST","HUST_4-3.pkl","absolute_cycle","200_cycles",200.0,1164,200,0.17182131111621857,964.0,647.5670166015625,316.4329833984375,27.18496420948776
"HUST","HUST_4-3.pkl","absolute_cycle","500_cycles",500.0,1164,500,0.4295532703399658,664.0,688.458740234375,24.458740234375,2.1012663431593643
"HUST","HUST_4-4.pkl","life_fraction","20%",0.20000000298023224,1528,306,0.20026178658008575,1222.0,659.1287841796875,562.8712158203125,36.83712145420893
"HUST","HUST_4-4.pkl","life_fraction","40%",0.4000000059604645,1528,611,0.3998691141605377,917.0,690.2161865234375,226.7838134765625,14.841872609722676
"HUST","HUST_4-4.pkl","life_fraction","60%",0.6000000238418579,1528,917,0.6001309156417847,611.0,720.2797241210938,109.27972412109375,7.151814405830743
"HUST","HUST_4-4.pkl","life_fraction","80%",0.800000011920929,1528,1222,0.7997382283210754,306.0,715.8125,409.8125,26.820189790575917
"HUST","HUST_4-4.pkl","absolute_cycle","20_cycles",20.0,1528,20,0.013089004904031754,1508.0,505.42462158203125,1002.5753784179688,65.61357188599271
"HUST","HUST_4-4.pkl","absolute_cycle","50_cycles",50.0,1528,50,0.03272251412272453,1478.0,567.6597290039062,910.3402709960938,59.5772428662365
"HUST","HUST_4-4.pkl","absolute_cycle","100_cycles",100.0,1528,100,0.06544502824544907,1428.0,606.2645874023438,821.7354125976562,53.77849558885185
"HUST","HUST_4-4.pkl","absolute_cycle","200_cycles",200.0,1528,200,0.13089005649089813,1328.0,639.5559692382812,688.4440307617188,45.05523761529573
"HUST","HUST_4-4.pkl","absolute_cycle","500_cycles",500.0,1528,500,0.32722511887550354,1028.0,680.4285278320312,347.57147216796875,22.746824094762353
"HUST","HUST_4-5.pkl","life_fraction","20%",0.20000000298023224,1600,320,0.20000000298023224,1280.0,661.1786499023438,618.8213500976562,38.676334381103516
"HUST","HUST_4-5.pkl","life_fraction","40%",0.4000000059604645,1600,640,0.4000000059604645,960.0,694.7998657226562,265.20013427734375,16.575008392333984
"HUST","HUST_4-5.pkl","life_fraction","60%",0.6000000238418579,1600,960,0.6000000238418579,640.0,726.3455810546875,86.3455810546875,5.396598815917969
"HUST","HUST_4-5.pkl","life_fraction","80%",0.800000011920929,1600,1280,0.800000011920929,320.0,730.9193115234375,410.9193115234375,25.682456970214844
"HUST","HUST_4-5.pkl","absolute_cycle","20_cycles",20.0,1600,20,0.012500000186264515,1580.0,496.6317443847656,1083.3682861328125,67.71051788330078
"HUST","HUST_4-5.pkl","absolute_cycle","50_cycles",50.0,1600,50,0.03125,1550.0,562.2247314453125,987.7752685546875,61.73595428466797
"HUST","HUST_4-5.pkl","absolute_cycle","100_cycles",100.0,1600,100,0.0625,1500.0,604.04541015625,895.95458984375,55.997161865234375
"HUST","HUST_4-5.pkl","absolute_cycle","200_cycles",200.0,1600,200,0.125,1400.0,638.3807983398438,761.6192016601562,47.601200103759766
"HUST","HUST_4-5.pkl","absolute_cycle","500_cycles",500.0,1600,500,0.3125,1100.0,682.44580078125,417.55419921875,26.097137451171875
"HUST","HUST_4-6.pkl","life_fraction","20%",0.20000000298023224,1420,284,0.20000000298023224,1136.0,653.473388671875,482.526611328125,33.98074727662852
"HUST","HUST_4-6.pkl","life_fraction","40%",0.4000000059604645,1420,568,0.4000000059604645,852.0,694.7371826171875,157.2628173828125,11.07484629456426
"HUST","HUST_4-6.pkl","life_fraction","60%",0.6000000238418579,1420,852,0.6000000238418579,568.0,728.184326171875,160.184326171875,11.280586350132042
"HUST","HUST_4-6.pkl","life_fraction","80%",0.800000011920929,1420,1136,0.800000011920929,284.0,737.96240234375,453.96240234375,31.969183263644368
"HUST","HUST_4-6.pkl","absolute_cycle","20_cycles",20.0,1420,20,0.014084506779909134,1400.0,500.4280700683594,899.5718994140625,63.3501337615537
"HUST","HUST_4-6.pkl","absolute_cycle","50_cycles",50.0,1420,50,0.035211268812417984,1370.0,564.4137573242188,805.5862426757812,56.731425540547974
"HUST","HUST_4-6.pkl","absolute_cycle","100_cycles",100.0,1420,100,0.07042253762483597,1320.0,604.479736328125,715.520263671875,50.388750962808096
"HUST","HUST_4-6.pkl","absolute_cycle","200_cycles",200.0,1420,200,0.14084507524967194,1220.0,637.1740112304688,582.8259887695312,41.044083716164174
"HUST","HUST_4-6.pkl","absolute_cycle","500_cycles",500.0,1420,500,0.35211268067359924,920.0,687.3467407226562,232.65325927734375,16.38403234347491
"HUST","HUST_4-7.pkl","life_fraction","20%",0.20000000298023224,2272,454,0.19982394576072693,1818.0,669.1286010742188,1148.871337890625,50.56652015363667
"HUST","HUST_4-7.pkl","life_fraction","40%",0.4000000059604645,2272,909,0.40008804202079773,1363.0,704.9437255859375,658.0562744140625,28.963744472449935
"HUST","HUST_4-7.pkl","life_fraction","60%",0.6000000238418579,2272,1363,0.5999119877815247,909.0,729.03564453125,179.96435546875,7.920966349856954
"HUST","HUST_4-7.pkl","life_fraction","80%",0.800000011920929,2272,1818,0.8001760840415955,454.0,723.5195922851562,269.51959228515625,11.86265811114244
"HUST","HUST_4-7.pkl","absolute_cycle","20_cycles",20.0,2272,20,0.008802817203104496,2252.0,496.3717346191406,1755.6282958984375,77.27237217862842
"HUST","HUST_4-7.pkl","absolute_cycle","50_cycles",50.0,2272,50,0.022007042542099953,2222.0,561.3024291992188,1660.697509765625,73.09408053545884
"HUST","HUST_4-7.pkl","absolute_cycle","100_cycles",100.0,2272,100,0.044014085084199905,2172.0,602.9152221679688,1569.084716796875,69.06182732380611
"HUST","HUST_4-7.pkl","absolute_cycle","200_cycles",200.0,2272,200,0.08802817016839981,2072.0,635.8935546875,1436.1064453125,63.20891044509243
"HUST","HUST_4-7.pkl","absolute_cycle","500_cycles",500.0,2272,500,0.22007042169570923,1772.0,672.8314208984375,1099.1685791015625,48.37889872806173
"HUST","HUST_4-8.pkl","life_fraction","20%",0.20000000298023224,1747,349,0.19977103173732758,1398.0,639.977294921875,758.022705078125,43.38996594608615
"HUST","HUST_4-8.pkl","life_fraction","40%",0.4000000059604645,1747,699,0.4001144766807556,1048.0,676.4164428710938,371.58355712890625,21.269808650767388
"HUST","HUST_4-8.pkl","life_fraction","60%",0.6000000238418579,1747,1048,0.5998855233192444,699.0,710.671875,11.671875,0.6681096164854036
"HUST","HUST_4-8.pkl","life_fraction","80%",0.800000011920929,1747,1398,0.8002289533615112,349.0,725.1334228515625,376.1334228515625,21.53024744427948
"HUST","HUST_4-8.pkl","absolute_cycle","20_cycles",20.0,1747,20,0.011448197066783905,1727.0,501.1468200683594,1225.8531494140625,70.16904117996923
"HUST","HUST_4-8.pkl","absolute_cycle","50_cycles",50.0,1747,50,0.028620492666959763,1697.0,551.0545043945312,1145.945556640625,65.59505189700201
"HUST","HUST_4-8.pkl","absolute_cycle","100_cycles",100.0,1747,100,0.057240985333919525,1647.0,588.4761962890625,1058.5238037109375,60.59094468866271
"HUST","HUST_4-8.pkl","absolute_cycle","200_cycles",200.0,1747,200,0.11448197066783905,1547.0,619.513427734375,927.486572265625,53.09024454869061
"HUST","HUST_4-8.pkl","absolute_cycle","500_cycles",500.0,1747,500,0.2862049341201782,1247.0,655.9208984375,591.0791015625,33.83394971737264
"HUST","HUST_5-1.pkl","life_fraction","20%",0.20000000298023224,2583,517,0.2001548558473587,2066.0,650.7095336914062,1415.29052734375,54.79250976940573
"HUST","HUST_5-1.pkl","life_fraction","40%",0.4000000059604645,2583,1033,0.39992257952690125,1550.0,682.14697265625,867.85302734375,33.5986460450542
"HUST","HUST_5-1.pkl","life_fraction","60%",0.6000000238418579,2583,1550,0.6000774502754211,1033.0,689.44140625,343.55859375,13.30075856562137
"HUST","HUST_5-1.pkl","life_fraction","80%",0.800000011920929,2583,2066,0.7998451590538025,517.0,684.3970947265625,167.3970947265625,6.480723760223094
"HUST","HUST_5-1.pkl","absolute_cycle","20_cycles",20.0,2583,20,0.0077429343946278095,2563.0,492.3835144042969,2070.616455078125,80.16323867898276
"HUST","HUST_5-1.pkl","absolute_cycle","50_cycles",50.0,2583,50,0.019357336685061455,2533.0,550.0756225585938,1982.92431640625,76.76826621781842
"HUST","HUST_5-1.pkl","absolute_cycle","100_cycles",100.0,2583,100,0.03871467337012291,2483.0,588.9136962890625,1894.0863037109375,73.32893161869677
"HUST","HUST_5-1.pkl","absolute_cycle","200_cycles",200.0,2583,200,0.07742934674024582,2383.0,619.9351806640625,1763.0648193359375,68.25647771335414
"HUST","HUST_5-1.pkl","absolute_cycle","500_cycles",500.0,2583,500,0.19357337057590485,2083.0,649.4984130859375,1433.5015869140625,55.49754498312282
"HUST","HUST_5-2.pkl","life_fraction","20%",0.20000000298023224,1981,396,0.19989904761314392,1585.0,641.5198974609375,943.4801025390625,47.626456463355
"HUST","HUST_5-2.pkl","life_fraction","40%",0.4000000059604645,1981,792,0.39979809522628784,1189.0,678.3443603515625,510.6556396484375,25.77766984595848
"HUST","HUST_5-2.pkl","life_fraction","60%",0.6000000238418579,1981,1189,0.6002019047737122,792.0,712.1475830078125,79.8524169921875,4.030914537717693
"HUST","HUST_5-2.pkl","life_fraction","80%",0.800000011920929,1981,1585,0.8001009821891785,396.0,722.9853515625,326.9853515625,16.50607529341242
"HUST","HUST_5-2.pkl","absolute_cycle","20_cycles",20.0,1981,20,0.010095911100506783,1961.0,501.45220947265625,1459.5478515625,73.67732718639576
"HUST","HUST_5-2.pkl","absolute_cycle","50_cycles",50.0,1981,50,0.02523977868258953,1931.0,549.5670776367188,1381.432861328125,69.73411717961257
"HUST","HUST_5-2.pkl","absolute_cycle","100_cycles",100.0,1981,100,0.05047955736517906,1881.0,586.1161499023438,1294.8837890625,65.36515845848056
"HUST","HUST_5-2.pkl","absolute_cycle","200_cycles",200.0,1981,200,0.10095911473035812,1781.0,616.0220947265625,1164.9779052734375,58.80756715161219
"HUST","HUST_5-2.pkl","absolute_cycle","500_cycles",500.0,1981,500,0.2523977756500244,1481.0,651.32080078125,829.67919921875,41.88183741639324
"HUST","HUST_5-3.pkl","life_fraction","20%",0.20000000298023224,2764,553,0.20007236301898956,2211.0,653.3779296875,1557.6220703125,56.353909924475396
"HUST","HUST_5-3.pkl","life_fraction","40%",0.4000000059604645,2764,1106,0.4001447260379791,1658.0,686.919189453125,971.080810546875,35.13316970140647
"HUST","HUST_5-3.pkl","life_fraction","60%",0.6000000238418579,2764,1658,0.5998553037643433,1106.0,700.4286499023438,405.57135009765625,14.673348411637345
"HUST","HUST_5-3.pkl","life_fraction","80%",0.800000011920929,2764,2211,0.7999276518821716,553.0,700.36376953125,147.36376953125,5.331540142230463
"HUST","HUST_5-3.pkl","absolute_cycle","20_cycles",20.0,2764,20,0.0072358897887170315,2744.0,491.33465576171875,2252.665283203125,81.50019114338369
"HUST","HUST_5-3.pkl","absolute_cycle","50_cycles",50.0,2764,50,0.018089724704623222,2714.0,548.3377075195312,2165.662353515625,78.35247299260583
"HUST","HUST_5-3.pkl","absolute_cycle","100_cycles",100.0,2764,100,0.036179449409246445,2664.0,587.5546875,2076.4453125,75.12464951157743
"HUST","HUST_5-3.pkl","absolute_cycle","200_cycles",200.0,2764,200,0.07235889881849289,2564.0,619.192138671875,1944.807861328125,70.36207891925199
"HUST","HUST_5-3.pkl","absolute_cycle","500_cycles",500.0,2764,500,0.18089725077152252,2264.0,650.1066284179688,1613.893310546875,58.389772451044685
"HUST","HUST_5-4.pkl","life_fraction","20%",0.20000000298023224,2025,405,0.20000000298023224,1620.0,671.2825927734375,948.7174072265625,46.850242332175924
"HUST","HUST_5-4.pkl","life_fraction","40%",0.4000000059604645,2025,810,0.4000000059604645,1215.0,700.5216674804688,514.4783325195312,25.406337408371915
"HUST","HUST_5-4.pkl","life_fraction","60%",0.6000000238418579,2025,1215,0.6000000238418579,810.0,710.51513671875,99.48486328125,4.91283275462963
"HUST","HUST_5-4.pkl","life_fraction","80%",0.800000011920929,2025,1620,0.800000011920929,405.0,706.1319580078125,301.1319580078125,14.870713975694445
"HUST","HUST_5-4.pkl","absolute_cycle","20_cycles",20.0,2025,20,0.009876543655991554,2005.0,503.3002014160156,1501.6998291015625,74.15801625192901
"HUST","HUST_5-4.pkl","absolute_cycle","50_cycles",50.0,2025,50,0.02469135820865631,1975.0,568.728271484375,1406.271728515625,69.44551745756173
"HUST","HUST_5-4.pkl","absolute_cycle","100_cycles",100.0,2025,100,0.04938271641731262,1925.0,609.2655029296875,1315.7344970703125,64.97454306520062
"HUST","HUST_5-4.pkl","absolute_cycle","200_cycles",200.0,2025,200,0.09876543283462524,1825.0,643.599609375,1181.400390625,58.340760030864196
"HUST","HUST_5-4.pkl","absolute_cycle","500_cycles",500.0,2025,500,0.2469135820865631,1525.0,679.42138671875,845.57861328125,41.756968557098766
"HUST","HUST_5-5.pkl","life_fraction","20%",0.20000000298023224,1634,327,0.2001224011182785,1307.0,635.922119140625,671.077880859375,41.06963775149174
"HUST","HUST_5-5.pkl","life_fraction","40%",0.4000000059604645,1634,654,0.400244802236557,980.0,670.6478271484375,309.3521728515625,18.932201520903458
"HUST","HUST_5-5.pkl","life_fraction","60%",0.6000000238418579,1634,980,0.5997552275657654,654.0,692.0578002929688,38.05780029296875,2.3291187449797275
"HUST","HUST_5-5.pkl","life_fraction","80%",0.800000011920929,1634,1307,0.7998775839805603,327.0,687.853759765625,360.853759765625,22.084073425068848
"HUST","HUST_5-5.pkl","absolute_cycle","20_cycles",20.0,1634,20,0.012239902280271053,1614.0,502.980712890625,1111.019287109375,67.99383642040239
"HUST","HUST_5-5.pkl","absolute_cycle","50_cycles",50.0,1634,50,0.03059975430369377,1584.0,551.7865600585938,1032.21337890625,63.17095342143513
"HUST","HUST_5-5.pkl","absolute_cycle","100_cycles",100.0,1634,100,0.06119950860738754,1534.0,588.0729370117188,945.9270629882812,57.89027313269775
"HUST","HUST_5-5.pkl","absolute_cycle","200_cycles",200.0,1634,200,0.12239901721477509,1434.0,617.6934814453125,816.3065185546875,49.957559275072676
"HUST","HUST_5-5.pkl","absolute_cycle","500_cycles",500.0,1634,500,0.3059975504875183,1134.0,654.93212890625,479.06787109375,29.31871916118421
"HUST","HUST_5-6.pkl","life_fraction","20%",0.20000000298023224,2538,508,0.20015759766101837,2030.0,646.2838745117188,1383.716064453125,54.51993949775906
"HUST","HUST_5-6.pkl","life_fraction","40%",0.4000000059604645,2538,1015,0.3999212086200714,1523.0,676.24951171875,846.75048828125,33.36290339957644
"HUST","HUST_5-6.pkl","life_fraction","60%",0.6000000238418579,2538,1523,0.600078821182251,1015.0,684.8603515625,330.1396484375,13.007866368695824
"HUST","HUST_5-6.pkl","life_fraction","80%",0.800000011920929,2538,2030,0.7998424172401428,508.0,681.5446166992188,173.54461669921875,6.837849357731235
"HUST","HUST_5-6.pkl","absolute_cycle","20_cycles",20.0,2538,20,0.00788022018969059,2518.0,490.6099853515625,2027.3900146484375,79.88140325643961
"HUST","HUST_5-6.pkl","absolute_cycle","50_cycles",50.0,2538,50,0.01970055140554905,2488.0,547.4227294921875,1940.5772705078125,76.46088536279797
"HUST","HUST_5-6.pkl","absolute_cycle","100_cycles",100.0,2538,100,0.0394011028110981,2438.0,586.9532470703125,1851.0467529296875,72.93328419738721
"HUST","HUST_5-6.pkl","absolute_cycle","200_cycles",200.0,2538,200,0.0788022056221962,2338.0,617.4766235351562,1720.5234375,67.79052157210401
"HUST","HUST_5-6.pkl","absolute_cycle","500_cycles",500.0,2538,500,0.1970055103302002,2038.0,645.8861694335938,1392.11376953125,54.85081834244484
"HUST","HUST_5-7.pkl","life_fraction","20%",0.20000000298023224,1490,298,0.20000000298023224,1192.0,637.02734375,554.97265625,37.24648699664429
"HUST","HUST_5-7.pkl","life_fraction","40%",0.4000000059604645,1490,596,0.4000000059604645,894.0,662.53173828125,231.46826171875,15.534782665687919
"HUST","HUST_5-7.pkl","life_fraction","60%",0.6000000238418579,1490,894,0.6000000238418579,596.0,684.233642578125,88.233642578125,5.921720978397651
"HUST","HUST_5-7.pkl","life_fraction","80%",0.800000011920929,1490,1192,0.800000011920929,298.0,683.72412109375,385.72412109375,25.887524905620804
"HUST","HUST_5-7.pkl","absolute_cycle","20_cycles",20.0,1490,20,0.01342281885445118,1470.0,491.3062438964844,978.6937255859375,65.68414265677433
"HUST","HUST_5-7.pkl","absolute_cycle","50_cycles",50.0,1490,50,0.033557046204805374,1440.0,549.7291259765625,890.2708740234375,59.749723088821305
"HUST","HUST_5-7.pkl","absolute_cycle","100_cycles",100.0,1490,100,0.06711409240961075,1390.0,589.4962768554688,800.5037231445312,53.725082090236995
"HUST","HUST_5-7.pkl","absolute_cycle","200_cycles",200.0,1490,200,0.1342281848192215,1290.0,622.15771484375,667.84228515625,44.82162987625839
"HUST","HUST_5-7.pkl","absolute_cycle","500_cycles",500.0,1490,500,0.33557048439979553,990.0,655.7905883789062,334.20941162109375,22.43016185376468
"HUST","HUST_6-1.pkl","life_fraction","20%",0.20000000298023224,1667,333,0.1997600495815277,1334.0,667.8070068359375,666.1929931640625,39.96358687246926
"HUST","HUST_6-1.pkl","life_fraction","40%",0.4000000059604645,1667,667,0.40011999011039734,1000.0,699.0339965820312,300.96600341796875,18.054349335211082
"HUST","HUST_6-1.pkl","life_fraction","60%",0.6000000238418579,1667,1000,0.599880039691925,667.0,707.5850830078125,40.5850830078125,2.4346180568573783
"HUST","HUST_6-1.pkl","life_fraction","80%",0.800000011920929,1667,1334,0.8002399802207947,333.0,701.11865234375,368.11865234375,22.08270260010498
"HUST","HUST_6-1.pkl","absolute_cycle","20_cycles",20.0,1667,20,0.011997600086033344,1647.0,503.1684265136719,1143.83154296875,68.61616934425615
"HUST","HUST_6-1.pkl","absolute_cycle","50_cycles",50.0,1667,50,0.029994001612067223,1617.0,568.237548828125,1048.762451171875,62.91316443742502
"HUST","HUST_6-1.pkl","absolute_cycle","100_cycles",100.0,1667,100,0.059988003224134445,1567.0,608.5204467773438,958.4795532226562,57.49727373861165
"HUST","HUST_6-1.pkl","absolute_cycle","200_cycles",200.0,1667,200,0.11997600644826889,1467.0,643.8258666992188,823.1741333007812,49.38057188367014
"HUST","HUST_6-1.pkl","absolute_cycle","500_cycles",500.0,1667,500,0.2999400198459625,1167.0,683.6362915039062,483.36370849609375,28.996023305104604
"HUST","HUST_6-2.pkl","life_fraction","20%",0.20000000298023224,1972,394,0.1997971534729004,1578.0,639.3876953125,938.6123046875,47.5969728543357
"HUST","HUST_6-2.pkl","life_fraction","40%",0.4000000059604645,1972,789,0.4001014232635498,1183.0,676.131591796875,506.868408203125,25.703266136061107
"HUST","HUST_6-2.pkl","life_fraction","60%",0.6000000238418579,1972,1183,0.5998985767364502,789.0,709.3265991210938,79.67340087890625,4.040233310289364
"HUST","HUST_6-2.pkl","life_fraction","80%",0.800000011920929,1972,1578,0.8002028465270996,394.0,705.5872802734375,311.5872802734375,15.800572021979589
"HUST","HUST_6-2.pkl","absolute_cycle","20_cycles",20.0,1972,20,0.010141988284885883,1952.0,501.4989318847656,1450.5010986328125,73.55482244588299
"HUST","HUST_6-2.pkl","absolute_cycle","50_cycles",50.0,1972,50,0.02535497024655342,1922.0,549.3906860351562,1372.609375,69.60493788032454
"HUST","HUST_6-2.pkl","absolute_cycle","100_cycles",100.0,1972,100,0.05070994049310684,1872.0,586.3009643554688,1285.698974609375,65.19771676518128
"HUST","HUST_6-2.pkl","absolute_cycle","200_cycles",200.0,1972,200,0.10141988098621368,1772.0,616.3984985351562,1155.6015625,58.6004849137931
"HUST","HUST_6-2.pkl","absolute_cycle","500_cycles",500.0,1972,500,0.2535496950149536,1472.0,650.376220703125,821.623779296875,41.66449185075431
"HUST","HUST_6-3.pkl","life_fraction","20%",0.20000000298023224,1869,374,0.20010700821876526,1495.0,636.7800903320312,858.2199096679688,45.91866825403792
"HUST","HUST_6-3.pkl","life_fraction","40%",0.4000000059604645,1869,748,0.4002140164375305,1121.0,670.16796875,450.83203125,24.121564004815408
"HUST","HUST_6-3.pkl","life_fraction","60%",0.6000000238418579,1869,1121,0.5997859835624695,748.0,702.20361328125,45.79638671875,2.450314966225254
"HUST","HUST_6-3.pkl","life_fraction","80%",0.800000011920929,1869,1495,0.7998929619789124,374.0,710.4526977539062,336.45269775390625,18.00174947853966
"HUST","HUST_6-3.pkl","absolute_cycle","20_cycles",20.0,1869,20,0.010700909420847893,1849.0,499.956787109375,1349.043212890625,72.17994718515918
"HUST","HUST_6-3.pkl","absolute_cycle","50_cycles",50.0,1869,50,0.026752274483442307,1819.0,547.5571899414062,1271.44287109375,68.02797598147406
"HUST","HUST_6-3.pkl","absolute_cycle","100_cycles",100.0,1869,100,0.05350454896688461,1769.0,585.4642333984375,1183.5357666015625,63.32454609960206
"HUST","HUST_6-3.pkl","absolute_cycle","200_cycles",200.0,1869,200,0.10700909793376923,1669.0,617.146728515625,1051.853271484375,56.278933733781436
"HUST","HUST_6-3.pkl","absolute_cycle","500_cycles",500.0,1869,500,0.26752275228500366,1369.0,648.4666137695312,720.5333862304688,38.55181306744081
"HUST","HUST_6-4.pkl","life_fraction","20%",0.20000000298023224,1779,356,0.20011241734027863,1423.0,637.7762451171875,785.2237548828125,44.13849099959598
"HUST","HUST_6-4.pkl","life_fraction","40%",0.4000000059604645,1779,712,0.40022483468055725,1067.0,663.44580078125,403.55419921875,22.68432823039629
"HUST","HUST_6-4.pkl","life_fraction","60%",0.6000000238418579,1779,1067,0.5997751355171204,712.0,684.71875,27.28125,1.5335160202360878
"HUST","HUST_6-4.pkl","life_fraction","80%",0.800000011920929,1779,1423,0.7998875975608826,356.0,685.04248046875,329.04248046875,18.49592357890669
"HUST","HUST_6-4.pkl","absolute_cycle","20_cycles",20.0,1779,20,0.011242271400988102,1759.0,490.3784484863281,1268.62158203125,71.3109377195756
"HUST","HUST_6-4.pkl","absolute_cycle","50_cycles",50.0,1779,50,0.028105678036808968,1729.0,547.4642944335938,1181.53564453125,66.41571919793424
"HUST","HUST_6-4.pkl","absolute_cycle","100_cycles",100.0,1779,100,0.056211356073617935,1679.0,586.5723876953125,1092.4276123046875,61.4068359923939
"HUST","HUST_6-4.pkl","absolute_cycle","200_cycles",200.0,1779,200,0.11242271214723587,1579.0,617.7477416992188,961.2522583007812,54.033291641415474
"HUST","HUST_6-4.pkl","absolute_cycle","500_cycles",500.0,1779,500,0.2810567617416382,1279.0,648.2257080078125,630.7742919921875,35.45667745880762
"HUST","HUST_6-5.pkl","life_fraction","20%",0.20000000298023224,2255,451,0.20000000298023224,1804.0,637.7816772460938,1166.21826171875,51.716996085088695
"HUST","HUST_6-5.pkl","life_fraction","40%",0.4000000059604645,2255,902,0.4000000059604645,1353.0,659.367431640625,693.632568359375,30.759759129018846
"HUST","HUST_6-5.pkl","life_fraction","60%",0.6000000238418579,2255,1353,0.6000000238418579,902.0,676.05029296875,225.94970703125,10.01994266213969
"HUST","HUST_6-5.pkl","life_fraction","80%",0.800000011920929,2255,1804,0.800000011920929,451.0,682.6596069335938,231.65960693359375,10.273153300824557
"HUST","HUST_6-5.pkl","absolute_cycle","20_cycles",20.0,2255,20,0.008869179524481297,2235.0,489.76165771484375,1745.23828125,77.39415881374723
"HUST","HUST_6-5.pkl","absolute_cycle","50_cycles",50.0,2255,50,0.022172948345541954,2205.0,545.1906127929688,1659.809326171875,73.60573508522727
"HUST","HUST_6-5.pkl","absolute_cycle","100_cycles",100.0,2255,100,0.04434589669108391,2155.0,584.7990112304688,1570.200927734375,69.63197018777716
"HUST","HUST_6-5.pkl","absolute_cycle","200_cycles",200.0,2255,200,0.08869179338216782,2055.0,615.859130859375,1439.140869140625,63.8199941969235
"HUST","HUST_6-5.pkl","absolute_cycle","500_cycles",500.0,2255,500,0.22172948718070984,1755.0,640.3506469726562,1114.6494140625,49.43012922671841
"HUST","HUST_6-6.pkl","life_fraction","20%",0.20000000298023224,2542,508,0.1998426467180252,2034.0,673.7066040039062,1360.29345703125,53.51272450949056
"HUST","HUST_6-6.pkl","life_fraction","40%",0.4000000059604645,2542,1017,0.400078684091568,1525.0,727.0638427734375,797.9361572265625,31.390092731178697
"HUST","HUST_6-6.pkl","life_fraction","60%",0.6000000238418579,2542,1525,0.5999213457107544,1017.0,747.7554931640625,269.2445068359375,10.591837405032946
"HUST","HUST_6-6.pkl","life_fraction","80%",0.800000011920929,2542,2034,0.800157368183136,508.0,747.7647705078125,239.7647705078125,9.432131019190106
"HUST","HUST_6-6.pkl","absolute_cycle","20_cycles",20.0,2542,20,0.00786782056093216,2522.0,505.14385986328125,2016.856201171875,79.341313972143
"HUST","HUST_6-6.pkl","absolute_cycle","50_cycles",50.0,2542,50,0.0196695514023304,2492.0,559.81201171875,1932.18798828125,76.01054241861723
"HUST","HUST_6-6.pkl","absolute_cycle","100_cycles",100.0,2542,100,0.0393391028046608,2442.0,596.9869995117188,1845.012939453125,72.58115418777045
"HUST","HUST_6-6.pkl","absolute_cycle","200_cycles",200.0,2542,200,0.0786782056093216,2342.0,627.6912231445312,1714.308837890625,67.4393720649341
"HUST","HUST_6-6.pkl","absolute_cycle","500_cycles",500.0,2542,500,0.19669552147388458,2042.0,672.9615478515625,1369.0384521484375,53.85674477373869
"HUST","HUST_6-8.pkl","life_fraction","20%",0.20000000298023224,2574,515,0.20007769763469696,2059.0,655.8851928710938,1403.11474609375,54.51106239680458
"HUST","HUST_6-8.pkl","life_fraction","40%",0.4000000059604645,2574,1030,0.4001553952693939,1544.0,696.130615234375,847.869384765625,32.93975853790307
"HUST","HUST_6-8.pkl","life_fraction","60%",0.6000000238418579,2574,1544,0.5998445749282837,1030.0,727.3228759765625,302.6771240234375,11.759018027328574
"HUST","HUST_6-8.pkl","life_fraction","80%",0.800000011920929,2574,2059,0.7999222874641418,515.0,729.5831298828125,214.5831298828125,8.336562932510198
"HUST","HUST_6-8.pkl","absolute_cycle","20_cycles",20.0,2574,20,0.0077700079418718815,2554.0,488.89239501953125,2065.107666015625,80.22951305422009
"HUST","HUST_6-8.pkl","absolute_cycle","50_cycles",50.0,2574,50,0.01942501962184906,2524.0,545.4044799804688,1978.595458984375,76.86851045005342
"HUST","HUST_6-8.pkl","absolute_cycle","100_cycles",100.0,2574,100,0.03885003924369812,2474.0,587.5139770507812,1886.486083984375,73.29005765285062
"HUST","HUST_6-8.pkl","absolute_cycle","200_cycles",200.0,2574,200,0.07770007848739624,2374.0,621.1096801757812,1752.890380859375,68.09985939624612
"HUST","HUST_6-8.pkl","absolute_cycle","500_cycles",500.0,2574,500,0.1942501962184906,2074.0,654.6075439453125,1419.3924560546875,55.14345206117667
"HUST","HUST_7-1.pkl","life_fraction","20%",0.20000000298023224,1752,350,0.1997716873884201,1402.0,646.0394897460938,755.9605102539062,43.14843095056543
"HUST","HUST_7-1.pkl","life_fraction","40%",0.4000000059604645,1752,701,0.40011414885520935,1051.0,678.095947265625,372.904052734375,21.28447789579766
"HUST","HUST_7-1.pkl","life_fraction","60%",0.6000000238418579,1752,1051,0.5998858213424683,701.0,709.288330078125,8.288330078125,0.4730782008062215
"HUST","HUST_7-1.pkl","life_fraction","80%",0.800000011920929,1752,1402,0.8002282977104187,350.0,731.4722900390625,381.4722900390625,21.77353253647617
"HUST","HUST_7-1.pkl","absolute_cycle","20_cycles",20.0,1752,20,0.01141552533954382,1732.0,485.6560974121094,1246.3438720703125,71.13834886246076
"HUST","HUST_7-1.pkl","absolute_cycle","50_cycles",50.0,1752,50,0.028538811951875687,1702.0,544.692626953125,1157.307373046875,66.05635690906821
"HUST","HUST_7-1.pkl","absolute_cycle","100_cycles",100.0,1752,100,0.05707762390375137,1652.0,588.8613891601562,1063.138671875,60.68143104309361
"HUST","HUST_7-1.pkl","absolute_cycle","200_cycles",200.0,1752,200,0.11415524780750275,1552.0,624.549560546875,927.450439453125,52.936668918557366
"HUST","HUST_7-1.pkl","absolute_cycle","500_cycles",500.0,1752,500,0.28538814187049866,1252.0,660.5527954101562,591.4472045898438,33.7584020884614
"HUST","HUST_7-2.pkl","life_fraction","20%",0.20000000298023224,2088,418,0.20019157230854034,1670.0,646.0595703125,1023.9404296875,49.0392926095546
"HUST","HUST_7-2.pkl","life_fraction","40%",0.4000000059604645,2088,835,0.3999042212963104,1253.0,685.775634765625,567.224365234375,27.16591787520953
"HUST","HUST_7-2.pkl","life_fraction","60%",0.6000000238418579,2088,1253,0.600095808506012,835.0,721.2698974609375,113.7301025390625,5.446843991334411
"HUST","HUST_7-2.pkl","life_fraction","80%",0.800000011920929,2088,1670,0.7998084425926208,418.0,758.121337890625,340.121337890625,16.289336105872845
"HUST","HUST_7-2.pkl","absolute_cycle","20_cycles",20.0,2088,20,0.009578543715178967,2068.0,490.5992126464844,1577.4007568359375,75.54601325842613
"HUST","HUST_7-2.pkl","absolute_cycle","50_cycles",50.0,2088,50,0.023946359753608704,2038.0,538.389892578125,1499.610107421875,71.82040744357639
"HUST","HUST_7-2.pkl","absolute_cycle","100_cycles",100.0,2088,100,0.04789271950721741,1988.0,579.5671997070312,1408.432861328125,67.45368109809027
"HUST","HUST_7-2.pkl","absolute_cycle","200_cycles",200.0,2088,200,0.09578543901443481,1888.0,618.1857299804688,1269.814208984375,60.81485675212524
"HUST","HUST_7-2.pkl","absolute_cycle","500_cycles",500.0,2088,500,0.23946359753608704,1588.0,653.8536376953125,934.1463623046875,44.73881045520534
"HUST","HUST_7-3.pkl","life_fraction","20%",0.20000000298023224,1318,264,0.20030349493026733,1054.0,691.9368286132812,362.06317138671875,27.470650332831468
"HUST","HUST_7-3.pkl","life_fraction","40%",0.4000000059604645,1318,527,0.39984825253486633,791.0,725.8421630859375,65.1578369140625,4.9436902059228
"HUST","HUST_7-3.pkl","life_fraction","60%",0.6000000238418579,1318,791,0.6001517176628113,527.0,749.7725830078125,222.7725830078125,16.902320410304437
"HUST","HUST_7-3.pkl","life_fraction","80%",0.800000011920929,1318,1054,0.7996965050697327,264.0,736.944091796875,472.944091796875,35.883466752418435
"HUST","HUST_7-3.pkl","absolute_cycle","20_cycles",20.0,1318,20,0.015174507163465023,1298.0,523.7313842773438,774.2686157226562,58.745721981992126
"HUST","HUST_7-3.pkl","absolute_cycle","50_cycles",50.0,1318,50,0.037936266511678696,1268.0,597.0676879882812,670.9323120117188,50.905334750509766
"HUST","HUST_7-3.pkl","absolute_cycle","100_cycles",100.0,1318,100,0.07587253302335739,1218.0,640.79150390625,577.20849609375,43.79427132729514
"HUST","HUST_7-3.pkl","absolute_cycle","200_cycles",200.0,1318,200,0.15174506604671478,1118.0,679.4301147460938,438.56988525390625,33.27540859286087
"HUST","HUST_7-3.pkl","absolute_cycle","500_cycles",500.0,1318,500,0.37936267256736755,818.0,722.6250610351562,95.37493896484375,7.236338312962348
"HUST","HUST_7-4.pkl","life_fraction","20%",0.20000000298023224,1421,284,0.19985924661159515,1137.0,665.0242919921875,471.9757080078125,33.214335538903065
"HUST","HUST_7-4.pkl","life_fraction","40%",0.4000000059604645,1421,568,0.3997184932231903,853.0,696.8489990234375,156.1510009765625,10.98881076541608
"HUST","HUST_7-4.pkl","life_fraction","60%",0.6000000238418579,1421,853,0.6002814769744873,568.0,721.8177490234375,153.8177490234375,10.824612879904118
"HUST","HUST_7-4.pkl","life_fraction","80%",0.800000011920929,1421,1137,0.8001407384872437,284.0,710.3115844726562,426.31158447265625,30.00081523382521
"HUST","HUST_7-4.pkl","absolute_cycle","20_cycles",20.0,1421,20,0.014074595645070076,1401.0,508.7104797363281,892.28955078125,62.7930718354152
"HUST","HUST_7-4.pkl","absolute_cycle","50_cycles",50.0,1421,50,0.035186488181352615,1371.0,576.2100830078125,794.7899169921875,55.93173237101953
"HUST","HUST_7-4.pkl","absolute_cycle","100_cycles",100.0,1421,100,0.07037297636270523,1321.0,615.1282958984375,705.8717041015625,49.67429304022255
"HUST","HUST_7-4.pkl","absolute_cycle","200_cycles",200.0,1421,200,0.14074595272541046,1221.0,648.0325927734375,572.9674072265625,40.32142204268561
"HUST","HUST_7-4.pkl","absolute_cycle","500_cycles",500.0,1421,500,0.35186487436294556,921.0,690.2422485351562,230.75775146484375,16.23910988492919
"HUST","HUST_7-5.pkl","life_fraction","20%",0.20000000298023224,1907,381,0.19979023933410645,1526.0,651.52734375,874.47265625,45.85593373099108
"HUST","HUST_7-5.pkl","life_fraction","40%",0.4000000059604645,1907,763,0.4001048803329468,1144.0,692.3629150390625,451.6370849609375,23.68311929527727
"HUST","HUST_7-5.pkl","life_fraction","60%",0.6000000238418579,1907,1144,0.5998951196670532,763.0,729.4305419921875,33.5694580078125,1.760328159822365
"HUST","HUST_7-5.pkl","life_fraction","80%",0.800000011920929,1907,1526,0.8002097606658936,381.0,756.6021728515625,375.6021728515625,19.695971308419637
"HUST","HUST_7-5.pkl","absolute_cycle","20_cycles",20.0,1907,20,0.010487676598131657,1887.0,499.67974853515625,1387.3203125,72.74883652333509
"HUST","HUST_7-5.pkl","absolute_cycle","50_cycles",50.0,1907,50,0.026219192892313004,1857.0,553.3473510742188,1303.652587890625,68.36143617675013
"HUST","HUST_7-5.pkl","absolute_cycle","100_cycles",100.0,1907,100,0.05243838578462601,1807.0,590.6182861328125,1216.3817138671875,63.785092494346486
"HUST","HUST_7-5.pkl","absolute_cycle","200_cycles",200.0,1907,200,0.10487677156925201,1707.0,622.4945068359375,1084.5054931640625,56.86971647425603
"HUST","HUST_7-5.pkl","absolute_cycle","500_cycles",500.0,1907,500,0.26219192147254944,1407.0,665.9725952148438,741.0274047851562,38.85828027190122
"HUST","HUST_7-6.pkl","life_fraction","20%",0.20000000298023224,1450,290,0.20000000298023224,1160.0,660.0753784179688,499.92462158203125,34.4775601091056
"HUST","HUST_7-6.pkl","life_fraction","40%",0.4000000059604645,1450,580,0.4000000059604645,870.0,690.1954345703125,179.8045654296875,12.400314857219827
"HUST","HUST_7-6.pkl","life_fraction","60%",0.6000000238418579,1450,870,0.6000000238418579,580.0,718.344970703125,138.344970703125,9.541032462284482
"HUST","HUST_7-6.pkl","life_fraction","80%",0.800000011920929,1450,1160,0.800000011920929,290.0,722.2493896484375,432.2493896484375,29.810302734375
"HUST","HUST_7-6.pkl","absolute_cycle","20_cycles",20.0,1450,20,0.013793103396892548,1430.0,501.3619079589844,928.6380615234375,64.04400424299568
"HUST","HUST_7-6.pkl","absolute_cycle","50_cycles",50.0,1450,50,0.03448275849223137,1400.0,567.2766723632812,832.7233276367188,57.42919500942888
"HUST","HUST_7-6.pkl","absolute_cycle","100_cycles",100.0,1450,100,0.06896551698446274,1350.0,608.0648803710938,741.9351196289062,51.16793928475216
"HUST","HUST_7-6.pkl","absolute_cycle","200_cycles",200.0,1450,200,0.13793103396892548,1250.0,642.5253295898438,607.4746704101562,41.89480485587284
"HUST","HUST_7-6.pkl","absolute_cycle","500_cycles",500.0,1450,500,0.3448275923728943,950.0,683.3670654296875,266.6329345703125,18.38847824622845
"HUST","HUST_7-7.pkl","life_fraction","20%",0.20000000298023224,1726,345,0.19988413155078888,1381.0,680.1303100585938,700.8696899414062,40.6065869027466
"HUST","HUST_7-7.pkl","life_fraction","40%",0.4000000059604645,1726,690,0.39976826310157776,1036.0,716.979736328125,319.020263671875,18.48321342247248
"HUST","HUST_7-7.pkl","life_fraction","60%",0.6000000238418579,1726,1036,0.6002317667007446,690.0,754.11181640625,64.11181640625,3.7144737199449596
"HUST","HUST_7-7.pkl","life_fraction","80%",0.800000011920929,1726,1381,0.8001158833503723,345.0,766.472900390625,421.472900390625,24.419055642562284
"HUST","HUST_7-7.pkl","absolute_cycle","20_cycles",20.0,1726,20,0.011587485671043396,1706.0,496.5890197753906,1209.4110107421875,70.07016284717193
"HUST","HUST_7-7.pkl","absolute_cycle","50_cycles",50.0,1726,50,0.02896871417760849,1676.0,567.9469604492188,1108.052978515625,64.19773919557502
"HUST","HUST_7-7.pkl","absolute_cycle","100_cycles",100.0,1726,100,0.05793742835521698,1626.0,614.2091064453125,1011.7908935546875,58.620561619622684
"HUST","HUST_7-7.pkl","absolute_cycle","200_cycles",200.0,1726,200,0.11587485671043396,1526.0,652.848876953125,873.151123046875,50.588129956365876
"HUST","HUST_7-7.pkl","absolute_cycle","500_cycles",500.0,1726,500,0.2896871268749237,1226.0,698.7396240234375,527.2603759765625,30.54810984800478
"HUST","HUST_7-8.pkl","life_fraction","20%",0.20000000298023224,1975,395,0.20000000298023224,1580.0,660.062744140625,919.937255859375,46.5791015625
"HUST","HUST_7-8.pkl","life_fraction","40%",0.4000000059604645,1975,790,0.4000000059604645,1185.0,703.1611938476562,481.83880615234375,24.39690157733386
"HUST","HUST_7-8.pkl","life_fraction","60%",0.6000000238418579,1975,1185,0.6000000238418579,790.0,748.8424072265625,41.1575927734375,2.083928748022152
"HUST","HUST_7-8.pkl","life_fraction","80%",0.800000011920929,1975,1580,0.800000011920929,395.0,766.6646728515625,371.6646728515625,18.81846444818038
"HUST","HUST_7-8.pkl","absolute_cycle","20_cycles",20.0,1975,20,0.010126582346856594,1955.0,503.09246826171875,1451.907470703125,73.51430231408227
"HUST","HUST_7-8.pkl","absolute_cycle","50_cycles",50.0,1975,50,0.025316456332802773,1925.0,559.4454956054688,1365.554443359375,69.14199713212025
"HUST","HUST_7-8.pkl","absolute_cycle","100_cycles",100.0,1975,100,0.050632912665605545,1875.0,596.8963012695312,1278.103759765625,64.71411441851266
"HUST","HUST_7-8.pkl","absolute_cycle","200_cycles",200.0,1975,200,0.10126582533121109,1775.0,629.5625610351562,1145.4375,57.99683544303797
"HUST","HUST_7-8.pkl","absolute_cycle","500_cycles",500.0,1975,500,0.2531645596027374,1475.0,673.716552734375,801.283447265625,40.57131378560127
"HUST","HUST_8-1.pkl","life_fraction","20%",0.20000000298023224,1338,268,0.2002989500761032,1070.0,650.8702392578125,419.1297607421875,31.325094225873507
"HUST","HUST_8-1.pkl","life_fraction","40%",0.4000000059604645,1338,535,0.3998505175113678,803.0,678.906982421875,124.093017578125,9.274515514060164
"HUST","HUST_8-1.pkl","life_fraction","60%",0.6000000238418579,1338,803,0.6001494526863098,535.0,698.921142578125,163.921142578125,12.251206470711884
"HUST","HUST_8-1.pkl","life_fraction","80%",0.800000011920929,1338,1070,0.7997010350227356,268.0,687.9732666015625,419.9732666015625,31.388136517306613
"HUST","HUST_8-1.pkl","absolute_cycle","20_cycles",20.0,1338,20,0.014947683550417423,1318.0,496.0500183105469,821.949951171875,61.43123700836136
"HUST","HUST_8-1.pkl","absolute_cycle","50_cycles",50.0,1338,50,0.03736920654773712,1288.0,561.0322265625,726.9677734375,54.332419539424514
"HUST","HUST_8-1.pkl","absolute_cycle","100_cycles",100.0,1338,100,0.07473841309547424,1238.0,603.1007080078125,634.8992919921875,47.45136711451327
"HUST","HUST_8-1.pkl","absolute_cycle","200_cycles",200.0,1338,200,0.1494768261909485,1138.0,638.610107421875,499.389892578125,37.32360931077167
"HUST","HUST_8-1.pkl","absolute_cycle","500_cycles",500.0,1338,500,0.3736920654773712,838.0,676.4390869140625,161.5609130859375,12.074806658141815
"HUST","HUST_8-2.pkl","life_fraction","20%",0.20000000298023224,2100,420,0.20000000298023224,1680.0,655.030029296875,1024.969970703125,48.80809384300595
"HUST","HUST_8-2.pkl","life_fraction","40%",0.4000000059604645,2100,840,0.4000000059604645,1260.0,688.8326416015625,571.1673583984375,27.198445638020832
"HUST","HUST_8-2.pkl","life_fraction","60%",0.6000000238418579,2100,1260,0.6000000238418579,840.0,710.0029907226562,129.99700927734375,6.190333775111607
"HUST","HUST_8-2.pkl","life_fraction","80%",0.800000011920929,2100,1680,0.800000011920929,420.0,705.0635986328125,285.0635986328125,13.574457077752976
"HUST","HUST_8-2.pkl","absolute_cycle","20_cycles",20.0,2100,20,0.009523809887468815,2080.0,491.3569641113281,1588.64306640625,75.64966982886905
"HUST","HUST_8-2.pkl","absolute_cycle","50_cycles",50.0,2100,50,0.02380952425301075,2050.0,552.7470703125,1497.2529296875,71.29775855654762
"HUST","HUST_8-2.pkl","absolute_cycle","100_cycles",100.0,2100,100,0.0476190485060215,2000.0,594.9366455078125,1405.0633544921875,66.90777878534226
"HUST","HUST_8-2.pkl","absolute_cycle","200_cycles",200.0,2100,200,0.095238097012043,1900.0,628.2406616210938,1271.75927734375,60.55996558779762
"HUST","HUST_8-2.pkl","absolute_cycle","500_cycles",500.0,2100,500,0.2380952388048172,1600.0,661.9194946289062,938.0805053710938,44.67050025576637
"HUST","HUST_8-3.pkl","life_fraction","20%",0.20000000298023224,2338,468,0.2001710832118988,1870.0,654.0028686523438,1215.9970703125,52.01013987649701
"HUST","HUST_8-3.pkl","life_fraction","40%",0.4000000059604645,2338,935,0.3999144434928894,1403.0,696.5994873046875,706.4005126953125,30.21387992708779
"HUST","HUST_8-3.pkl","life_fraction","60%",0.6000000238418579,2338,1403,0.6000855565071106,935.0,734.9459838867188,200.05401611328125,8.556630287137779
"HUST","HUST_8-3.pkl","life_fraction","80%",0.800000011920929,2338,1870,0.7998288869857788,468.0,751.9871826171875,283.9871826171875,12.146586082856608
"HUST","HUST_8-3.pkl","absolute_cycle","20_cycles",20.0,2338,20,0.008554319851100445,2318.0,499.33416748046875,1818.665771484375,77.78724428932314
"HUST","HUST_8-3.pkl","absolute_cycle","50_cycles",50.0,2338,50,0.0213858000934124,2288.0,549.6380004882812,1738.362060546875,74.3525261140665
"HUST","HUST_8-3.pkl","absolute_cycle","100_cycles",100.0,2338,100,0.0427716001868248,2238.0,587.7185668945312,1650.281494140625,70.58517939010372
"HUST","HUST_8-3.pkl","absolute_cycle","200_cycles",200.0,2338,200,0.0855432003736496,2138.0,619.3033447265625,1518.6966552734375,64.95708534103667
"HUST","HUST_8-3.pkl","absolute_cycle","500_cycles",500.0,2338,500,0.2138579934835434,1838.0,656.9730224609375,1181.0269775390625,50.51441306839446
"HUST","HUST_8-4.pkl","life_fraction","20%",0.20000000298023224,1938,388,0.20020639896392822,1550.0,651.7803955078125,898.2196044921875,46.347760809710394
"HUST","HUST_8-4.pkl","life_fraction","40%",0.4000000059604645,1938,775,0.3998968005180359,1163.0,679.13623046875,483.86376953125,24.967170770446337
"HUST","HUST_8-4.pkl","life_fraction","60%",0.6000000238418579,1938,1163,0.6001031994819641,775.0,710.4228515625,64.5771484375,3.332154202141383
"HUST","HUST_8-4.pkl","life_fraction","80%",0.800000011920929,1938,1550,0.7997936010360718,388.0,717.7254028320312,329.72540283203125,17.0136946765754
"HUST","HUST_8-4.pkl","absolute_cycle","20_cycles",20.0,1938,20,0.01031991746276617,1918.0,492.37506103515625,1425.625,73.56166150670795
"HUST","HUST_8-4.pkl","absolute_cycle","50_cycles",50.0,1938,50,0.025799794122576714,1888.0,553.46337890625,1334.53662109375,68.86153875612744
"HUST","HUST_8-4.pkl","absolute_cycle","100_cycles",100.0,1938,100,0.05159958824515343,1838.0,593.2811279296875,1244.7188720703125,64.22697998298825
"HUST","HUST_8-4.pkl","absolute_cycle","200_cycles",200.0,1938,200,0.10319917649030685,1738.0,626.7955322265625,1111.2044677734375,57.33769183557469
"HUST","HUST_8-4.pkl","absolute_cycle","500_cycles",500.0,1938,500,0.25799793004989624,1438.0,660.0703125,777.9296875,40.14085074819401
"HUST","HUST_8-5.pkl","life_fraction","20%",0.20000000298023224,1382,276,0.19971056282520294,1106.0,666.5650634765625,439.4349365234375,31.79702869199982
"HUST","HUST_8-5.pkl","life_fraction","40%",0.4000000059604645,1382,553,0.4001447260379791,829.0,695.8331298828125,133.1668701171875,9.635808257394174
"HUST","HUST_8-5.pkl","life_fraction","60%",0.6000000238418579,1382,829,0.5998553037643433,553.0,717.007080078125,164.007080078125,11.867371930399782
"HUST","HUST_8-5.pkl","life_fraction","80%",0.800000011920929,1382,1106,0.8002894520759583,276.0,706.0517578125,430.0517578125,31.11807220061505
"HUST","HUST_8-5.pkl","absolute_cycle","20_cycles",20.0,1382,20,0.014471779577434063,1362.0,503.7794189453125,858.2205810546875,62.09989732667782
"HUST","HUST_8-5.pkl","absolute_cycle","50_cycles",50.0,1382,50,0.036179449409246445,1332.0,573.0045166015625,758.9954833984375,54.920078393519354
"HUST","HUST_8-5.pkl","absolute_cycle","100_cycles",100.0,1382,100,0.07235889881849289,1282.0,615.3313598632812,666.6686401367188,48.239409561267635
"HUST","HUST_8-5.pkl","absolute_cycle","200_cycles",200.0,1382,200,0.14471779763698578,1182.0,650.6707153320312,531.3292846679688,38.44640265325389
"HUST","HUST_8-5.pkl","absolute_cycle","500_cycles",500.0,1382,500,0.36179450154304504,882.0,692.2376098632812,189.76239013671875,13.730997839125815
"HUST","HUST_8-6.pkl","life_fraction","20%",0.20000000298023224,2436,487,0.19991789758205414,1949.0,657.8134155273438,1291.1865234375,53.00437288331281
"HUST","HUST_8-6.pkl","life_fraction","40%",0.4000000059604645,2436,974,0.3998357951641083,1462.0,692.1533203125,769.8466796875,31.602901465004106
"HUST","HUST_8-6.pkl","life_fraction","60%",0.6000000238418579,2436,1462,0.6001641750335693,974.0,714.331298828125,259.668701171875,10.65963469506876
"HUST","HUST_8-6.pkl","life_fraction","80%",0.800000011920929,2436,1949,0.8000820875167847,487.0,705.835693359375,218.835693359375,8.983402847264983
"HUST","HUST_8-6.pkl","absolute_cycle","20_cycles",20.0,2436,20,0.008210180327296257,2416.0,489.69708251953125,1926.302978515625,79.07647695055933
"HUST","HUST_8-6.pkl","absolute_cycle","50_cycles",50.0,2436,50,0.020525451749563217,2386.0,550.5950927734375,1835.4049072265625,75.3450290322891
"HUST","HUST_8-6.pkl","absolute_cycle","100_cycles",100.0,2436,100,0.041050903499126434,2336.0,593.7976684570312,1742.202392578125,71.51898163292796
"HUST","HUST_8-6.pkl","absolute_cycle","200_cycles",200.0,2436,200,0.08210180699825287,2236.0,627.453857421875,1608.546142578125,66.03227186281302
"HUST","HUST_8-6.pkl","absolute_cycle","500_cycles",500.0,2436,500,0.20525451004505157,1936.0,658.6241455078125,1277.3758544921875,52.43743245041821
"HUST","HUST_8-7.pkl","life_fraction","20%",0.20000000298023224,2116,423,0.19990548491477966,1693.0,651.8849487304688,1041.114990234375,49.20203167459239
"HUST","HUST_8-7.pkl","life_fraction","40%",0.4000000059604645,2116,846,0.3998109698295593,1270.0,678.8460083007812,591.1539916992188,27.93733420128633
"HUST","HUST_8-7.pkl","life_fraction","60%",0.6000000238418579,2116,1270,0.6001890301704407,846.0,697.344970703125,148.655029296875,7.025284938415643
"HUST","HUST_8-7.pkl","life_fraction","80%",0.800000011920929,2116,1693,0.8000945448875427,423.0,696.4960327148438,273.49603271484375,12.925143323007738
"HUST","HUST_8-7.pkl","absolute_cycle","20_cycles",20.0,2116,20,0.009451796300709248,2096.0,491.5452880859375,1604.4547119140625,75.82489186739426
"HUST","HUST_8-7.pkl","absolute_cycle","50_cycles",50.0,2116,50,0.02362949028611183,2066.0,552.4034423828125,1513.5965576171875,71.53102824277823
"HUST","HUST_8-7.pkl","absolute_cycle","100_cycles",100.0,2116,100,0.04725898057222366,2016.0,594.3197631835938,1421.68017578125,67.18715386489839
"HUST","HUST_8-7.pkl","absolute_cycle","200_cycles",200.0,2116,200,0.09451796114444733,1916.0,627.4304809570312,1288.569580078125,60.896482990459596
"HUST","HUST_8-7.pkl","absolute_cycle","500_cycles",500.0,2116,500,0.23629489541053772,1616.0,656.8023681640625,959.1976318359375,45.33070093742616
"HUST","HUST_8-8.pkl","life_fraction","20%",0.20000000298023224,1722,344,0.19976770877838135,1378.0,635.5610961914062,742.4389038085938,43.114918920359685
"HUST","HUST_8-8.pkl","life_fraction","40%",0.4000000059604645,1722,689,0.4001161456108093,1033.0,669.362548828125,363.637451171875,21.117157443198316
"HUST","HUST_8-8.pkl","life_fraction","60%",0.6000000238418579,1722,1033,0.5998838543891907,689.0,702.072509765625,13.072509765625,0.7591469085728804
"HUST","HUST_8-8.pkl","life_fraction","80%",0.800000011920929,1722,1378,0.8002322912216187,344.0,721.9259643554688,377.92596435546875,21.946920113558
"HUST","HUST_8-8.pkl","absolute_cycle","20_cycles",20.0,1722,20,0.011614401824772358,1702.0,498.5389099121094,1203.4610595703125,69.88740183335148
"HUST","HUST_8-8.pkl","absolute_cycle","50_cycles",50.0,1722,50,0.029036004096269608,1672.0,547.0632934570312,1124.936767578125,65.32733841917103
"HUST","HUST_8-8.pkl","absolute_cycle","100_cycles",100.0,1722,100,0.058072008192539215,1622.0,585.160888671875,1036.839111328125,60.21133050685975
"HUST","HUST_8-8.pkl","absolute_cycle","200_cycles",200.0,1722,200,0.11614401638507843,1522.0,616.7188720703125,905.2811279296875,52.571494072571866
"HUST","HUST_8-8.pkl","absolute_cycle","500_cycles",500.0,1722,500,0.2903600335121155,1222.0,651.11083984375,570.88916015625,33.152680613022646
"HUST","HUST_9-1.pkl","life_fraction","20%",0.20000000298023224,2106,421,0.19990503787994385,1685.0,646.6383056640625,1038.3616943359375,49.30492375764186
"HUST","HUST_9-1.pkl","life_fraction","40%",0.4000000059604645,2106,842,0.3998100757598877,1264.0,685.655517578125,578.344482421875,27.461751302083332
"HUST","HUST_9-1.pkl","life_fraction","60%",0.6000000238418579,2106,1264,0.6001899242401123,842.0,725.37890625,116.62109375,5.537563805792972
"HUST","HUST_9-1.pkl","life_fraction","80%",0.800000011920929,2106,1685,0.8000949621200562,421.0,768.0825805664062,347.08258056640625,16.48065434788254
"HUST","HUST_9-1.pkl","absolute_cycle","20_cycles",20.0,2106,20,0.009496675804257393,2086.0,495.6972351074219,1590.302734375,75.51295035018994
"HUST","HUST_9-1.pkl","absolute_cycle","50_cycles",50.0,2106,50,0.023741690441966057,2056.0,543.4074096679688,1512.592529296875,71.82300708912037
"HUST","HUST_9-1.pkl","absolute_cycle","100_cycles",100.0,2106,100,0.047483380883932114,2006.0,583.4149169921875,1422.5850830078125,67.54914924063686
"HUST","HUST_9-1.pkl","absolute_cycle","200_cycles",200.0,2106,200,0.09496676176786423,1906.0,618.3118286132812,1287.688232421875,61.14379071328941
"HUST","HUST_9-1.pkl","absolute_cycle","500_cycles",500.0,2106,500,0.23741690814495087,1606.0,653.8426513671875,952.1573486328125,45.211649982564694
"HUST","HUST_9-2.pkl","life_fraction","20%",0.20000000298023224,2189,438,0.20009136199951172,1751.0,660.4969482421875,1090.5030517578125,49.81740757230756
"HUST","HUST_9-2.pkl","life_fraction","40%",0.4000000059604645,2189,876,0.40018272399902344,1313.0,707.5806884765625,605.4193115234375,27.657346346433872
"HUST","HUST_9-2.pkl","life_fraction","60%",0.6000000238418579,2189,1313,0.5998172760009766,876.0,755.149169921875,120.850830078125,5.520823667342394
"HUST","HUST_9-2.pkl","life_fraction","80%",0.800000011920929,2189,1751,0.7999086380004883,438.0,779.62939453125,341.62939453125,15.606642052592507
"HUST","HUST_9-2.pkl","absolute_cycle","20_cycles",20.0,2189,20,0.009136592037975788,2169.0,500.0408630371094,1668.9591064453125,76.24299252833771
"HUST","HUST_9-2.pkl","absolute_cycle","50_cycles",50.0,2189,50,0.022841479629278183,2139.0,554.494384765625,1584.505615234375,72.38490704588283
"HUST","HUST_9-2.pkl","absolute_cycle","100_cycles",100.0,2189,100,0.045682959258556366,2089.0,593.8356323242188,1495.164306640625,68.30353159619118
"HUST","HUST_9-2.pkl","absolute_cycle","200_cycles",200.0,2189,200,0.09136591851711273,1989.0,626.510009765625,1362.489990234375,62.24257607283577
"HUST","HUST_9-2.pkl","absolute_cycle","500_cycles",500.0,2189,500,0.22841480374336243,1689.0,667.6226806640625,1021.3773193359375,46.65953948542428
"HUST","HUST_9-3.pkl","life_fraction","20%",0.20000000298023224,1946,389,0.19989722967147827,1557.0,644.550048828125,912.449951171875,46.8884866994797
"HUST","HUST_9-3.pkl","life_fraction","40%",0.4000000059604645,1946,778,0.39979445934295654,1168.0,682.4017944335938,485.59820556640625,24.953659073299395
"HUST","HUST_9-3.pkl","life_fraction","60%",0.6000000238418579,1946,1168,0.6002055406570435,778.0,718.236572265625,59.763427734375,3.071090839382066
"HUST","HUST_9-3.pkl","life_fraction","80%",0.800000011920929,1946,1557,0.8001027703285217,389.0,746.1370239257812,357.13702392578125,18.352365052712294
"HUST","HUST_9-3.pkl","absolute_cycle","20_cycles",20.0,1946,20,0.010277491994202137,1926.0,497.7320861816406,1428.2679443359375,73.39506394326503
"HUST","HUST_9-3.pkl","absolute_cycle","50_cycles",50.0,1946,50,0.025693731382489204,1896.0,547.6649169921875,1348.3350830078125,69.28751711242613
"HUST","HUST_9-3.pkl","absolute_cycle","100_cycles",100.0,1946,100,0.05138746276497841,1846.0,586.662353515625,1259.337646484375,64.71416477309224
"HUST","HUST_9-3.pkl","absolute_cycle","200_cycles",200.0,1946,200,0.10277492552995682,1746.0,619.6359252929688,1126.364013671875,57.88098734182297
"HUST","HUST_9-3.pkl","absolute_cycle","500_cycles",500.0,1946,500,0.25693729519844055,1446.0,655.5792236328125,790.4207763671875,40.61771718228096
"HUST","HUST_9-4.pkl","life_fraction","20%",0.20000000298023224,2023,405,0.2001977264881134,1618.0,644.7514038085938,973.2485961914062,48.1091743050621
"HUST","HUST_9-4.pkl","life_fraction","40%",0.4000000059604645,2023,809,0.3999011516571045,1214.0,679.8052978515625,534.1947021484375,26.40606535582983
"HUST","HUST_9-4.pkl","life_fraction","60%",0.6000000238418579,2023,1214,0.6000988483428955,809.0,716.1160888671875,92.8839111328125,4.591394519664483
"HUST","HUST_9-4.pkl","life_fraction","80%",0.800000011920929,2023,1618,0.799802303314209,405.0,748.8909912109375,343.8909912109375,16.999060366334035
"HUST","HUST_9-4.pkl","absolute_cycle","20_cycles",20.0,2023,20,0.009886307641863823,2003.0,497.0269775390625,1505.9730224609375,74.44256166391189
"HUST","HUST_9-4.pkl","absolute_cycle","50_cycles",50.0,2023,50,0.024715768173336983,1973.0,545.0676879882812,1427.932373046875,70.58489238986036
"HUST","HUST_9-4.pkl","absolute_cycle","100_cycles",100.0,2023,100,0.049431536346673965,1923.0,584.3824462890625,1338.6175537109375,66.1699235645545
"HUST","HUST_9-4.pkl","absolute_cycle","200_cycles",200.0,2023,200,0.09886307269334793,1823.0,618.2400512695312,1204.760009765625,59.55313938534973
"HUST","HUST_9-4.pkl","absolute_cycle","500_cycles",500.0,2023,500,0.24715769290924072,1523.0,653.4131469726562,869.5868530273438,42.985014979107454
"HUST","HUST_9-5.pkl","life_fraction","20%",0.20000000298023224,2230,446,0.20000000298023224,1784.0,648.031005859375,1135.968994140625,50.94031363859305
"HUST","HUST_9-5.pkl","life_fraction","40%",0.4000000059604645,2230,892,0.4000000059604645,1338.0,687.5732421875,650.4267578125,29.16711918441704
"HUST","HUST_9-5.pkl","life_fraction","60%",0.6000000238418579,2230,1338,0.6000000238418579,892.0,725.7659301757812,166.23406982421875,7.454442593014294
"HUST","HUST_9-5.pkl","life_fraction","80%",0.800000011920929,2230,1784,0.800000011920929,446.0,755.379638671875,309.379638671875,13.873526397841928
"HUST","HUST_9-5.pkl","absolute_cycle","20_cycles",20.0,2230,20,0.008968610316514969,2210.0,497.22698974609375,1712.77294921875,76.80596184837444
"HUST","HUST_9-5.pkl","absolute_cycle","50_cycles",50.0,2230,50,0.022421523928642273,2180.0,546.340087890625,1633.659912109375,73.25829202284193
"HUST","HUST_9-5.pkl","absolute_cycle","100_cycles",100.0,2230,100,0.044843047857284546,2130.0,585.9834594726562,1544.0166015625,69.23841262612108
"HUST","HUST_9-5.pkl","absolute_cycle","200_cycles",200.0,2230,200,0.08968609571456909,2030.0,619.433837890625,1410.566162109375,63.25408798696749
"HUST","HUST_9-5.pkl","absolute_cycle","500_cycles",500.0,2230,500,0.22421523928642273,1730.0,653.5894775390625,1076.4105224609375,48.26953015519899
"HUST","HUST_9-6.pkl","life_fraction","20%",0.20000000298023224,1793,359,0.20022308826446533,1434.0,640.1912841796875,793.8087158203125,44.2726556508819
"HUST","HUST_9-6.pkl","life_fraction","40%",0.4000000059604645,1793,717,0.39988845586776733,1076.0,677.0679931640625,398.9320068359375,22.24941477054866
"HUST","HUST_9-6.pkl","life_fraction","60%",0.6000000238418579,1793,1076,0.6001115441322327,717.0,714.6165161132812,2.38348388671875,0.13293273210924428
"HUST","HUST_9-6.pkl","life_fraction","80%",0.800000011920929,1793,1434,0.7997769117355347,359.0,760.5406494140625,401.5406494140625,22.394905154158533
"HUST","HUST_9-6.pkl","absolute_cycle","20_cycles",20.0,1793,20,0.01115448959171772,1773.0,496.3631896972656,1276.6368408203125,71.20116234357572
"HUST","HUST_9-6.pkl","absolute_cycle","50_cycles",50.0,1793,50,0.027886224910616875,1743.0,544.40283203125,1198.59716796875,66.8486987154908
"HUST","HUST_9-6.pkl","absolute_cycle","100_cycles",100.0,1793,100,0.05577244982123375,1693.0,584.3974609375,1108.6025390625,61.82947791759621
"HUST","HUST_9-6.pkl","absolute_cycle","200_cycles",200.0,1793,200,0.1115448996424675,1593.0,618.2152709960938,974.7847290039062,54.366131009699174
"HUST","HUST_9-6.pkl","absolute_cycle","500_cycles",500.0,1793,500,0.27886223793029785,1293.0,654.9383544921875,638.0616455078125,35.58626020679378
"HUST","HUST_9-7.pkl","life_fraction","20%",0.20000000298023224,2061,412,0.1999029666185379,1649.0,660.5499877929688,988.4500122070312,47.95972887952602
"HUST","HUST_9-7.pkl","life_fraction","40%",0.4000000059604645,2061,824,0.3998059332370758,1237.0,705.8353271484375,531.1646728515625,25.772182088867662
"HUST","HUST_9-7.pkl","life_fraction","60%",0.6000000238418579,2061,1237,0.6001940965652466,824.0,752.852294921875,71.147705078125,3.4520963162603104
"HUST","HUST_9-7.pkl","life_fraction","80%",0.800000011920929,2061,1649,0.8000970482826233,412.0,805.176513671875,393.176513671875,19.07697785889738
"HUST","HUST_9-7.pkl","absolute_cycle","20_cycles",20.0,2061,20,0.009704027324914932,2041.0,499.6981506347656,1541.3018798828125,74.78417660760856
"HUST","HUST_9-7.pkl","absolute_cycle","50_cycles",50.0,2061,50,0.02426006831228733,2011.0,553.5828857421875,1457.4171142578125,70.71407638320294
"HUST","HUST_9-7.pkl","absolute_cycle","100_cycles",100.0,2061,100,0.04852013662457466,1961.0,593.1400146484375,1367.8599853515625,66.36875232176432
"HUST","HUST_9-7.pkl","absolute_cycle","200_cycles",200.0,2061,200,0.09704027324914932,1861.0,626.5018920898438,1234.498046875,59.89801294881126
"HUST","HUST_9-7.pkl","absolute_cycle","500_cycles",500.0,2061,500,0.242600679397583,1561.0,670.999267578125,890.000732421875,43.18295644938743
"HUST","HUST_9-8.pkl","life_fraction","20%",0.20000000298023224,2377,475,0.19983172416687012,1902.0,652.8439331054688,1249.156005859375,52.55178821452987
"HUST","HUST_9-8.pkl","life_fraction","40%",0.4000000059604645,2377,951,0.40008413791656494,1426.0,695.0836181640625,730.9163818359375,30.749532260662075
"HUST","HUST_9-8.pkl","life_fraction","60%",0.6000000238418579,2377,1426,0.5999158620834351,951.0,734.8992919921875,216.1007080078125,9.091321329735486
"HUST","HUST_9-8.pkl","life_fraction","80%",0.800000011920929,2377,1902,0.8001682758331299,475.0,746.7493286132812,271.74932861328125,11.432449668207036
"HUST","HUST_9-8.pkl","absolute_cycle","20_cycles",20.0,2377,20,0.008413966745138168,2357.0,499.7036437988281,1857.29638671875,78.13615425825621
"HUST","HUST_9-8.pkl","absolute_cycle","50_cycles",50.0,2377,50,0.02103491872549057,2327.0,549.5694580078125,1777.4305419921875,74.77621127438736
"HUST","HUST_9-8.pkl","absolute_cycle","100_cycles",100.0,2377,100,0.04206983745098114,2277.0,588.0667724609375,1688.9332275390625,71.05314377530763
"HUST","HUST_9-8.pkl","absolute_cycle","200_cycles",200.0,2377,200,0.08413967490196228,2177.0,619.3297119140625,1557.6702880859375,65.53093344913493
"HUST","HUST_9-8.pkl","absolute_cycle","500_cycles",500.0,2377,500,0.2103491723537445,1877.0,655.536376953125,1221.463623046875,51.3867742131626
